2026-01-30 15:03:25,259 INFO [Main] System Starting...
2026-01-30 15:03:25,259 INFO [Main] Config: Local Buffer = C:\Users\sky.lo\Desktop\AutoPhote\temp_buffer
2026-01-30 15:03:25,259 INFO [Main] Config: Remote Storage = D:\AutoPhote-main\Server_Storage
2026-01-30 15:03:25,260 ERROR [FileService] Failed to create directory C:\Users\sky.lo\Desktop\AutoPhote\temp_buffer: [WinError 5] 存取被拒。: 'C:\\Users\\sky.lo'
2026-01-30 15:03:25,261 INFO [FileService] Created directory: D:\AutoPhote-main\Server_Storage
2026-01-30 15:03:26,129 INFO [CaptureService] Initializing 5 cameras... (Real Hardware: True)
2026-01-30 15:03:26,130 INFO [HikHardware] Connecting to Camera 1 (192.168.1.101)...
2026-01-30 15:03:26,439 ERROR [HikHardware] Camera 1 not found in device list.
2026-01-30 15:03:26,441 ERROR [CaptureService] Failed to connect to Camera 1
2026-01-30 15:03:26,442 INFO [HikHardware] Connecting to Camera 2 (192.168.1.102)...
2026-01-30 15:03:26,672 ERROR [HikHardware] Camera 2 not found in device list.
2026-01-30 15:03:26,673 ERROR [CaptureService] Failed to connect to Camera 2
2026-01-30 15:03:26,674 INFO [HikHardware] Connecting to Camera 3 (192.168.1.103)...
2026-01-30 15:03:26,893 ERROR [HikHardware] Camera 3 not found in device list.
2026-01-30 15:03:26,894 ERROR [CaptureService] Failed to connect to Camera 3
2026-01-30 15:03:26,895 INFO [HikHardware] Connecting to Camera 4 (192.168.1.104)...
2026-01-30 15:03:27,112 ERROR [HikHardware] Camera 4 not found in device list.
2026-01-30 15:03:27,113 ERROR [CaptureService] Failed to connect to Camera 4
2026-01-30 15:03:27,114 INFO [HikHardware] Connecting to Camera 5 (192.168.1.105)...
2026-01-30 15:03:27,332 ERROR [HikHardware] Camera 5 not found in device list.
2026-01-30 15:03:27,333 ERROR [CaptureService] Failed to connect to Camera 5
2026-01-30 15:03:27,334 INFO [CaptureService] All cameras initialized.
2026-01-30 15:03:27,335 INFO [CaptureService] Starting live preview for all cameras...
2026-01-30 15:03:27,338 INFO [UploadService] Upload Manager started.
2026-01-30 15:03:27,339 INFO [Main] UI Ready. Entering Main Loop.
2026-01-30 15:07:45,260 INFO [Main] System Starting...
2026-01-30 15:07:45,261 INFO [Main] Config: Local Buffer = C:\Users\sky.lo\Desktop\AutoPhote\temp_buffer
2026-01-30 15:07:45,261 INFO [Main] Config: Remote Storage = D:\AutoPhote-main\Server_Storage
2026-01-30 15:07:45,262 ERROR [FileService] Failed to create directory C:\Users\sky.lo\Desktop\AutoPhote\temp_buffer: [WinError 5] 存取被拒。: 'C:\\Users\\sky.lo'
2026-01-30 15:07:45,511 INFO [CaptureService] Initializing 5 cameras... (Real Hardware: True)
2026-01-30 15:07:45,512 INFO [HikHardware] Connecting to Camera 1 (192.168.1.101)...
2026-01-30 15:07:45,746 ERROR [HikHardware] Camera 1 not found in device list.
2026-01-30 15:07:45,746 ERROR [CaptureService] Failed to connect to Camera 1
2026-01-30 15:07:45,747 INFO [HikHardware] Connecting to Camera 2 (192.168.1.102)...
2026-01-30 15:07:45,965 ERROR [HikHardware] Camera 2 not found in device list.
2026-01-30 15:07:45,965 ERROR [CaptureService] Failed to connect to Camera 2
2026-01-30 15:07:45,966 INFO [HikHardware] Connecting to Camera 3 (192.168.1.103)...
2026-01-30 15:07:46,187 ERROR [HikHardware] Camera 3 not found in device list.
2026-01-30 15:07:46,188 ERROR [CaptureService] Failed to connect to Camera 3
2026-01-30 15:07:46,189 INFO [HikHardware] Connecting to Camera 4 (192.168.1.104)...
2026-01-30 15:07:46,403 ERROR [HikHardware] Camera 4 not found in device list.
2026-01-30 15:07:46,404 ERROR [CaptureService] Failed to connect to Camera 4
2026-01-30 15:07:46,405 INFO [HikHardware] Connecting to Camera 5 (192.168.1.105)...
2026-01-30 15:07:46,622 ERROR [HikHardware] Camera 5 not found in device list.
2026-01-30 15:07:46,624 ERROR [CaptureService] Failed to connect to Camera 5
2026-01-30 15:07:46,624 INFO [CaptureService] All cameras initialized.
2026-01-30 15:07:46,625 INFO [CaptureService] Starting live preview for all cameras...
2026-01-30 15:07:46,628 INFO [UploadService] Upload Manager started.
2026-01-30 15:07:46,628 INFO [Main] UI Ready. Entering Main Loop.
2026-01-30 15:11:29,292 INFO [CaptureService] Stopping live preview...
2026-01-30 15:11:29,294 INFO [Main] UI: Snap Triggered
2026-01-30 15:11:29,294 INFO [CaptureService] Trigger received! Batch capture (Save=False).
2026-01-30 15:11:33,494 INFO [Main] UI: Confirm Triggered
2026-01-30 15:11:33,494 INFO [CaptureService] Confirming save for pending captures...
2026-01-30 15:11:33,494 INFO [CaptureService] Starting live preview for all cameras...
2026-01-30 15:14:17,259 INFO [Main] System Starting...
2026-01-30 15:14:17,260 INFO [Main] Config: Local Buffer = C:/Users/W00273/Downloads
2026-01-30 15:14:17,260 INFO [Main] Config: Remote Storage = D:\AutoPhote-main\Server_Storage
2026-01-30 15:14:17,459 INFO [CaptureService] Initializing 5 cameras... (Real Hardware: True)
2026-01-30 15:14:17,459 INFO [HikHardware] Connecting to Camera 1 (192.168.1.101)...
2026-01-30 15:14:17,695 ERROR [HikHardware] Camera 1 not found in device list.
2026-01-30 15:14:17,696 ERROR [CaptureService] Failed to connect to Camera 1
2026-01-30 15:14:17,696 INFO [HikHardware] Connecting to Camera 2 (192.168.1.102)...
2026-01-30 15:14:17,916 ERROR [HikHardware] Camera 2 not found in device list.
2026-01-30 15:14:17,917 ERROR [CaptureService] Failed to connect to Camera 2
2026-01-30 15:14:17,918 INFO [HikHardware] Connecting to Camera 3 (192.168.1.103)...
2026-01-30 15:14:18,140 ERROR [HikHardware] Camera 3 not found in device list.
2026-01-30 15:14:18,141 ERROR [CaptureService] Failed to connect to Camera 3
2026-01-30 15:14:18,141 INFO [HikHardware] Connecting to Camera 4 (192.168.1.104)...
2026-01-30 15:14:18,357 ERROR [HikHardware] Camera 4 not found in device list.
2026-01-30 15:14:18,358 ERROR [CaptureService] Failed to connect to Camera 4
2026-01-30 15:14:18,359 INFO [HikHardware] Connecting to Camera 5 (192.168.1.105)...
2026-01-30 15:14:18,574 ERROR [HikHardware] Camera 5 not found in device list.
2026-01-30 15:14:18,575 ERROR [CaptureService] Failed to connect to Camera 5
2026-01-30 15:14:18,576 INFO [CaptureService] All cameras initialized.
2026-01-30 15:14:18,576 INFO [CaptureService] Starting live preview for all cameras...
2026-01-30 15:14:18,578 INFO [UploadService] Upload Manager started.
2026-01-30 15:14:18,578 INFO [Main] UI Ready. Entering Main Loop.
2026-01-30 15:14:35,233 INFO [CaptureService] Stopping live preview...
2026-01-30 15:14:35,238 INFO [Main] UI: Snap Triggered
2026-01-30 15:14:35,239 INFO [CaptureService] Trigger received! Batch capture (Save=False).
2026-01-30 15:14:37,023 INFO [Main] UI: Confirm Triggered
2026-01-30 15:14:37,023 INFO [CaptureService] Confirming save for pending captures...
2026-01-30 15:14:37,024 INFO [CaptureService] Starting live preview for all cameras...
2026-01-30 15:20:13,033 INFO [CaptureService] Stopping live preview...
2026-01-30 15:20:13,036 INFO [Main] UI: Snap Triggered
2026-01-30 15:20:13,037 INFO [CaptureService] Trigger received! Batch capture (Save=False).
2026-01-30 15:20:15,020 INFO [Main] UI: Confirm Triggered
2026-01-30 15:20:15,022 INFO [CaptureService] Confirming save for pending captures...
2026-01-30 15:20:15,023 INFO [CaptureService] Starting live preview for all cameras...
2026-01-30 15:28:37,562 INFO [CaptureService] Stopping live preview...
2026-01-30 15:28:42,072 INFO [Main] System Starting...
2026-01-30 15:28:42,072 INFO [Main] Config: Local Buffer = C:/Users/W00273/Downloads
2026-01-30 15:28:42,072 INFO [Main] Config: Remote Storage = D:\AutoPhote-main\Server_Storage
2026-01-30 15:28:42,235 INFO [CaptureService] Initializing 5 cameras... (Real Hardware: True)
2026-01-30 15:28:42,235 INFO [HikHardware] Connecting to Camera 1 (192.168.1.101)...
2026-01-30 15:28:42,475 ERROR [HikHardware] Camera 1 not found in device list.
2026-01-30 15:28:42,475 ERROR [CaptureService] Failed to connect to Camera 1
2026-01-30 15:28:42,476 INFO [HikHardware] Connecting to Camera 2 (192.168.1.102)...
2026-01-30 15:28:42,695 ERROR [HikHardware] Camera 2 not found in device list.
2026-01-30 15:28:42,696 ERROR [CaptureService] Failed to connect to Camera 2
2026-01-30 15:28:42,697 INFO [HikHardware] Connecting to Camera 3 (192.168.1.103)...
2026-01-30 15:28:42,913 ERROR [HikHardware] Camera 3 not found in device list.
2026-01-30 15:28:42,914 ERROR [CaptureService] Failed to connect to Camera 3
2026-01-30 15:28:42,914 INFO [HikHardware] Connecting to Camera 4 (192.168.1.104)...
2026-01-30 15:28:43,133 ERROR [HikHardware] Camera 4 not found in device list.
2026-01-30 15:28:43,134 ERROR [CaptureService] Failed to connect to Camera 4
2026-01-30 15:28:43,134 INFO [HikHardware] Connecting to Camera 5 (192.168.1.105)...
2026-01-30 15:28:43,355 ERROR [HikHardware] Camera 5 not found in device list.
2026-01-30 15:28:43,355 ERROR [CaptureService] Failed to connect to Camera 5
2026-01-30 15:28:43,356 INFO [CaptureService] All cameras initialized.
2026-01-30 15:28:43,356 INFO [CaptureService] Starting live preview for all cameras...
2026-01-30 15:28:43,358 INFO [UploadService] Upload Manager started.
2026-01-30 15:28:43,358 INFO [Main] UI Ready. Entering Main Loop.
2026-01-30 15:43:41,603 INFO [CaptureService] Stopping live preview...
2026-01-30 15:43:41,608 INFO [Main] UI: Snap Triggered
2026-01-30 15:43:41,609 INFO [CaptureService] Trigger received! Batch capture (Save=False).
2026-01-30 15:43:49,291 INFO [CaptureService] Starting live preview for all cameras...
2026-01-30 15:43:49,292 INFO [Main] UI: Retake Triggered
2026-01-30 15:43:49,293 INFO [CaptureService] Discarding pending captures.
2026-01-30 15:47:15,269 INFO [Main] System Starting...
2026-01-30 15:47:15,270 INFO [Main] Config: Local Buffer = C:/Users/W00273/Downloads
2026-01-30 15:47:15,270 INFO [Main] Config: Remote Storage = D:\AutoPhote-main\Server_Storage
2026-01-30 15:47:15,500 INFO [CaptureService] Initializing 5 cameras... (Real Hardware: True)
2026-01-30 15:47:15,501 INFO [HikHardware] Connecting to Camera 1 (192.168.1.101)...
2026-01-30 15:47:15,768 ERROR [HikHardware] Camera 1 not found in device list.
2026-01-30 15:47:15,769 ERROR [CaptureService] Failed to connect to Camera 1
2026-01-30 15:47:15,769 INFO [HikHardware] Connecting to Camera 2 (192.168.1.102)...
2026-01-30 15:47:15,987 ERROR [HikHardware] Camera 2 not found in device list.
2026-01-30 15:47:15,987 ERROR [CaptureService] Failed to connect to Camera 2
2026-01-30 15:47:15,989 INFO [HikHardware] Connecting to Camera 3 (192.168.1.103)...
2026-01-30 15:47:16,204 ERROR [HikHardware] Camera 3 not found in device list.
2026-01-30 15:47:16,205 ERROR [CaptureService] Failed to connect to Camera 3
2026-01-30 15:47:16,206 INFO [HikHardware] Connecting to Camera 4 (192.168.1.104)...
2026-01-30 15:47:16,426 ERROR [HikHardware] Camera 4 not found in device list.
2026-01-30 15:47:16,427 ERROR [CaptureService] Failed to connect to Camera 4
2026-01-30 15:47:16,428 INFO [HikHardware] Connecting to Camera 5 (192.168.1.105)...
2026-01-30 15:47:16,646 ERROR [HikHardware] Camera 5 not found in device list.
2026-01-30 15:47:16,647 ERROR [CaptureService] Failed to connect to Camera 5
2026-01-30 15:47:16,648 INFO [CaptureService] All cameras initialized.
2026-01-30 15:47:16,649 INFO [CaptureService] Starting live preview for all cameras...
2026-01-30 15:47:16,651 INFO [UploadService] Upload Manager started.
2026-01-30 15:47:16,652 INFO [Main] UI Ready. Entering Main Loop.
2026-01-30 15:47:29,943 INFO [CaptureService] Stopping live preview...
2026-01-30 15:47:29,946 INFO [Main] UI: Snap Triggered
2026-01-30 15:47:29,946 INFO [CaptureService] Trigger received! Batch capture (Save=False).
2026-01-30 15:47:35,340 INFO [Main] UI: Confirm Triggered
2026-01-30 15:47:35,341 INFO [CaptureService] Confirming save for pending captures...
2026-01-30 15:47:35,342 INFO [CaptureService] Starting live preview for all cameras...
2026-01-30 15:49:31,863 INFO [Main] System Starting...
2026-01-30 15:49:31,863 INFO [Main] Config: Local Buffer = C:/Users/W00273/Downloads
2026-01-30 15:49:31,864 INFO [Main] Config: Remote Storage = D:\AutoPhote-main\Server_Storage
2026-01-30 15:49:32,044 INFO [CaptureService] Initializing 5 cameras... (Real Hardware: True)
2026-01-30 15:49:32,045 INFO [HikHardware] Connecting to Camera 1 (192.168.1.101)...
2026-01-30 15:49:32,277 ERROR [HikHardware] Camera 1 not found in device list.
2026-01-30 15:49:32,278 ERROR [CaptureService] Failed to connect to Camera 1
2026-01-30 15:49:32,279 INFO [HikHardware] Connecting to Camera 2 (192.168.1.102)...
2026-01-30 15:49:32,507 ERROR [HikHardware] Camera 2 not found in device list.
2026-01-30 15:49:32,507 ERROR [CaptureService] Failed to connect to Camera 2
2026-01-30 15:49:32,508 INFO [HikHardware] Connecting to Camera 3 (192.168.1.103)...
2026-01-30 15:49:32,725 ERROR [HikHardware] Camera 3 not found in device list.
2026-01-30 15:49:32,725 ERROR [CaptureService] Failed to connect to Camera 3
2026-01-30 15:49:32,726 INFO [HikHardware] Connecting to Camera 4 (192.168.1.104)...
2026-01-30 15:49:32,941 ERROR [HikHardware] Camera 4 not found in device list.
2026-01-30 15:49:32,943 ERROR [CaptureService] Failed to connect to Camera 4
2026-01-30 15:49:32,943 INFO [HikHardware] Connecting to Camera 5 (192.168.1.105)...
2026-01-30 15:49:33,161 ERROR [HikHardware] Camera 5 not found in device list.
2026-01-30 15:49:33,162 ERROR [CaptureService] Failed to connect to Camera 5
2026-01-30 15:49:33,163 INFO [CaptureService] All cameras initialized.
2026-01-30 15:49:33,163 INFO [CaptureService] Starting live preview for all cameras...
2026-01-30 15:49:33,164 INFO [UploadService] Upload Manager started.
2026-01-30 15:49:33,165 INFO [Main] UI Ready. Entering Main Loop.
2026-01-30 15:49:45,031 INFO [CaptureService] Stopping live preview...
2026-01-30 15:49:45,033 INFO [Main] UI: Snap Triggered
2026-01-30 15:49:45,034 INFO [CaptureService] Trigger received! Batch capture (Save=False).
2026-01-30 15:49:46,505 INFO [Main] UI: Confirm Triggered
2026-01-30 15:49:46,506 INFO [CaptureService] Confirming save for pending captures...
2026-01-30 15:49:46,507 INFO [CaptureService] Starting live preview for all cameras...
2026-01-30 15:49:56,477 INFO [CaptureService] Stopping live preview...
2026-01-30 15:49:56,479 INFO [Main] UI: Snap Triggered
2026-01-30 15:49:56,480 INFO [CaptureService] Trigger received! Batch capture (Save=False).
2026-01-30 15:49:59,518 INFO [Main] UI: Confirm Triggered
2026-01-30 15:49:59,519 INFO [CaptureService] Confirming save for pending captures...
2026-01-30 15:49:59,519 INFO [CaptureService] Starting live preview for all cameras...
2026-01-30 15:53:49,582 INFO [Main] System Starting...
2026-01-30 15:53:49,582 INFO [Main] Config: Local Buffer = C:/Users/W00273/Downloads
2026-01-30 15:53:49,582 INFO [Main] Config: Remote Storage = D:\AutoPhote-main\Server_Storage
2026-01-30 15:53:49,745 INFO [CaptureService] Initializing 5 cameras... (Real Hardware: False)
2026-01-30 15:53:49,860 INFO [Hardware] Camera 1 connected.
2026-01-30 15:53:49,971 INFO [Hardware] Camera 2 connected.
2026-01-30 15:53:50,082 INFO [Hardware] Camera 3 connected.
2026-01-30 15:53:50,192 INFO [Hardware] Camera 4 connected.
2026-01-30 15:53:50,303 INFO [Hardware] Camera 5 connected.
2026-01-30 15:53:50,304 INFO [CaptureService] All cameras initialized.
2026-01-30 15:53:50,304 INFO [CaptureService] Starting live preview for all cameras...
2026-01-30 15:53:50,305 INFO [UploadService] Upload Manager started.
2026-01-30 15:53:50,305 INFO [Main] UI Ready. Entering Main Loop.
2026-01-30 15:53:53,841 INFO [CaptureService] Stopping live preview...
2026-01-30 15:53:53,843 INFO [Main] UI: Snap Triggered
2026-01-30 15:53:53,844 INFO [CaptureService] Trigger received! Batch capture (Save=False).
2026-01-30 15:53:55,125 INFO [Main] UI: Confirm Triggered
2026-01-30 15:53:55,126 INFO [CaptureService] Confirming save for pending captures...
2026-01-30 15:53:55,426 INFO [FileService] Created directory: C:/Users/W00273/Downloads\UNKNOWN_20260130
2026-01-30 15:53:55,506 INFO [FileService] Saved image to C:/Users/W00273/Downloads\UNKNOWN_20260130\UNKNOWN_20260130_001.jpg (Q=80)
2026-01-30 15:53:55,515 INFO [FileService] Created directory: D:\AutoPhote-main\Server_Storage\UNKNOWN_20260130
2026-01-30 15:53:55,516 INFO [UploadService] Uploading C:/Users/W00273/Downloads\UNKNOWN_20260130\UNKNOWN_20260130_001.jpg (Attempt 1/3)...
2026-01-30 15:53:55,849 INFO [FileService] Saved image to C:/Users/W00273/Downloads\UNKNOWN_20260130\UNKNOWN_20260130_002.jpg (Q=80)
2026-01-30 15:53:56,040 INFO [FileService] Copied C:/Users/W00273/Downloads\UNKNOWN_20260130\UNKNOWN_20260130_001.jpg -> D:\AutoPhote-main\Server_Storage\UNKNOWN_20260130\UNKNOWN_20260130_001.jpg
2026-01-30 15:53:56,041 INFO [UploadService] Upload success (Copied): C:/Users/W00273/Downloads\UNKNOWN_20260130\UNKNOWN_20260130_001.jpg
2026-01-30 15:53:56,175 INFO [FileService] Saved image to C:/Users/W00273/Downloads\UNKNOWN_20260130\UNKNOWN_20260130_003.jpg (Q=80)
2026-01-30 15:53:56,476 INFO [FileService] Saved image to C:/Users/W00273/Downloads\UNKNOWN_20260130\UNKNOWN_20260130_004.jpg (Q=80)
2026-01-30 15:53:56,481 INFO [CaptureService] Starting live preview for all cameras...
2026-01-30 15:53:56,482 INFO [UploadService] Uploading C:/Users/W00273/Downloads\UNKNOWN_20260130\UNKNOWN_20260130_002.jpg (Attempt 1/3)...
2026-01-30 15:53:57,003 INFO [FileService] Copied C:/Users/W00273/Downloads\UNKNOWN_20260130\UNKNOWN_20260130_002.jpg -> D:\AutoPhote-main\Server_Storage\UNKNOWN_20260130\UNKNOWN_20260130_002.jpg
2026-01-30 15:53:57,004 INFO [UploadService] Upload success (Copied): C:/Users/W00273/Downloads\UNKNOWN_20260130\UNKNOWN_20260130_002.jpg
2026-01-30 15:53:57,005 INFO [UploadService] Uploading C:/Users/W00273/Downloads\UNKNOWN_20260130\UNKNOWN_20260130_003.jpg (Attempt 1/3)...
2026-01-30 15:53:57,537 INFO [FileService] Copied C:/Users/W00273/Downloads\UNKNOWN_20260130\UNKNOWN_20260130_003.jpg -> D:\AutoPhote-main\Server_Storage\UNKNOWN_20260130\UNKNOWN_20260130_003.jpg
2026-01-30 15:53:57,538 INFO [UploadService] Upload success (Copied): C:/Users/W00273/Downloads\UNKNOWN_20260130\UNKNOWN_20260130_003.jpg
2026-01-30 15:53:57,539 INFO [UploadService] Uploading C:/Users/W00273/Downloads\UNKNOWN_20260130\UNKNOWN_20260130_004.jpg (Attempt 1/3)...
2026-01-30 15:53:58,061 INFO [FileService] Copied C:/Users/W00273/Downloads\UNKNOWN_20260130\UNKNOWN_20260130_004.jpg -> D:\AutoPhote-main\Server_Storage\UNKNOWN_20260130\UNKNOWN_20260130_004.jpg
2026-01-30 15:53:58,061 INFO [UploadService] Upload success (Copied): C:/Users/W00273/Downloads\UNKNOWN_20260130\UNKNOWN_20260130_004.jpg
2026-01-30 15:54:12,688 INFO [CaptureService] Stopping live preview...
2026-01-30 15:54:12,690 INFO [Main] UI: Snap Triggered
2026-01-30 15:54:12,690 INFO [CaptureService] Trigger received! Batch capture (Save=False).
2026-01-30 15:54:16,022 INFO [Main] UI: Confirm Triggered
2026-01-30 15:54:16,024 INFO [CaptureService] Confirming save for pending captures...
2026-01-30 15:54:16,316 INFO [FileService] Saved image to C:/Users/W00273/Downloads\UNKNOWN_20260130\UNKNOWN_20260130_005.jpg (Q=80)
2026-01-30 15:54:16,322 INFO [UploadService] Uploading C:/Users/W00273/Downloads\UNKNOWN_20260130\UNKNOWN_20260130_005.jpg (Attempt 1/3)...
2026-01-30 15:54:16,611 INFO [FileService] Saved image to C:/Users/W00273/Downloads\UNKNOWN_20260130\UNKNOWN_20260130_006.jpg (Q=80)
2026-01-30 15:54:16,841 INFO [FileService] Copied C:/Users/W00273/Downloads\UNKNOWN_20260130\UNKNOWN_20260130_005.jpg -> D:\AutoPhote-main\Server_Storage\UNKNOWN_20260130\UNKNOWN_20260130_005.jpg
2026-01-30 15:54:16,841 INFO [UploadService] Upload success (Copied): C:/Users/W00273/Downloads\UNKNOWN_20260130\UNKNOWN_20260130_005.jpg
2026-01-30 15:54:16,913 INFO [FileService] Saved image to C:/Users/W00273/Downloads\UNKNOWN_20260130\UNKNOWN_20260130_007.jpg (Q=80)
2026-01-30 15:54:17,189 INFO [FileService] Saved image to C:/Users/W00273/Downloads\UNKNOWN_20260130\UNKNOWN_20260130_008.jpg (Q=80)
2026-01-30 15:54:17,476 INFO [FileService] Saved image to C:/Users/W00273/Downloads\UNKNOWN_20260130\UNKNOWN_20260130_009.jpg (Q=80)
2026-01-30 15:54:17,480 INFO [CaptureService] Starting live preview for all cameras...
2026-01-30 15:54:17,480 INFO [UploadService] Uploading C:/Users/W00273/Downloads\UNKNOWN_20260130\UNKNOWN_20260130_006.jpg (Attempt 1/3)...
2026-01-30 15:54:18,015 INFO [FileService] Copied C:/Users/W00273/Downloads\UNKNOWN_20260130\UNKNOWN_20260130_006.jpg -> D:\AutoPhote-main\Server_Storage\UNKNOWN_20260130\UNKNOWN_20260130_006.jpg
2026-01-30 15:54:18,015 INFO [UploadService] Upload success (Copied): C:/Users/W00273/Downloads\UNKNOWN_20260130\UNKNOWN_20260130_006.jpg
2026-01-30 15:54:18,016 INFO [UploadService] Uploading C:/Users/W00273/Downloads\UNKNOWN_20260130\UNKNOWN_20260130_007.jpg (Attempt 1/3)...
2026-01-30 15:54:18,548 INFO [FileService] Copied C:/Users/W00273/Downloads\UNKNOWN_20260130\UNKNOWN_20260130_007.jpg -> D:\AutoPhote-main\Server_Storage\UNKNOWN_20260130\UNKNOWN_20260130_007.jpg
2026-01-30 15:54:18,549 INFO [UploadService] Upload success (Copied): C:/Users/W00273/Downloads\UNKNOWN_20260130\UNKNOWN_20260130_007.jpg
2026-01-30 15:54:18,550 INFO [UploadService] Uploading C:/Users/W00273/Downloads\UNKNOWN_20260130\UNKNOWN_20260130_008.jpg (Attempt 1/3)...
2026-01-30 15:54:19,077 INFO [FileService] Copied C:/Users/W00273/Downloads\UNKNOWN_20260130\UNKNOWN_20260130_008.jpg -> D:\AutoPhote-main\Server_Storage\UNKNOWN_20260130\UNKNOWN_20260130_008.jpg
2026-01-30 15:54:19,077 INFO [UploadService] Upload success (Copied): C:/Users/W00273/Downloads\UNKNOWN_20260130\UNKNOWN_20260130_008.jpg
2026-01-30 15:54:19,079 INFO [UploadService] Uploading C:/Users/W00273/Downloads\UNKNOWN_20260130\UNKNOWN_20260130_009.jpg (Attempt 1/3)...
2026-01-30 15:54:19,613 INFO [FileService] Copied C:/Users/W00273/Downloads\UNKNOWN_20260130\UNKNOWN_20260130_009.jpg -> D:\AutoPhote-main\Server_Storage\UNKNOWN_20260130\UNKNOWN_20260130_009.jpg
2026-01-30 15:54:19,613 INFO [UploadService] Upload success (Copied): C:/Users/W00273/Downloads\UNKNOWN_20260130\UNKNOWN_20260130_009.jpg
2026-01-30 15:54:27,486 INFO [CaptureService] Stopping live preview...
2026-01-30 15:54:27,488 INFO [Main] UI: Snap Triggered
2026-01-30 15:54:27,489 INFO [CaptureService] Trigger received! Batch capture (Save=False).
2026-01-30 15:54:31,248 INFO [Main] UI: Confirm Triggered
2026-01-30 15:54:31,249 INFO [CaptureService] Confirming save for pending captures...
2026-01-30 15:54:31,501 INFO [FileService] Created directory: C:/Users/W00273/Downloads\SN001_20260130
2026-01-30 15:54:31,554 INFO [FileService] Saved image to C:/Users/W00273/Downloads\SN001_20260130\SN001_20260130_010.jpg (Q=80)
2026-01-30 15:54:31,561 INFO [FileService] Created directory: D:\AutoPhote-main\Server_Storage\SN001_20260130
2026-01-30 15:54:31,562 INFO [UploadService] Uploading C:/Users/W00273/Downloads\SN001_20260130\SN001_20260130_010.jpg (Attempt 1/3)...
2026-01-30 15:54:31,838 INFO [FileService] Saved image to C:/Users/W00273/Downloads\SN001_20260130\SN001_20260130_011.jpg (Q=80)
2026-01-30 15:54:32,087 INFO [FileService] Copied C:/Users/W00273/Downloads\SN001_20260130\SN001_20260130_010.jpg -> D:\AutoPhote-main\Server_Storage\SN001_20260130\SN001_20260130_010.jpg
2026-01-30 15:54:32,087 INFO [UploadService] Upload success (Copied): C:/Users/W00273/Downloads\SN001_20260130\SN001_20260130_010.jpg
2026-01-30 15:54:32,127 INFO [FileService] Saved image to C:/Users/W00273/Downloads\SN001_20260130\SN001_20260130_012.jpg (Q=80)
2026-01-30 15:54:32,414 INFO [FileService] Saved image to C:/Users/W00273/Downloads\SN001_20260130\SN001_20260130_013.jpg (Q=80)
2026-01-30 15:54:32,695 INFO [FileService] Saved image to C:/Users/W00273/Downloads\SN001_20260130\SN001_20260130_014.jpg (Q=80)
2026-01-30 15:54:32,700 INFO [CaptureService] Starting live preview for all cameras...
2026-01-30 15:54:32,701 INFO [UploadService] Uploading C:/Users/W00273/Downloads\SN001_20260130\SN001_20260130_011.jpg (Attempt 1/3)...
2026-01-30 15:54:33,223 INFO [FileService] Copied C:/Users/W00273/Downloads\SN001_20260130\SN001_20260130_011.jpg -> D:\AutoPhote-main\Server_Storage\SN001_20260130\SN001_20260130_011.jpg
2026-01-30 15:54:33,224 INFO [UploadService] Upload success (Copied): C:/Users/W00273/Downloads\SN001_20260130\SN001_20260130_011.jpg
2026-01-30 15:54:33,226 INFO [UploadService] Uploading C:/Users/W00273/Downloads\SN001_20260130\SN001_20260130_012.jpg (Attempt 1/3)...
2026-01-30 15:54:33,758 INFO [FileService] Copied C:/Users/W00273/Downloads\SN001_20260130\SN001_20260130_012.jpg -> D:\AutoPhote-main\Server_Storage\SN001_20260130\SN001_20260130_012.jpg
2026-01-30 15:54:33,758 INFO [UploadService] Upload success (Copied): C:/Users/W00273/Downloads\SN001_20260130\SN001_20260130_012.jpg
2026-01-30 15:54:33,760 INFO [UploadService] Uploading C:/Users/W00273/Downloads\SN001_20260130\SN001_20260130_013.jpg (Attempt 1/3)...
2026-01-30 15:54:34,288 INFO [FileService] Copied C:/Users/W00273/Downloads\SN001_20260130\SN001_20260130_013.jpg -> D:\AutoPhote-main\Server_Storage\SN001_20260130\SN001_20260130_013.jpg
2026-01-30 15:54:34,288 INFO [UploadService] Upload success (Copied): C:/Users/W00273/Downloads\SN001_20260130\SN001_20260130_013.jpg
2026-01-30 15:54:34,288 INFO [UploadService] Uploading C:/Users/W00273/Downloads\SN001_20260130\SN001_20260130_014.jpg (Attempt 1/3)...
2026-01-30 15:54:34,813 INFO [FileService] Copied C:/Users/W00273/Downloads\SN001_20260130\SN001_20260130_014.jpg -> D:\AutoPhote-main\Server_Storage\SN001_20260130\SN001_20260130_014.jpg
2026-01-30 15:54:34,814 INFO [UploadService] Upload success (Copied): C:/Users/W00273/Downloads\SN001_20260130\SN001_20260130_014.jpg
2026-01-30 15:58:43,869 INFO [Main] System Starting...
2026-01-30 15:58:43,870 INFO [Main] Config: Local Buffer = C:/Users/W00273/Downloads
2026-01-30 15:58:43,870 INFO [Main] Config: Remote Storage = D:\AutoPhote-main\Server_Storage
2026-01-30 15:58:44,047 INFO [CaptureService] Initializing 5 cameras... (Real Hardware: False)
2026-01-30 15:58:44,148 INFO [Hardware] Camera 1 connected.
2026-01-30 15:58:44,259 INFO [Hardware] Camera 2 connected.
2026-01-30 15:58:44,369 INFO [Hardware] Camera 3 connected.
2026-01-30 15:58:44,479 INFO [Hardware] Camera 4 connected.
2026-01-30 15:58:44,590 INFO [Hardware] Camera 5 connected.
2026-01-30 15:58:44,591 INFO [CaptureService] All cameras initialized.
2026-01-30 15:58:44,592 INFO [CaptureService] Starting live preview for all cameras...
2026-01-30 15:58:44,595 INFO [UploadService] Upload Manager started.
2026-01-30 15:58:44,596 INFO [Main] UI Ready. Entering Main Loop.
2026-01-30 15:58:54,519 INFO [CaptureService] Stopping live preview...
2026-01-30 15:58:54,522 INFO [Main] UI: Snap Triggered
2026-01-30 15:58:54,523 INFO [CaptureService] Trigger received! Batch capture (Save=False).
2026-01-30 15:58:57,238 INFO [Main] UI: Confirm Triggered
2026-01-30 15:58:57,239 INFO [CaptureService] Confirming save for pending captures...
2026-01-30 15:58:57,497 INFO [FileService] Created directory: C:/Users/W00273/Downloads\SN0001_20260130
2026-01-30 15:58:57,556 INFO [FileService] Saved image to C:/Users/W00273/Downloads\SN0001_20260130\SN0001_20260130_001.jpg (Q=80)
2026-01-30 15:58:57,562 INFO [FileService] Created directory: D:\AutoPhote-main\Server_Storage\SN0001_20260130
2026-01-30 15:58:57,562 INFO [UploadService] Uploading C:/Users/W00273/Downloads\SN0001_20260130\SN0001_20260130_001.jpg (Attempt 1/3)...
2026-01-30 15:58:57,835 INFO [FileService] Saved image to C:/Users/W00273/Downloads\SN0001_20260130\SN0001_20260130_002.jpg (Q=80)
2026-01-30 15:58:58,086 INFO [FileService] Copied C:/Users/W00273/Downloads\SN0001_20260130\SN0001_20260130_001.jpg -> D:\AutoPhote-main\Server_Storage\SN0001_20260130\SN0001_20260130_001.jpg
2026-01-30 15:58:58,086 INFO [UploadService] Upload success (Copied): C:/Users/W00273/Downloads\SN0001_20260130\SN0001_20260130_001.jpg
2026-01-30 15:58:58,126 INFO [FileService] Saved image to C:/Users/W00273/Downloads\SN0001_20260130\SN0001_20260130_003.jpg (Q=80)
2026-01-30 15:58:58,450 INFO [FileService] Saved image to C:/Users/W00273/Downloads\SN0001_20260130\SN0001_20260130_004.jpg (Q=80)
2026-01-30 15:58:58,744 INFO [FileService] Saved image to C:/Users/W00273/Downloads\SN0001_20260130\SN0001_20260130_005.jpg (Q=80)
2026-01-30 15:58:58,749 INFO [CaptureService] Starting live preview for all cameras...
2026-01-30 15:58:58,750 INFO [UploadService] Uploading C:/Users/W00273/Downloads\SN0001_20260130\SN0001_20260130_002.jpg (Attempt 1/3)...
2026-01-30 15:58:59,273 INFO [FileService] Copied C:/Users/W00273/Downloads\SN0001_20260130\SN0001_20260130_002.jpg -> D:\AutoPhote-main\Server_Storage\SN0001_20260130\SN0001_20260130_002.jpg
2026-01-30 15:58:59,274 INFO [UploadService] Upload success (Copied): C:/Users/W00273/Downloads\SN0001_20260130\SN0001_20260130_002.jpg
2026-01-30 15:58:59,275 INFO [UploadService] Uploading C:/Users/W00273/Downloads\SN0001_20260130\SN0001_20260130_003.jpg (Attempt 1/3)...
2026-01-30 15:58:59,820 INFO [FileService] Copied C:/Users/W00273/Downloads\SN0001_20260130\SN0001_20260130_003.jpg -> D:\AutoPhote-main\Server_Storage\SN0001_20260130\SN0001_20260130_003.jpg
2026-01-30 15:58:59,821 INFO [UploadService] Upload success (Copied): C:/Users/W00273/Downloads\SN0001_20260130\SN0001_20260130_003.jpg
2026-01-30 15:58:59,823 INFO [UploadService] Uploading C:/Users/W00273/Downloads\SN0001_20260130\SN0001_20260130_004.jpg (Attempt 1/3)...
2026-01-30 15:59:00,336 INFO [FileService] Copied C:/Users/W00273/Downloads\SN0001_20260130\SN0001_20260130_004.jpg -> D:\AutoPhote-main\Server_Storage\SN0001_20260130\SN0001_20260130_004.jpg
2026-01-30 15:59:00,336 INFO [UploadService] Upload success (Copied): C:/Users/W00273/Downloads\SN0001_20260130\SN0001_20260130_004.jpg
2026-01-30 15:59:00,337 INFO [UploadService] Uploading C:/Users/W00273/Downloads\SN0001_20260130\SN0001_20260130_005.jpg (Attempt 1/3)...
2026-01-30 15:59:00,863 INFO [FileService] Copied C:/Users/W00273/Downloads\SN0001_20260130\SN0001_20260130_005.jpg -> D:\AutoPhote-main\Server_Storage\SN0001_20260130\SN0001_20260130_005.jpg
2026-01-30 15:59:00,863 INFO [UploadService] Upload success (Copied): C:/Users/W00273/Downloads\SN0001_20260130\SN0001_20260130_005.jpg
2026-01-30 15:59:04,698 INFO [CaptureService] Stopping live preview...
2026-01-30 15:59:04,700 INFO [Main] UI: Snap Triggered
2026-01-30 15:59:04,701 INFO [CaptureService] Trigger received! Batch capture (Save=False).
2026-01-30 15:59:06,279 INFO [Main] UI: Confirm Triggered
2026-01-30 15:59:06,279 INFO [CaptureService] Confirming save for pending captures...
2026-01-30 15:59:06,572 INFO [FileService] Saved image to C:/Users/W00273/Downloads\SN0001_20260130\SN0001_20260130_006.jpg (Q=80)
2026-01-30 15:59:06,578 INFO [UploadService] Uploading C:/Users/W00273/Downloads\SN0001_20260130\SN0001_20260130_006.jpg (Attempt 1/3)...
2026-01-30 15:59:06,861 INFO [FileService] Saved image to C:/Users/W00273/Downloads\SN0001_20260130\SN0001_20260130_007.jpg (Q=80)
2026-01-30 15:59:07,092 INFO [FileService] Copied C:/Users/W00273/Downloads\SN0001_20260130\SN0001_20260130_006.jpg -> D:\AutoPhote-main\Server_Storage\SN0001_20260130\SN0001_20260130_006.jpg
2026-01-30 15:59:07,092 INFO [UploadService] Upload success (Copied): C:/Users/W00273/Downloads\SN0001_20260130\SN0001_20260130_006.jpg
2026-01-30 15:59:07,158 INFO [FileService] Saved image to C:/Users/W00273/Downloads\SN0001_20260130\SN0001_20260130_008.jpg (Q=80)
2026-01-30 15:59:07,480 INFO [FileService] Saved image to C:/Users/W00273/Downloads\SN0001_20260130\SN0001_20260130_009.jpg (Q=80)
2026-01-30 15:59:07,766 INFO [FileService] Saved image to C:/Users/W00273/Downloads\SN0001_20260130\SN0001_20260130_010.jpg (Q=80)
2026-01-30 15:59:07,770 INFO [CaptureService] Starting live preview for all cameras...
2026-01-30 15:59:07,771 INFO [UploadService] Uploading C:/Users/W00273/Downloads\SN0001_20260130\SN0001_20260130_007.jpg (Attempt 1/3)...
2026-01-30 15:59:08,303 INFO [FileService] Copied C:/Users/W00273/Downloads\SN0001_20260130\SN0001_20260130_007.jpg -> D:\AutoPhote-main\Server_Storage\SN0001_20260130\SN0001_20260130_007.jpg
2026-01-30 15:59:08,303 INFO [UploadService] Upload success (Copied): C:/Users/W00273/Downloads\SN0001_20260130\SN0001_20260130_007.jpg
2026-01-30 15:59:08,304 INFO [UploadService] Uploading C:/Users/W00273/Downloads\SN0001_20260130\SN0001_20260130_008.jpg (Attempt 1/3)...
2026-01-30 15:59:08,832 INFO [FileService] Copied C:/Users/W00273/Downloads\SN0001_20260130\SN0001_20260130_008.jpg -> D:\AutoPhote-main\Server_Storage\SN0001_20260130\SN0001_20260130_008.jpg
2026-01-30 15:59:08,833 INFO [UploadService] Upload success (Copied): C:/Users/W00273/Downloads\SN0001_20260130\SN0001_20260130_008.jpg
2026-01-30 15:59:08,834 INFO [UploadService] Uploading C:/Users/W00273/Downloads\SN0001_20260130\SN0001_20260130_009.jpg (Attempt 1/3)...
2026-01-30 15:59:09,367 INFO [FileService] Copied C:/Users/W00273/Downloads\SN0001_20260130\SN0001_20260130_009.jpg -> D:\AutoPhote-main\Server_Storage\SN0001_20260130\SN0001_20260130_009.jpg
2026-01-30 15:59:09,367 INFO [UploadService] Upload success (Copied): C:/Users/W00273/Downloads\SN0001_20260130\SN0001_20260130_009.jpg
2026-01-30 15:59:09,368 INFO [UploadService] Uploading C:/Users/W00273/Downloads\SN0001_20260130\SN0001_20260130_010.jpg (Attempt 1/3)...
2026-01-30 15:59:09,898 INFO [FileService] Copied C:/Users/W00273/Downloads\SN0001_20260130\SN0001_20260130_010.jpg -> D:\AutoPhote-main\Server_Storage\SN0001_20260130\SN0001_20260130_010.jpg
2026-01-30 15:59:09,899 INFO [UploadService] Upload success (Copied): C:/Users/W00273/Downloads\SN0001_20260130\SN0001_20260130_010.jpg
2026-01-30 15:59:46,952 INFO [CaptureService] Stopping live preview...
2026-01-30 15:59:46,955 INFO [Main] UI: Snap Triggered
2026-01-30 15:59:46,956 INFO [CaptureService] Trigger received! Batch capture (Save=False).
2026-01-30 15:59:49,054 INFO [Main] UI: Confirm Triggered
2026-01-30 15:59:49,054 INFO [CaptureService] Confirming save for pending captures...
2026-01-30 15:59:49,303 INFO [FileService] Created directory: C:/Users/W00273/Downloads\SN0002_20260130
2026-01-30 15:59:49,357 INFO [FileService] Saved image to C:/Users/W00273/Downloads\SN0002_20260130\SN0002_20260130_001.jpg (Q=80)
2026-01-30 15:59:49,365 INFO [FileService] Created directory: D:\AutoPhote-main\Server_Storage\SN0002_20260130
2026-01-30 15:59:49,366 INFO [UploadService] Uploading C:/Users/W00273/Downloads\SN0002_20260130\SN0002_20260130_001.jpg (Attempt 1/3)...
2026-01-30 15:59:49,668 INFO [FileService] Saved image to C:/Users/W00273/Downloads\SN0002_20260130\SN0002_20260130_002.jpg (Q=80)
2026-01-30 15:59:49,888 INFO [FileService] Copied C:/Users/W00273/Downloads\SN0002_20260130\SN0002_20260130_001.jpg -> D:\AutoPhote-main\Server_Storage\SN0002_20260130\SN0002_20260130_001.jpg
2026-01-30 15:59:49,889 INFO [UploadService] Upload success (Copied): C:/Users/W00273/Downloads\SN0002_20260130\SN0002_20260130_001.jpg
2026-01-30 15:59:49,965 INFO [FileService] Saved image to C:/Users/W00273/Downloads\SN0002_20260130\SN0002_20260130_003.jpg (Q=80)
2026-01-30 15:59:50,253 INFO [FileService] Saved image to C:/Users/W00273/Downloads\SN0002_20260130\SN0002_20260130_004.jpg (Q=80)
2026-01-30 15:59:50,533 INFO [FileService] Saved image to C:/Users/W00273/Downloads\SN0002_20260130\SN0002_20260130_005.jpg (Q=80)
2026-01-30 15:59:50,537 INFO [CaptureService] Starting live preview for all cameras...
2026-01-30 15:59:50,539 INFO [UploadService] Uploading C:/Users/W00273/Downloads\SN0002_20260130\SN0002_20260130_002.jpg (Attempt 1/3)...
2026-01-30 15:59:51,059 INFO [FileService] Copied C:/Users/W00273/Downloads\SN0002_20260130\SN0002_20260130_002.jpg -> D:\AutoPhote-main\Server_Storage\SN0002_20260130\SN0002_20260130_002.jpg
2026-01-30 15:59:51,059 INFO [UploadService] Upload success (Copied): C:/Users/W00273/Downloads\SN0002_20260130\SN0002_20260130_002.jpg
2026-01-30 15:59:51,060 INFO [UploadService] Uploading C:/Users/W00273/Downloads\SN0002_20260130\SN0002_20260130_003.jpg (Attempt 1/3)...
2026-01-30 15:59:51,592 INFO [FileService] Copied C:/Users/W00273/Downloads\SN0002_20260130\SN0002_20260130_003.jpg -> D:\AutoPhote-main\Server_Storage\SN0002_20260130\SN0002_20260130_003.jpg
2026-01-30 15:59:51,593 INFO [UploadService] Upload success (Copied): C:/Users/W00273/Downloads\SN0002_20260130\SN0002_20260130_003.jpg
2026-01-30 15:59:51,593 INFO [UploadService] Uploading C:/Users/W00273/Downloads\SN0002_20260130\SN0002_20260130_004.jpg (Attempt 1/3)...
2026-01-30 15:59:52,112 INFO [FileService] Copied C:/Users/W00273/Downloads\SN0002_20260130\SN0002_20260130_004.jpg -> D:\AutoPhote-main\Server_Storage\SN0002_20260130\SN0002_20260130_004.jpg
2026-01-30 15:59:52,113 INFO [UploadService] Upload success (Copied): C:/Users/W00273/Downloads\SN0002_20260130\SN0002_20260130_004.jpg
2026-01-30 15:59:52,113 INFO [UploadService] Uploading C:/Users/W00273/Downloads\SN0002_20260130\SN0002_20260130_005.jpg (Attempt 1/3)...
2026-01-30 15:59:52,638 INFO [FileService] Copied C:/Users/W00273/Downloads\SN0002_20260130\SN0002_20260130_005.jpg -> D:\AutoPhote-main\Server_Storage\SN0002_20260130\SN0002_20260130_005.jpg
2026-01-30 15:59:52,639 INFO [UploadService] Upload success (Copied): C:/Users/W00273/Downloads\SN0002_20260130\SN0002_20260130_005.jpg
2026-01-30 15:59:57,213 INFO [CaptureService] Stopping live preview...
2026-01-30 15:59:57,215 INFO [Main] UI: Snap Triggered
2026-01-30 15:59:57,216 INFO [CaptureService] Trigger received! Batch capture (Save=False).
2026-01-30 15:59:59,525 INFO [Main] UI: Confirm Triggered
2026-01-30 15:59:59,526 INFO [CaptureService] Confirming save for pending captures...
2026-01-30 15:59:59,817 INFO [FileService] Saved image to C:/Users/W00273/Downloads\SN0001_20260130\SN0001_20260130_011.jpg (Q=80)
2026-01-30 15:59:59,822 INFO [UploadService] Uploading C:/Users/W00273/Downloads\SN0001_20260130\SN0001_20260130_011.jpg (Attempt 1/3)...
2026-01-30 16:00:00,096 INFO [FileService] Saved image to C:/Users/W00273/Downloads\SN0001_20260130\SN0001_20260130_012.jpg (Q=80)
2026-01-30 16:00:00,350 INFO [FileService] Copied C:/Users/W00273/Downloads\SN0001_20260130\SN0001_20260130_011.jpg -> D:\AutoPhote-main\Server_Storage\SN0001_20260130\SN0001_20260130_011.jpg
2026-01-30 16:00:00,350 INFO [UploadService] Upload success (Copied): C:/Users/W00273/Downloads\SN0001_20260130\SN0001_20260130_011.jpg
2026-01-30 16:00:00,377 INFO [FileService] Saved image to C:/Users/W00273/Downloads\SN0001_20260130\SN0001_20260130_013.jpg (Q=80)
2026-01-30 16:00:00,652 INFO [FileService] Saved image to C:/Users/W00273/Downloads\SN0001_20260130\SN0001_20260130_014.jpg (Q=80)
2026-01-30 16:00:00,930 INFO [FileService] Saved image to C:/Users/W00273/Downloads\SN0001_20260130\SN0001_20260130_015.jpg (Q=80)
2026-01-30 16:00:00,934 INFO [CaptureService] Starting live preview for all cameras...
2026-01-30 16:00:00,935 INFO [UploadService] Uploading C:/Users/W00273/Downloads\SN0001_20260130\SN0001_20260130_012.jpg (Attempt 1/3)...
2026-01-30 16:00:01,455 INFO [FileService] Copied C:/Users/W00273/Downloads\SN0001_20260130\SN0001_20260130_012.jpg -> D:\AutoPhote-main\Server_Storage\SN0001_20260130\SN0001_20260130_012.jpg
2026-01-30 16:00:01,456 INFO [UploadService] Upload success (Copied): C:/Users/W00273/Downloads\SN0001_20260130\SN0001_20260130_012.jpg
2026-01-30 16:00:01,456 INFO [UploadService] Uploading C:/Users/W00273/Downloads\SN0001_20260130\SN0001_20260130_013.jpg (Attempt 1/3)...
2026-01-30 16:00:01,975 INFO [FileService] Copied C:/Users/W00273/Downloads\SN0001_20260130\SN0001_20260130_013.jpg -> D:\AutoPhote-main\Server_Storage\SN0001_20260130\SN0001_20260130_013.jpg
2026-01-30 16:00:01,977 INFO [UploadService] Upload success (Copied): C:/Users/W00273/Downloads\SN0001_20260130\SN0001_20260130_013.jpg
2026-01-30 16:00:01,978 INFO [UploadService] Uploading C:/Users/W00273/Downloads\SN0001_20260130\SN0001_20260130_014.jpg (Attempt 1/3)...
2026-01-30 16:00:02,496 INFO [FileService] Copied C:/Users/W00273/Downloads\SN0001_20260130\SN0001_20260130_014.jpg -> D:\AutoPhote-main\Server_Storage\SN0001_20260130\SN0001_20260130_014.jpg
2026-01-30 16:00:02,496 INFO [UploadService] Upload success (Copied): C:/Users/W00273/Downloads\SN0001_20260130\SN0001_20260130_014.jpg
2026-01-30 16:00:02,498 INFO [UploadService] Uploading C:/Users/W00273/Downloads\SN0001_20260130\SN0001_20260130_015.jpg (Attempt 1/3)...
2026-01-30 16:00:03,021 INFO [FileService] Copied C:/Users/W00273/Downloads\SN0001_20260130\SN0001_20260130_015.jpg -> D:\AutoPhote-main\Server_Storage\SN0001_20260130\SN0001_20260130_015.jpg
2026-01-30 16:00:03,021 INFO [UploadService] Upload success (Copied): C:/Users/W00273/Downloads\SN0001_20260130\SN0001_20260130_015.jpg
2026-01-30 16:03:10,661 INFO [CaptureService] Stopping live preview...
2026-01-30 16:03:10,665 INFO [Main] UI: Snap Triggered
2026-01-30 16:03:10,666 INFO [CaptureService] Trigger received! Batch capture (Save=False).
2026-01-30 16:03:12,431 INFO [Main] UI: Confirm Triggered
2026-01-30 16:03:12,432 INFO [CaptureService] Confirming save for pending captures...
2026-01-30 16:03:12,727 INFO [FileService] Saved image to C:/Users/W00273/Downloads\SN0001_20260130\SN0001_20260130_016.jpg (Q=80)
2026-01-30 16:03:12,732 INFO [UploadService] Uploading C:/Users/W00273/Downloads\SN0001_20260130\SN0001_20260130_016.jpg (Attempt 1/3)...
2026-01-30 16:03:13,020 INFO [FileService] Saved image to C:/Users/W00273/Downloads\SN0001_20260130\SN0001_20260130_017.jpg (Q=80)
2026-01-30 16:03:13,256 INFO [FileService] Copied C:/Users/W00273/Downloads\SN0001_20260130\SN0001_20260130_016.jpg -> D:\AutoPhote-main\Server_Storage\SN0001_20260130\SN0001_20260130_016.jpg
2026-01-30 16:03:13,256 INFO [UploadService] Upload success (Copied): C:/Users/W00273/Downloads\SN0001_20260130\SN0001_20260130_016.jpg
2026-01-30 16:03:13,333 INFO [FileService] Saved image to C:/Users/W00273/Downloads\SN0001_20260130\SN0001_20260130_018.jpg (Q=80)
2026-01-30 16:03:13,624 INFO [FileService] Saved image to C:/Users/W00273/Downloads\SN0001_20260130\SN0001_20260130_019.jpg (Q=80)
2026-01-30 16:03:13,912 INFO [FileService] Saved image to C:/Users/W00273/Downloads\SN0001_20260130\SN0001_20260130_020.jpg (Q=80)
2026-01-30 16:03:13,916 INFO [CaptureService] Starting live preview for all cameras...
2026-01-30 16:03:13,917 INFO [UploadService] Uploading C:/Users/W00273/Downloads\SN0001_20260130\SN0001_20260130_017.jpg (Attempt 1/3)...
2026-01-30 16:03:14,454 INFO [FileService] Copied C:/Users/W00273/Downloads\SN0001_20260130\SN0001_20260130_017.jpg -> D:\AutoPhote-main\Server_Storage\SN0001_20260130\SN0001_20260130_017.jpg
2026-01-30 16:03:14,454 INFO [UploadService] Upload success (Copied): C:/Users/W00273/Downloads\SN0001_20260130\SN0001_20260130_017.jpg
2026-01-30 16:03:14,455 INFO [UploadService] Uploading C:/Users/W00273/Downloads\SN0001_20260130\SN0001_20260130_018.jpg (Attempt 1/3)...
2026-01-30 16:03:14,976 INFO [FileService] Copied C:/Users/W00273/Downloads\SN0001_20260130\SN0001_20260130_018.jpg -> D:\AutoPhote-main\Server_Storage\SN0001_20260130\SN0001_20260130_018.jpg
2026-01-30 16:03:14,977 INFO [UploadService] Upload success (Copied): C:/Users/W00273/Downloads\SN0001_20260130\SN0001_20260130_018.jpg
2026-01-30 16:03:14,978 INFO [UploadService] Uploading C:/Users/W00273/Downloads\SN0001_20260130\SN0001_20260130_019.jpg (Attempt 1/3)...
2026-01-30 16:03:15,492 INFO [FileService] Copied C:/Users/W00273/Downloads\SN0001_20260130\SN0001_20260130_019.jpg -> D:\AutoPhote-main\Server_Storage\SN0001_20260130\SN0001_20260130_019.jpg
2026-01-30 16:03:15,492 INFO [UploadService] Upload success (Copied): C:/Users/W00273/Downloads\SN0001_20260130\SN0001_20260130_019.jpg
2026-01-30 16:03:15,493 INFO [UploadService] Uploading C:/Users/W00273/Downloads\SN0001_20260130\SN0001_20260130_020.jpg (Attempt 1/3)...
2026-01-30 16:03:16,024 INFO [FileService] Copied C:/Users/W00273/Downloads\SN0001_20260130\SN0001_20260130_020.jpg -> D:\AutoPhote-main\Server_Storage\SN0001_20260130\SN0001_20260130_020.jpg
2026-01-30 16:03:16,024 INFO [UploadService] Upload success (Copied): C:/Users/W00273/Downloads\SN0001_20260130\SN0001_20260130_020.jpg
2026-01-30 16:07:41,003 INFO [CaptureService] Stopping live preview...
2026-02-02 08:34:59,076 INFO [Main] System Starting...
2026-02-02 08:34:59,078 INFO [Main] Config: Local Buffer = C:/Users/W00273/Downloads
2026-02-02 08:34:59,078 INFO [Main] Config: Remote Storage = D:\AutoPhote-main\Server_Storage
2026-02-02 08:35:00,212 INFO [CaptureService] Initializing 5 cameras... (Real Hardware: True)
2026-02-02 08:35:00,213 INFO [HikHardware] Connecting to Camera 1 (192.168.1.101)...
2026-02-02 08:35:01,490 ERROR [HikHardware] Open Device failed: 2147484163
2026-02-02 08:35:01,490 ERROR [CaptureService] Failed to connect to Camera 1
2026-02-02 08:35:01,492 INFO [HikHardware] Connecting to Camera 2 (192.168.1.102)...
2026-02-02 08:35:01,825 ERROR [HikHardware] Camera 2 not found in device list.
2026-02-02 08:35:01,826 ERROR [CaptureService] Failed to connect to Camera 2
2026-02-02 08:35:01,827 INFO [HikHardware] Connecting to Camera 3 (192.168.1.103)...
2026-02-02 08:35:02,172 ERROR [HikHardware] Camera 3 not found in device list.
2026-02-02 08:35:02,173 ERROR [CaptureService] Failed to connect to Camera 3
2026-02-02 08:35:02,175 INFO [HikHardware] Connecting to Camera 4 (192.168.1.104)...
2026-02-02 08:35:02,503 ERROR [HikHardware] Camera 4 not found in device list.
2026-02-02 08:35:02,504 ERROR [CaptureService] Failed to connect to Camera 4
2026-02-02 08:35:02,505 INFO [HikHardware] Connecting to Camera 5 (192.168.1.105)...
2026-02-02 08:35:02,832 ERROR [HikHardware] Camera 5 not found in device list.
2026-02-02 08:35:02,833 ERROR [CaptureService] Failed to connect to Camera 5
2026-02-02 08:35:02,833 INFO [CaptureService] All cameras initialized.
2026-02-02 08:35:02,834 INFO [CaptureService] Starting live preview for all cameras...
2026-02-02 08:35:02,835 INFO [UploadService] Upload Manager started.
2026-02-02 08:35:02,836 INFO [Main] UI Ready. Entering Main Loop.
2026-02-02 08:36:45,061 INFO [CaptureService] Stopping live preview...
2026-02-02 08:36:49,425 INFO [Main] System Starting...
2026-02-02 08:36:49,426 INFO [Main] Config: Local Buffer = C:/Users/W00273/Downloads
2026-02-02 08:36:49,426 INFO [Main] Config: Remote Storage = D:\AutoPhote-main\Server_Storage
2026-02-02 08:36:49,751 INFO [CaptureService] Initializing 5 cameras... (Real Hardware: True)
2026-02-02 08:36:49,751 INFO [HikHardware] Connecting to Camera 1 (192.168.1.101)...
2026-02-02 08:36:50,161 ERROR [HikHardware] Open Device failed: 2147484166
2026-02-02 08:36:50,161 ERROR [CaptureService] Failed to connect to Camera 1
2026-02-02 08:36:50,162 INFO [HikHardware] Connecting to Camera 2 (192.168.1.102)...
2026-02-02 08:36:50,489 ERROR [HikHardware] Camera 2 not found in device list.
2026-02-02 08:36:50,490 ERROR [CaptureService] Failed to connect to Camera 2
2026-02-02 08:36:50,490 INFO [HikHardware] Connecting to Camera 3 (192.168.1.103)...
2026-02-02 08:36:50,814 ERROR [HikHardware] Camera 3 not found in device list.
2026-02-02 08:36:50,816 ERROR [CaptureService] Failed to connect to Camera 3
2026-02-02 08:36:50,816 INFO [HikHardware] Connecting to Camera 4 (192.168.1.104)...
2026-02-02 08:36:51,142 ERROR [HikHardware] Camera 4 not found in device list.
2026-02-02 08:36:51,142 ERROR [CaptureService] Failed to connect to Camera 4
2026-02-02 08:36:51,143 INFO [HikHardware] Connecting to Camera 5 (192.168.1.105)...
2026-02-02 08:36:51,471 ERROR [HikHardware] Camera 5 not found in device list.
2026-02-02 08:36:51,471 ERROR [CaptureService] Failed to connect to Camera 5
2026-02-02 08:36:51,472 INFO [CaptureService] All cameras initialized.
2026-02-02 08:36:51,472 INFO [CaptureService] Starting live preview for all cameras...
2026-02-02 08:36:51,473 INFO [UploadService] Upload Manager started.
2026-02-02 08:36:51,473 INFO [Main] UI Ready. Entering Main Loop.
2026-02-02 08:36:54,347 INFO [CaptureService] Stopping live preview...
2026-02-02 08:36:54,349 INFO [Main] UI: Snap Triggered
2026-02-02 08:36:54,350 INFO [CaptureService] Trigger received! Batch capture (Save=False).
2026-02-02 08:36:55,880 INFO [Main] UI: Confirm Triggered
2026-02-02 08:36:55,880 INFO [CaptureService] Confirming save for pending captures...
2026-02-02 08:36:55,881 INFO [CaptureService] Starting live preview for all cameras...
2026-02-02 08:37:12,782 INFO [CaptureService] Stopping live preview...
2026-02-02 08:38:12,261 INFO [Main] System Starting...
2026-02-02 08:38:12,261 INFO [Main] Config: Local Buffer = C:/Users/W00273/Downloads
2026-02-02 08:38:12,261 INFO [Main] Config: Remote Storage = D:\AutoPhote-main\Server_Storage
2026-02-02 08:38:12,502 INFO [CaptureService] Initializing 5 cameras... (Real Hardware: True)
2026-02-02 08:38:12,503 INFO [HikHardware] Connecting to Camera 1 (192.168.1.101)...
2026-02-02 08:38:12,893 ERROR [HikHardware] Open Device failed: 2147484163
2026-02-02 08:38:12,894 ERROR [CaptureService] Failed to connect to Camera 1
2026-02-02 08:38:12,895 INFO [HikHardware] Connecting to Camera 2 (192.168.1.102)...
2026-02-02 08:38:13,218 ERROR [HikHardware] Camera 2 not found in device list.
2026-02-02 08:38:13,219 ERROR [CaptureService] Failed to connect to Camera 2
2026-02-02 08:38:13,219 INFO [HikHardware] Connecting to Camera 3 (192.168.1.103)...
2026-02-02 08:38:13,543 ERROR [HikHardware] Camera 3 not found in device list.
2026-02-02 08:38:13,543 ERROR [CaptureService] Failed to connect to Camera 3
2026-02-02 08:38:13,544 INFO [HikHardware] Connecting to Camera 4 (192.168.1.104)...
2026-02-02 08:38:13,885 ERROR [HikHardware] Camera 4 not found in device list.
2026-02-02 08:38:13,886 ERROR [CaptureService] Failed to connect to Camera 4
2026-02-02 08:38:13,887 INFO [HikHardware] Connecting to Camera 5 (192.168.1.105)...
2026-02-02 08:38:14,215 ERROR [HikHardware] Camera 5 not found in device list.
2026-02-02 08:38:14,216 ERROR [CaptureService] Failed to connect to Camera 5
2026-02-02 08:38:14,217 INFO [CaptureService] All cameras initialized.
2026-02-02 08:38:14,217 INFO [CaptureService] Starting live preview for all cameras...
2026-02-02 08:38:14,220 INFO [UploadService] Upload Manager started.
2026-02-02 08:38:14,221 INFO [Main] UI Ready. Entering Main Loop.
2026-02-02 08:39:53,888 INFO [CaptureService] Stopping live preview...
2026-02-02 08:46:18,170 INFO [Main] System Starting...
2026-02-02 08:46:18,171 INFO [Main] Config: Local Buffer = C:/Users/W00273/Downloads
2026-02-02 08:46:18,172 INFO [Main] Config: Remote Storage = D:\AutoPhote-main\Server_Storage
2026-02-02 08:46:18,727 INFO [CaptureService] Initializing 5 cameras... (Real Hardware: True)
2026-02-02 08:46:18,727 INFO [HikHardware] Connecting to Camera 1 (192.168.1.101)...
2026-02-02 08:46:19,179 ERROR [HikHardware] Open Device failed: 2147484163
2026-02-02 08:46:19,179 ERROR [CaptureService] Failed to connect to Camera 1
2026-02-02 08:46:19,180 INFO [HikHardware] Connecting to Camera 2 (192.168.1.102)...
2026-02-02 08:46:19,503 ERROR [HikHardware] Camera 2 not found in device list.
2026-02-02 08:46:19,503 ERROR [CaptureService] Failed to connect to Camera 2
2026-02-02 08:46:19,503 INFO [HikHardware] Connecting to Camera 3 (192.168.1.103)...
2026-02-02 08:46:19,827 ERROR [HikHardware] Camera 3 not found in device list.
2026-02-02 08:46:19,828 ERROR [CaptureService] Failed to connect to Camera 3
2026-02-02 08:46:19,829 INFO [HikHardware] Connecting to Camera 4 (192.168.1.104)...
2026-02-02 08:46:20,164 ERROR [HikHardware] Camera 4 not found in device list.
2026-02-02 08:46:20,164 ERROR [CaptureService] Failed to connect to Camera 4
2026-02-02 08:46:20,165 INFO [HikHardware] Connecting to Camera 5 (192.168.1.105)...
2026-02-02 08:46:20,500 ERROR [HikHardware] Camera 5 not found in device list.
2026-02-02 08:46:20,500 ERROR [CaptureService] Failed to connect to Camera 5
2026-02-02 08:46:20,501 INFO [CaptureService] All cameras initialized.
2026-02-02 08:46:20,501 INFO [CaptureService] Starting live preview for all cameras...
2026-02-02 08:46:20,502 INFO [UploadService] Upload Manager started.
2026-02-02 08:46:20,502 INFO [Main] UI Ready. Entering Main Loop.
2026-02-02 08:46:24,533 INFO [CaptureService] Stopping live preview...
2026-02-02 08:46:24,536 INFO [Main] UI: Snap Triggered
2026-02-02 08:46:24,538 INFO [CaptureService] Trigger received! Batch capture (Save=False).
2026-02-02 08:46:28,643 INFO [CaptureService] Stopping live preview...
2026-02-02 09:09:55,124 INFO [Main] System Starting...
2026-02-02 09:09:55,126 INFO [Main] Config: Local Buffer = C:/Users/W00273/Downloads
2026-02-02 09:09:55,126 INFO [Main] Config: Remote Storage = D:\AutoPhote-main\Server_Storage
2026-02-02 09:09:56,266 INFO [CaptureService] Initializing 5 cameras... (Real Hardware: True)
2026-02-02 09:09:56,267 INFO [HikHardware] Connecting to Camera 1 (192.168.1.101)...
2026-02-02 09:09:58,044 INFO [HikHardware] DIAGNOSTICS - Cam 1 | Exposure: 150000.0 us | Gain: 10.01609992980957
2026-02-02 09:09:58,045 INFO [HikHardware] Camera 1 connected successfully.
2026-02-02 09:09:58,045 INFO [HikHardware] Connecting to Camera 2 (192.168.1.102)...
2026-02-02 09:09:58,376 ERROR [HikHardware] Camera 2 not found in device list.
2026-02-02 09:09:58,376 ERROR [CaptureService] Failed to connect to Camera 2
2026-02-02 09:09:58,377 INFO [HikHardware] Connecting to Camera 3 (192.168.1.103)...
2026-02-02 09:09:58,701 ERROR [HikHardware] Camera 3 not found in device list.
2026-02-02 09:09:58,703 ERROR [CaptureService] Failed to connect to Camera 3
2026-02-02 09:09:58,703 INFO [HikHardware] Connecting to Camera 4 (192.168.1.104)...
2026-02-02 09:09:59,027 ERROR [HikHardware] Camera 4 not found in device list.
2026-02-02 09:09:59,027 ERROR [CaptureService] Failed to connect to Camera 4
2026-02-02 09:09:59,028 INFO [HikHardware] Connecting to Camera 5 (192.168.1.105)...
2026-02-02 09:09:59,354 ERROR [HikHardware] Camera 5 not found in device list.
2026-02-02 09:09:59,354 ERROR [CaptureService] Failed to connect to Camera 5
2026-02-02 09:09:59,354 INFO [CaptureService] All cameras initialized.
2026-02-02 09:09:59,355 INFO [CaptureService] Starting live preview for all cameras...
2026-02-02 09:09:59,355 INFO [HikHardware] Camera 1 starting preview stream...
2026-02-02 09:09:59,357 INFO [UploadService] Upload Manager started.
2026-02-02 09:09:59,357 INFO [Main] UI Ready. Entering Main Loop.
2026-02-02 09:09:59,684 INFO [HikHardware] Frame Captured: 5472x3648 | PayloadSize: 19961856 | PixelType: 17301514
2026-02-02 09:10:00,178 INFO [HikHardware] Frame Captured: 5472x3648 | PayloadSize: 19961856 | PixelType: 17301514
2026-02-02 09:10:00,639 INFO [HikHardware] Frame Captured: 5472x3648 | PayloadSize: 19961856 | PixelType: 17301514
2026-02-02 09:10:01,104 INFO [HikHardware] Frame Captured: 5472x3648 | PayloadSize: 19961856 | PixelType: 17301514
2026-02-02 09:10:01,575 INFO [HikHardware] Frame Captured: 5472x3648 | PayloadSize: 19961856 | PixelType: 17301514
2026-02-02 09:10:02,043 INFO [HikHardware] Frame Captured: 5472x3648 | PayloadSize: 19961856 | PixelType: 17301514
2026-02-02 09:10:02,522 INFO [HikHardware] Frame Captured: 5472x3648 | PayloadSize: 19961856 | PixelType: 17301514
2026-02-02 09:10:02,997 INFO [HikHardware] Frame Captured: 5472x3648 | PayloadSize: 19961856 | PixelType: 17301514
2026-02-02 09:10:03,478 INFO [HikHardware] Frame Captured: 5472x3648 | PayloadSize: 19961856 | PixelType: 17301514
2026-02-02 09:10:03,964 INFO [HikHardware] Frame Captured: 5472x3648 | PayloadSize: 19961856 | PixelType: 17301514
2026-02-02 09:10:04,549 INFO [HikHardware] Frame Captured: 5472x3648 | PayloadSize: 19961856 | PixelType: 17301514
2026-02-02 09:10:05,130 INFO [HikHardware] Frame Captured: 5472x3648 | PayloadSize: 19961856 | PixelType: 17301514
2026-02-02 09:10:05,755 INFO [HikHardware] Frame Captured: 5472x3648 | PayloadSize: 19961856 | PixelType: 17301514
2026-02-02 09:10:06,322 INFO [HikHardware] Frame Captured: 5472x3648 | PayloadSize: 19961856 | PixelType: 17301514
2026-02-02 09:10:06,843 INFO [HikHardware] Frame Captured: 5472x3648 | PayloadSize: 19961856 | PixelType: 17301514
2026-02-02 09:10:07,409 INFO [HikHardware] Frame Captured: 5472x3648 | PayloadSize: 19961856 | PixelType: 17301514
2026-02-02 09:10:07,863 INFO [HikHardware] Frame Captured: 5472x3648 | PayloadSize: 19961856 | PixelType: 17301514
2026-02-02 09:10:08,317 INFO [HikHardware] Frame Captured: 5472x3648 | PayloadSize: 19961856 | PixelType: 17301514
2026-02-02 09:10:08,797 INFO [HikHardware] Frame Captured: 5472x3648 | PayloadSize: 19961856 | PixelType: 17301514
2026-02-02 09:10:09,265 INFO [HikHardware] Frame Captured: 5472x3648 | PayloadSize: 19961856 | PixelType: 17301514
2026-02-02 09:10:09,743 INFO [HikHardware] Frame Captured: 5472x3648 | PayloadSize: 19961856 | PixelType: 17301514
2026-02-02 09:10:10,221 INFO [HikHardware] Frame Captured: 5472x3648 | PayloadSize: 19961856 | PixelType: 17301514
2026-02-02 09:10:10,704 INFO [HikHardware] Frame Captured: 5472x3648 | PayloadSize: 19961856 | PixelType: 17301514
2026-02-02 09:10:11,206 INFO [HikHardware] Frame Captured: 5472x3648 | PayloadSize: 19961856 | PixelType: 17301514
2026-02-02 09:10:11,698 INFO [HikHardware] Frame Captured: 5472x3648 | PayloadSize: 19961856 | PixelType: 17301514
2026-02-02 09:10:12,248 INFO [HikHardware] Frame Captured: 5472x3648 | PayloadSize: 19961856 | PixelType: 17301514
2026-02-02 09:10:12,752 INFO [HikHardware] Frame Captured: 5472x3648 | PayloadSize: 19961856 | PixelType: 17301514
2026-02-02 09:10:13,288 INFO [HikHardware] Frame Captured: 5472x3648 | PayloadSize: 19961856 | PixelType: 17301514
2026-02-02 09:10:13,804 INFO [HikHardware] Frame Captured: 5472x3648 | PayloadSize: 19961856 | PixelType: 17301514
2026-02-02 09:10:13,921 INFO [CaptureService] Stopping live preview...
2026-02-02 09:10:13,925 INFO [HikHardware] Camera 1 stopping preview stream...
2026-02-02 09:10:13,963 INFO [Main] UI: Snap Triggered
2026-02-02 09:10:13,965 INFO [CaptureService] Trigger received! Batch capture (Save=False).
2026-02-02 09:10:14,322 INFO [HikHardware] Frame Captured: 5472x3648 | PayloadSize: 19961856 | PixelType: 17301514
2026-02-02 09:10:14,945 INFO [Main] UI: Confirm Triggered
2026-02-02 09:10:14,945 INFO [CaptureService] Confirming save for pending captures...
2026-02-02 09:10:15,378 INFO [FileService] Created directory: C:/Users/W00273/Downloads\UNKNOWN_20260202
2026-02-02 09:10:15,789 INFO [FileService] Saved image to C:/Users/W00273/Downloads\UNKNOWN_20260202\UNKNOWN_20260202_001.jpg (Q=80)
2026-02-02 09:10:15,803 INFO [CaptureService] Starting live preview for all cameras...
2026-02-02 09:10:15,804 INFO [HikHardware] Camera 1 starting preview stream...
2026-02-02 09:10:15,806 INFO [FileService] Created directory: D:\AutoPhote-main\Server_Storage\UNKNOWN_20260202
2026-02-02 09:10:15,809 INFO [UploadService] Uploading C:/Users/W00273/Downloads\UNKNOWN_20260202\UNKNOWN_20260202_001.jpg (Attempt 1/3)...
2026-02-02 09:10:16,140 INFO [HikHardware] Frame Captured: 5472x3648 | PayloadSize: 19961856 | PixelType: 17301514
2026-02-02 09:10:16,363 INFO [FileService] Copied C:/Users/W00273/Downloads\UNKNOWN_20260202\UNKNOWN_20260202_001.jpg -> D:\AutoPhote-main\Server_Storage\UNKNOWN_20260202\UNKNOWN_20260202_001.jpg
2026-02-02 09:10:16,364 INFO [UploadService] Upload success (Copied): C:/Users/W00273/Downloads\UNKNOWN_20260202\UNKNOWN_20260202_001.jpg
2026-02-02 09:10:16,661 INFO [HikHardware] Frame Captured: 5472x3648 | PayloadSize: 19961856 | PixelType: 17301514
2026-02-02 09:10:17,165 INFO [HikHardware] Frame Captured: 5472x3648 | PayloadSize: 19961856 | PixelType: 17301514
2026-02-02 09:10:17,707 INFO [HikHardware] Frame Captured: 5472x3648 | PayloadSize: 19961856 | PixelType: 17301514
2026-02-02 09:10:18,210 INFO [HikHardware] Frame Captured: 5472x3648 | PayloadSize: 19961856 | PixelType: 17301514
2026-02-02 09:10:18,719 INFO [HikHardware] Frame Captured: 5472x3648 | PayloadSize: 19961856 | PixelType: 17301514
2026-02-02 09:10:19,200 INFO [HikHardware] Frame Captured: 5472x3648 | PayloadSize: 19961856 | PixelType: 17301514
2026-02-02 09:10:19,674 INFO [HikHardware] Frame Captured: 5472x3648 | PayloadSize: 19961856 | PixelType: 17301514
2026-02-02 09:10:20,150 INFO [HikHardware] Frame Captured: 5472x3648 | PayloadSize: 19961856 | PixelType: 17301514
2026-02-02 09:10:20,634 INFO [HikHardware] Frame Captured: 5472x3648 | PayloadSize: 19961856 | PixelType: 17301514
2026-02-02 09:10:21,114 INFO [HikHardware] Frame Captured: 5472x3648 | PayloadSize: 19961856 | PixelType: 17301514
2026-02-02 09:10:21,602 INFO [HikHardware] Frame Captured: 5472x3648 | PayloadSize: 19961856 | PixelType: 17301514
2026-02-02 09:10:22,167 INFO [HikHardware] Frame Captured: 5472x3648 | PayloadSize: 19961856 | PixelType: 17301514
2026-02-02 09:10:22,716 INFO [HikHardware] Frame Captured: 5472x3648 | PayloadSize: 19961856 | PixelType: 17301514
2026-02-02 09:10:23,258 INFO [HikHardware] Frame Captured: 5472x3648 | PayloadSize: 19961856 | PixelType: 17301514
2026-02-02 09:10:23,805 INFO [HikHardware] Frame Captured: 5472x3648 | PayloadSize: 19961856 | PixelType: 17301514
2026-02-02 09:10:24,343 INFO [HikHardware] Frame Captured: 5472x3648 | PayloadSize: 19961856 | PixelType: 17301514
2026-02-02 09:10:24,914 INFO [HikHardware] Frame Captured: 5472x3648 | PayloadSize: 19961856 | PixelType: 17301514
2026-02-02 09:10:25,484 INFO [HikHardware] Frame Captured: 5472x3648 | PayloadSize: 19961856 | PixelType: 17301514
2026-02-02 09:10:26,031 INFO [HikHardware] Frame Captured: 5472x3648 | PayloadSize: 19961856 | PixelType: 17301514
2026-02-02 09:10:26,586 INFO [HikHardware] Frame Captured: 5472x3648 | PayloadSize: 19961856 | PixelType: 17301514
2026-02-02 09:10:27,152 INFO [HikHardware] Frame Captured: 5472x3648 | PayloadSize: 19961856 | PixelType: 17301514
2026-02-02 09:10:27,638 INFO [HikHardware] Frame Captured: 5472x3648 | PayloadSize: 19961856 | PixelType: 17301514
2026-02-02 09:10:28,115 INFO [HikHardware] Frame Captured: 5472x3648 | PayloadSize: 19961856 | PixelType: 17301514
2026-02-02 09:10:28,308 INFO [CaptureService] Stopping live preview...
2026-02-02 09:10:28,308 INFO [HikHardware] Camera 1 stopping preview stream...
2026-02-02 09:10:28,587 INFO [HikHardware] Frame Captured: 5472x3648 | PayloadSize: 19961856 | PixelType: 17301514
2026-02-02 09:10:28,719 INFO [Main] UI: Snap Triggered
2026-02-02 09:10:28,720 INFO [CaptureService] Trigger received! Batch capture (Save=False).
2026-02-02 09:10:29,048 INFO [HikHardware] Frame Captured: 5472x3648 | PayloadSize: 19961856 | PixelType: 17301514
2026-02-02 09:11:08,665 INFO [Main] UI: Confirm Triggered
2026-02-02 09:11:08,666 INFO [CaptureService] Confirming save for pending captures...
2026-02-02 09:11:08,969 INFO [FileService] Saved image to C:/Users/W00273/Downloads\UNKNOWN_20260202\UNKNOWN_20260202_002.jpg (Q=80)
2026-02-02 09:11:08,974 INFO [CaptureService] Starting live preview for all cameras...
2026-02-02 09:11:08,974 INFO [UploadService] Uploading C:/Users/W00273/Downloads\UNKNOWN_20260202\UNKNOWN_20260202_002.jpg (Attempt 1/3)...
2026-02-02 09:11:08,974 INFO [HikHardware] Camera 1 starting preview stream...
2026-02-02 09:11:09,306 INFO [HikHardware] Frame Captured: 5472x3648 | PayloadSize: 19961856 | PixelType: 17301514
2026-02-02 09:11:09,493 INFO [FileService] Copied C:/Users/W00273/Downloads\UNKNOWN_20260202\UNKNOWN_20260202_002.jpg -> D:\AutoPhote-main\Server_Storage\UNKNOWN_20260202\UNKNOWN_20260202_002.jpg
2026-02-02 09:11:09,493 INFO [UploadService] Upload success (Copied): C:/Users/W00273/Downloads\UNKNOWN_20260202\UNKNOWN_20260202_002.jpg
2026-02-02 09:11:09,762 INFO [HikHardware] Frame Captured: 5472x3648 | PayloadSize: 19961856 | PixelType: 17301514
2026-02-02 09:11:10,236 INFO [HikHardware] Frame Captured: 5472x3648 | PayloadSize: 19961856 | PixelType: 17301514
2026-02-02 09:11:10,772 INFO [HikHardware] Frame Captured: 5472x3648 | PayloadSize: 19961856 | PixelType: 17301514
2026-02-02 09:11:11,290 INFO [HikHardware] Frame Captured: 5472x3648 | PayloadSize: 19961856 | PixelType: 17301514
2026-02-02 09:11:11,784 INFO [HikHardware] Frame Captured: 5472x3648 | PayloadSize: 19961856 | PixelType: 17301514
2026-02-02 09:11:12,258 INFO [HikHardware] Frame Captured: 5472x3648 | PayloadSize: 19961856 | PixelType: 17301514
2026-02-02 09:11:12,718 INFO [HikHardware] Frame Captured: 5472x3648 | PayloadSize: 19961856 | PixelType: 17301514
2026-02-02 09:11:13,191 INFO [HikHardware] Frame Captured: 5472x3648 | PayloadSize: 19961856 | PixelType: 17301514
2026-02-02 09:11:13,691 INFO [HikHardware] Frame Captured: 5472x3648 | PayloadSize: 19961856 | PixelType: 17301514
2026-02-02 09:11:14,172 INFO [HikHardware] Frame Captured: 5472x3648 | PayloadSize: 19961856 | PixelType: 17301514
2026-02-02 09:11:14,640 INFO [HikHardware] Frame Captured: 5472x3648 | PayloadSize: 19961856 | PixelType: 17301514
2026-02-02 09:11:15,192 INFO [HikHardware] Frame Captured: 5472x3648 | PayloadSize: 19961856 | PixelType: 17301514
2026-02-02 09:11:15,756 INFO [HikHardware] Frame Captured: 5472x3648 | PayloadSize: 19961856 | PixelType: 17301514
2026-02-02 09:11:16,266 INFO [HikHardware] Frame Captured: 5472x3648 | PayloadSize: 19961856 | PixelType: 17301514
2026-02-02 09:11:16,803 INFO [HikHardware] Frame Captured: 5472x3648 | PayloadSize: 19961856 | PixelType: 17301514
2026-02-02 09:11:17,304 INFO [HikHardware] Frame Captured: 5472x3648 | PayloadSize: 19961856 | PixelType: 17301514
2026-02-02 09:11:17,780 INFO [HikHardware] Frame Captured: 5472x3648 | PayloadSize: 19961856 | PixelType: 17301514
2026-02-02 09:11:18,222 INFO [HikHardware] Frame Captured: 5472x3648 | PayloadSize: 19961856 | PixelType: 17301514
2026-02-02 09:11:18,669 INFO [HikHardware] Frame Captured: 5472x3648 | PayloadSize: 19961856 | PixelType: 17301514
2026-02-02 09:11:19,135 INFO [HikHardware] Frame Captured: 5472x3648 | PayloadSize: 19961856 | PixelType: 17301514
2026-02-02 09:11:19,593 INFO [HikHardware] Frame Captured: 5472x3648 | PayloadSize: 19961856 | PixelType: 17301514
2026-02-02 09:11:20,060 INFO [HikHardware] Frame Captured: 5472x3648 | PayloadSize: 19961856 | PixelType: 17301514
2026-02-02 09:11:20,559 INFO [HikHardware] Frame Captured: 5472x3648 | PayloadSize: 19961856 | PixelType: 17301514
2026-02-02 09:11:21,037 INFO [HikHardware] Frame Captured: 5472x3648 | PayloadSize: 19961856 | PixelType: 17301514
2026-02-02 09:11:21,525 INFO [HikHardware] Frame Captured: 5472x3648 | PayloadSize: 19961856 | PixelType: 17301514
2026-02-02 09:11:22,010 INFO [HikHardware] Frame Captured: 5472x3648 | PayloadSize: 19961856 | PixelType: 17301514
2026-02-02 09:11:22,494 INFO [HikHardware] Frame Captured: 5472x3648 | PayloadSize: 19961856 | PixelType: 17301514
2026-02-02 09:11:22,979 INFO [HikHardware] Frame Captured: 5472x3648 | PayloadSize: 19961856 | PixelType: 17301514
2026-02-02 09:11:23,458 INFO [HikHardware] Frame Captured: 5472x3648 | PayloadSize: 19961856 | PixelType: 17301514
2026-02-02 09:11:23,928 INFO [HikHardware] Frame Captured: 5472x3648 | PayloadSize: 19961856 | PixelType: 17301514
2026-02-02 09:11:24,394 INFO [HikHardware] Frame Captured: 5472x3648 | PayloadSize: 19961856 | PixelType: 17301514
2026-02-02 09:11:24,867 INFO [HikHardware] Frame Captured: 5472x3648 | PayloadSize: 19961856 | PixelType: 17301514
2026-02-02 09:11:25,369 INFO [HikHardware] Frame Captured: 5472x3648 | PayloadSize: 19961856 | PixelType: 17301514
2026-02-02 09:11:25,928 INFO [HikHardware] Frame Captured: 5472x3648 | PayloadSize: 19961856 | PixelType: 17301514
2026-02-02 09:11:26,497 INFO [HikHardware] Frame Captured: 5472x3648 | PayloadSize: 19961856 | PixelType: 17301514
2026-02-02 09:11:26,998 INFO [HikHardware] Frame Captured: 5472x3648 | PayloadSize: 19961856 | PixelType: 17301514
2026-02-02 09:11:27,582 INFO [HikHardware] Frame Captured: 5472x3648 | PayloadSize: 19961856 | PixelType: 17301514
2026-02-02 09:11:28,186 INFO [HikHardware] Frame Captured: 5472x3648 | PayloadSize: 19961856 | PixelType: 17301514
2026-02-02 09:11:28,758 INFO [HikHardware] Frame Captured: 5472x3648 | PayloadSize: 19961856 | PixelType: 17301514
2026-02-02 09:11:29,328 INFO [HikHardware] Frame Captured: 5472x3648 | PayloadSize: 19961856 | PixelType: 17301514
2026-02-02 09:11:30,142 INFO [HikHardware] Frame Captured: 5472x3648 | PayloadSize: 19961856 | PixelType: 17301514
2026-02-02 09:11:31,020 INFO [HikHardware] Frame Captured: 5472x3648 | PayloadSize: 19961856 | PixelType: 17301514
2026-02-02 09:11:31,849 INFO [HikHardware] Frame Captured: 5472x3648 | PayloadSize: 19961856 | PixelType: 17301514
2026-02-02 09:11:32,552 INFO [HikHardware] Frame Captured: 5472x3648 | PayloadSize: 19961856 | PixelType: 17301514
2026-02-02 09:11:33,302 INFO [HikHardware] Frame Captured: 5472x3648 | PayloadSize: 19961856 | PixelType: 17301514
2026-02-02 09:11:33,920 INFO [HikHardware] Frame Captured: 5472x3648 | PayloadSize: 19961856 | PixelType: 17301514
2026-02-02 09:11:34,504 INFO [HikHardware] Frame Captured: 5472x3648 | PayloadSize: 19961856 | PixelType: 17301514
2026-02-02 09:11:35,152 INFO [HikHardware] Frame Captured: 5472x3648 | PayloadSize: 19961856 | PixelType: 17301514
2026-02-02 09:11:35,771 INFO [HikHardware] Frame Captured: 5472x3648 | PayloadSize: 19961856 | PixelType: 17301514
2026-02-02 09:11:36,410 INFO [HikHardware] Frame Captured: 5472x3648 | PayloadSize: 19961856 | PixelType: 17301514
2026-02-02 09:11:36,999 INFO [HikHardware] Frame Captured: 5472x3648 | PayloadSize: 19961856 | PixelType: 17301514
2026-02-02 09:11:37,608 INFO [HikHardware] Frame Captured: 5472x3648 | PayloadSize: 19961856 | PixelType: 17301514
2026-02-02 09:11:38,148 INFO [HikHardware] Frame Captured: 5472x3648 | PayloadSize: 19961856 | PixelType: 17301514
2026-02-02 09:11:38,673 INFO [HikHardware] Frame Captured: 5472x3648 | PayloadSize: 19961856 | PixelType: 17301514
2026-02-02 09:11:39,153 INFO [HikHardware] Frame Captured: 5472x3648 | PayloadSize: 19961856 | PixelType: 17301514
2026-02-02 09:11:39,654 INFO [HikHardware] Frame Captured: 5472x3648 | PayloadSize: 19961856 | PixelType: 17301514
2026-02-02 09:11:40,118 INFO [HikHardware] Frame Captured: 5472x3648 | PayloadSize: 19961856 | PixelType: 17301514
2026-02-02 09:11:40,568 INFO [HikHardware] Frame Captured: 5472x3648 | PayloadSize: 19961856 | PixelType: 17301514
2026-02-02 09:11:41,028 INFO [HikHardware] Frame Captured: 5472x3648 | PayloadSize: 19961856 | PixelType: 17301514
2026-02-02 09:11:41,510 INFO [HikHardware] Frame Captured: 5472x3648 | PayloadSize: 19961856 | PixelType: 17301514
2026-02-02 09:11:41,982 INFO [HikHardware] Frame Captured: 5472x3648 | PayloadSize: 19961856 | PixelType: 17301514
2026-02-02 09:11:42,469 INFO [HikHardware] Frame Captured: 5472x3648 | PayloadSize: 19961856 | PixelType: 17301514
2026-02-02 09:11:42,938 INFO [HikHardware] Frame Captured: 5472x3648 | PayloadSize: 19961856 | PixelType: 17301514
2026-02-02 09:11:43,409 INFO [HikHardware] Frame Captured: 5472x3648 | PayloadSize: 19961856 | PixelType: 17301514
2026-02-02 09:11:43,892 INFO [HikHardware] Frame Captured: 5472x3648 | PayloadSize: 19961856 | PixelType: 17301514
2026-02-02 09:11:44,383 INFO [HikHardware] Frame Captured: 5472x3648 | PayloadSize: 19961856 | PixelType: 17301514
2026-02-02 09:11:44,866 INFO [HikHardware] Frame Captured: 5472x3648 | PayloadSize: 19961856 | PixelType: 17301514
2026-02-02 09:11:45,368 INFO [HikHardware] Frame Captured: 5472x3648 | PayloadSize: 19961856 | PixelType: 17301514
2026-02-02 09:11:45,881 INFO [HikHardware] Frame Captured: 5472x3648 | PayloadSize: 19961856 | PixelType: 17301514
2026-02-02 09:11:46,382 INFO [HikHardware] Frame Captured: 5472x3648 | PayloadSize: 19961856 | PixelType: 17301514
2026-02-02 09:11:46,890 INFO [HikHardware] Frame Captured: 5472x3648 | PayloadSize: 19961856 | PixelType: 17301514
2026-02-02 09:11:47,499 INFO [HikHardware] Frame Captured: 5472x3648 | PayloadSize: 19961856 | PixelType: 17301514
2026-02-02 09:11:48,103 INFO [HikHardware] Frame Captured: 5472x3648 | PayloadSize: 19961856 | PixelType: 17301514
2026-02-02 09:11:48,583 INFO [HikHardware] Frame Captured: 5472x3648 | PayloadSize: 19961856 | PixelType: 17301514
2026-02-02 09:11:49,059 INFO [HikHardware] Frame Captured: 5472x3648 | PayloadSize: 19961856 | PixelType: 17301514
2026-02-02 09:11:49,527 INFO [HikHardware] Frame Captured: 5472x3648 | PayloadSize: 19961856 | PixelType: 17301514
2026-02-02 09:11:49,994 INFO [HikHardware] Frame Captured: 5472x3648 | PayloadSize: 19961856 | PixelType: 17301514
2026-02-02 09:11:50,471 INFO [HikHardware] Frame Captured: 5472x3648 | PayloadSize: 19961856 | PixelType: 17301514
2026-02-02 09:11:50,953 INFO [HikHardware] Frame Captured: 5472x3648 | PayloadSize: 19961856 | PixelType: 17301514
2026-02-02 09:11:51,441 INFO [HikHardware] Frame Captured: 5472x3648 | PayloadSize: 19961856 | PixelType: 17301514
2026-02-02 09:11:51,898 INFO [HikHardware] Frame Captured: 5472x3648 | PayloadSize: 19961856 | PixelType: 17301514
2026-02-02 09:11:52,390 INFO [HikHardware] Frame Captured: 5472x3648 | PayloadSize: 19961856 | PixelType: 17301514
2026-02-02 09:11:52,860 INFO [HikHardware] Frame Captured: 5472x3648 | PayloadSize: 19961856 | PixelType: 17301514
2026-02-02 09:11:53,345 INFO [HikHardware] Frame Captured: 5472x3648 | PayloadSize: 19961856 | PixelType: 17301514
2026-02-02 09:11:53,821 INFO [HikHardware] Frame Captured: 5472x3648 | PayloadSize: 19961856 | PixelType: 17301514
2026-02-02 09:11:54,338 INFO [HikHardware] Frame Captured: 5472x3648 | PayloadSize: 19961856 | PixelType: 17301514
2026-02-02 09:11:54,794 INFO [HikHardware] Frame Captured: 5472x3648 | PayloadSize: 19961856 | PixelType: 17301514
2026-02-02 09:11:55,277 INFO [HikHardware] Frame Captured: 5472x3648 | PayloadSize: 19961856 | PixelType: 17301514
2026-02-02 09:11:55,792 INFO [HikHardware] Frame Captured: 5472x3648 | PayloadSize: 19961856 | PixelType: 17301514
2026-02-02 09:11:56,009 INFO [CaptureService] Stopping live preview...
2026-02-02 09:11:56,010 INFO [HikHardware] Camera 1 stopping preview stream...
2026-02-02 09:11:56,312 INFO [HikHardware] Frame Captured: 5472x3648 | PayloadSize: 19961856 | PixelType: 17301514
2026-02-02 09:11:56,440 INFO [Main] UI: Snap Triggered
2026-02-02 09:11:56,442 INFO [CaptureService] Trigger received! Batch capture (Save=False).
2026-02-02 09:11:56,774 INFO [HikHardware] Frame Captured: 5472x3648 | PayloadSize: 19961856 | PixelType: 17301514
2026-02-02 09:11:57,564 INFO [Main] UI: Confirm Triggered
2026-02-02 09:11:57,564 INFO [CaptureService] Confirming save for pending captures...
2026-02-02 09:11:57,971 INFO [FileService] Saved image to C:/Users/W00273/Downloads\UNKNOWN_20260202\UNKNOWN_20260202_003.jpg (Q=80)
2026-02-02 09:11:57,976 INFO [CaptureService] Starting live preview for all cameras...
2026-02-02 09:11:57,977 INFO [UploadService] Uploading C:/Users/W00273/Downloads\UNKNOWN_20260202\UNKNOWN_20260202_003.jpg (Attempt 1/3)...
2026-02-02 09:11:57,978 INFO [HikHardware] Camera 1 starting preview stream...
2026-02-02 09:11:58,314 INFO [HikHardware] Frame Captured: 5472x3648 | PayloadSize: 19961856 | PixelType: 17301514
2026-02-02 09:11:58,516 INFO [FileService] Copied C:/Users/W00273/Downloads\UNKNOWN_20260202\UNKNOWN_20260202_003.jpg -> D:\AutoPhote-main\Server_Storage\UNKNOWN_20260202\UNKNOWN_20260202_003.jpg
2026-02-02 09:11:58,517 INFO [UploadService] Upload success (Copied): C:/Users/W00273/Downloads\UNKNOWN_20260202\UNKNOWN_20260202_003.jpg
2026-02-02 09:11:58,776 INFO [HikHardware] Frame Captured: 5472x3648 | PayloadSize: 19961856 | PixelType: 17301514
2026-02-02 09:11:59,260 INFO [HikHardware] Frame Captured: 5472x3648 | PayloadSize: 19961856 | PixelType: 17301514
2026-02-02 09:11:59,741 INFO [HikHardware] Frame Captured: 5472x3648 | PayloadSize: 19961856 | PixelType: 17301514
2026-02-02 09:12:00,231 INFO [HikHardware] Frame Captured: 5472x3648 | PayloadSize: 19961856 | PixelType: 17301514
2026-02-02 09:12:00,710 INFO [HikHardware] Frame Captured: 5472x3648 | PayloadSize: 19961856 | PixelType: 17301514
2026-02-02 09:12:01,187 INFO [HikHardware] Frame Captured: 5472x3648 | PayloadSize: 19961856 | PixelType: 17301514
2026-02-02 09:12:01,662 INFO [HikHardware] Frame Captured: 5472x3648 | PayloadSize: 19961856 | PixelType: 17301514
2026-02-02 09:12:02,138 INFO [HikHardware] Frame Captured: 5472x3648 | PayloadSize: 19961856 | PixelType: 17301514
2026-02-02 09:12:02,597 INFO [HikHardware] Frame Captured: 5472x3648 | PayloadSize: 19961856 | PixelType: 17301514
2026-02-02 09:12:03,056 INFO [HikHardware] Frame Captured: 5472x3648 | PayloadSize: 19961856 | PixelType: 17301514
2026-02-02 09:12:03,546 INFO [HikHardware] Frame Captured: 5472x3648 | PayloadSize: 19961856 | PixelType: 17301514
2026-02-02 09:12:04,024 INFO [HikHardware] Frame Captured: 5472x3648 | PayloadSize: 19961856 | PixelType: 17301514
2026-02-02 09:12:04,492 INFO [HikHardware] Frame Captured: 5472x3648 | PayloadSize: 19961856 | PixelType: 17301514
2026-02-02 09:12:04,959 INFO [HikHardware] Frame Captured: 5472x3648 | PayloadSize: 19961856 | PixelType: 17301514
2026-02-02 09:12:05,499 INFO [HikHardware] Frame Captured: 5472x3648 | PayloadSize: 19961856 | PixelType: 17301514
2026-02-02 09:12:06,074 INFO [HikHardware] Frame Captured: 5472x3648 | PayloadSize: 19961856 | PixelType: 17301514
2026-02-02 09:12:06,694 INFO [HikHardware] Frame Captured: 5472x3648 | PayloadSize: 19961856 | PixelType: 17301514
2026-02-02 09:12:07,238 INFO [HikHardware] Frame Captured: 5472x3648 | PayloadSize: 19961856 | PixelType: 17301514
2026-02-02 09:12:07,752 INFO [HikHardware] Frame Captured: 5472x3648 | PayloadSize: 19961856 | PixelType: 17301514
2026-02-02 09:12:08,291 INFO [HikHardware] Frame Captured: 5472x3648 | PayloadSize: 19961856 | PixelType: 17301514
2026-02-02 09:12:08,813 INFO [HikHardware] Frame Captured: 5472x3648 | PayloadSize: 19961856 | PixelType: 17301514
2026-02-02 09:12:09,329 INFO [HikHardware] Frame Captured: 5472x3648 | PayloadSize: 19961856 | PixelType: 17301514
2026-02-02 09:12:09,804 INFO [HikHardware] Frame Captured: 5472x3648 | PayloadSize: 19961856 | PixelType: 17301514
2026-02-02 09:12:10,279 INFO [HikHardware] Frame Captured: 5472x3648 | PayloadSize: 19961856 | PixelType: 17301514
2026-02-02 09:12:10,763 INFO [HikHardware] Frame Captured: 5472x3648 | PayloadSize: 19961856 | PixelType: 17301514
2026-02-02 09:12:11,247 INFO [HikHardware] Frame Captured: 5472x3648 | PayloadSize: 19961856 | PixelType: 17301514
2026-02-02 09:12:11,762 INFO [HikHardware] Frame Captured: 5472x3648 | PayloadSize: 19961856 | PixelType: 17301514
2026-02-02 09:12:12,262 INFO [HikHardware] Frame Captured: 5472x3648 | PayloadSize: 19961856 | PixelType: 17301514
2026-02-02 09:12:12,742 INFO [HikHardware] Frame Captured: 5472x3648 | PayloadSize: 19961856 | PixelType: 17301514
2026-02-02 09:12:13,235 INFO [HikHardware] Frame Captured: 5472x3648 | PayloadSize: 19961856 | PixelType: 17301514
2026-02-02 09:12:13,746 INFO [HikHardware] Frame Captured: 5472x3648 | PayloadSize: 19961856 | PixelType: 17301514
2026-02-02 09:12:14,230 INFO [HikHardware] Frame Captured: 5472x3648 | PayloadSize: 19961856 | PixelType: 17301514
2026-02-02 09:12:14,683 INFO [HikHardware] Frame Captured: 5472x3648 | PayloadSize: 19961856 | PixelType: 17301514
2026-02-02 09:12:15,133 INFO [HikHardware] Frame Captured: 5472x3648 | PayloadSize: 19961856 | PixelType: 17301514
2026-02-02 09:12:15,584 INFO [HikHardware] Frame Captured: 5472x3648 | PayloadSize: 19961856 | PixelType: 17301514
2026-02-02 09:12:16,051 INFO [HikHardware] Frame Captured: 5472x3648 | PayloadSize: 19961856 | PixelType: 17301514
2026-02-02 09:12:16,528 INFO [HikHardware] Frame Captured: 5472x3648 | PayloadSize: 19961856 | PixelType: 17301514
2026-02-02 09:12:17,004 INFO [HikHardware] Frame Captured: 5472x3648 | PayloadSize: 19961856 | PixelType: 17301514
2026-02-02 09:12:17,538 INFO [HikHardware] Frame Captured: 5472x3648 | PayloadSize: 19961856 | PixelType: 17301514
2026-02-02 09:12:18,036 INFO [HikHardware] Frame Captured: 5472x3648 | PayloadSize: 19961856 | PixelType: 17301514
2026-02-02 09:12:18,517 INFO [HikHardware] Frame Captured: 5472x3648 | PayloadSize: 19961856 | PixelType: 17301514
2026-02-02 09:12:18,981 INFO [HikHardware] Frame Captured: 5472x3648 | PayloadSize: 19961856 | PixelType: 17301514
2026-02-02 09:12:19,065 INFO [CaptureService] Stopping live preview...
2026-02-02 09:12:19,066 INFO [HikHardware] Camera 1 stopping preview stream...
2026-02-02 09:12:19,110 INFO [Main] UI: Snap Triggered
2026-02-02 09:12:19,112 INFO [CaptureService] Trigger received! Batch capture (Save=False).
2026-02-02 09:12:19,439 INFO [HikHardware] Frame Captured: 5472x3648 | PayloadSize: 19961856 | PixelType: 17301514
2026-02-02 09:12:20,118 INFO [Main] UI: Confirm Triggered
2026-02-02 09:12:20,118 INFO [CaptureService] Confirming save for pending captures...
2026-02-02 09:12:20,458 INFO [FileService] Created directory: C:/Users/W00273/Downloads\TEST000001_20260202
2026-02-02 09:12:20,520 INFO [FileService] Saved image to C:/Users/W00273/Downloads\TEST000001_20260202\TEST000001_20260202_001.jpg (Q=80)
2026-02-02 09:12:20,531 INFO [CaptureService] Starting live preview for all cameras...
2026-02-02 09:12:20,532 INFO [HikHardware] Camera 1 starting preview stream...
2026-02-02 09:12:20,534 INFO [FileService] Created directory: D:\AutoPhote-main\Server_Storage\TEST000001_20260202
2026-02-02 09:12:20,534 INFO [UploadService] Uploading C:/Users/W00273/Downloads\TEST000001_20260202\TEST000001_20260202_001.jpg (Attempt 1/3)...
2026-02-02 09:12:20,863 INFO [HikHardware] Frame Captured: 5472x3648 | PayloadSize: 19961856 | PixelType: 17301514
2026-02-02 09:12:21,061 INFO [FileService] Copied C:/Users/W00273/Downloads\TEST000001_20260202\TEST000001_20260202_001.jpg -> D:\AutoPhote-main\Server_Storage\TEST000001_20260202\TEST000001_20260202_001.jpg
2026-02-02 09:12:21,062 INFO [UploadService] Upload success (Copied): C:/Users/W00273/Downloads\TEST000001_20260202\TEST000001_20260202_001.jpg
2026-02-02 09:12:21,351 INFO [HikHardware] Frame Captured: 5472x3648 | PayloadSize: 19961856 | PixelType: 17301514
2026-02-02 09:12:21,840 INFO [HikHardware] Frame Captured: 5472x3648 | PayloadSize: 19961856 | PixelType: 17301514
2026-02-02 09:12:22,395 INFO [HikHardware] Frame Captured: 5472x3648 | PayloadSize: 19961856 | PixelType: 17301514
2026-02-02 09:12:22,982 INFO [HikHardware] Frame Captured: 5472x3648 | PayloadSize: 19961856 | PixelType: 17301514
2026-02-02 09:12:23,622 INFO [HikHardware] Frame Captured: 5472x3648 | PayloadSize: 19961856 | PixelType: 17301514
2026-02-02 09:12:24,181 INFO [HikHardware] Frame Captured: 5472x3648 | PayloadSize: 19961856 | PixelType: 17301514
2026-02-02 09:12:24,716 INFO [HikHardware] Frame Captured: 5472x3648 | PayloadSize: 19961856 | PixelType: 17301514
2026-02-02 09:12:25,286 INFO [HikHardware] Frame Captured: 5472x3648 | PayloadSize: 19961856 | PixelType: 17301514
2026-02-02 09:12:25,876 INFO [HikHardware] Frame Captured: 5472x3648 | PayloadSize: 19961856 | PixelType: 17301514
2026-02-02 09:12:26,488 INFO [HikHardware] Frame Captured: 5472x3648 | PayloadSize: 19961856 | PixelType: 17301514
2026-02-02 09:12:27,145 INFO [HikHardware] Frame Captured: 5472x3648 | PayloadSize: 19961856 | PixelType: 17301514
2026-02-02 09:12:27,839 INFO [HikHardware] Frame Captured: 5472x3648 | PayloadSize: 19961856 | PixelType: 17301514
2026-02-02 09:12:28,500 INFO [HikHardware] Frame Captured: 5472x3648 | PayloadSize: 19961856 | PixelType: 17301514
2026-02-02 09:12:29,086 INFO [HikHardware] Frame Captured: 5472x3648 | PayloadSize: 19961856 | PixelType: 17301514
2026-02-02 09:12:29,702 INFO [HikHardware] Frame Captured: 5472x3648 | PayloadSize: 19961856 | PixelType: 17301514
2026-02-02 09:12:30,312 INFO [HikHardware] Frame Captured: 5472x3648 | PayloadSize: 19961856 | PixelType: 17301514
2026-02-02 09:12:30,931 INFO [HikHardware] Frame Captured: 5472x3648 | PayloadSize: 19961856 | PixelType: 17301514
2026-02-02 09:12:31,644 INFO [HikHardware] Frame Captured: 5472x3648 | PayloadSize: 19961856 | PixelType: 17301514
2026-02-02 09:12:32,230 INFO [HikHardware] Frame Captured: 5472x3648 | PayloadSize: 19961856 | PixelType: 17301514
2026-02-02 09:12:32,800 INFO [HikHardware] Frame Captured: 5472x3648 | PayloadSize: 19961856 | PixelType: 17301514
2026-02-02 09:12:33,451 INFO [HikHardware] Frame Captured: 5472x3648 | PayloadSize: 19961856 | PixelType: 17301514
2026-02-02 09:12:34,182 INFO [HikHardware] Frame Captured: 5472x3648 | PayloadSize: 19961856 | PixelType: 17301514
2026-02-02 09:12:35,214 INFO [HikHardware] Frame Captured: 5472x3648 | PayloadSize: 19961856 | PixelType: 17301514
2026-02-02 09:12:36,144 INFO [HikHardware] Frame Captured: 5472x3648 | PayloadSize: 19961856 | PixelType: 17301514
2026-02-02 09:12:37,353 INFO [HikHardware] Frame Captured: 5472x3648 | PayloadSize: 19961856 | PixelType: 17301514
2026-02-02 09:12:38,046 INFO [HikHardware] Frame Captured: 5472x3648 | PayloadSize: 19961856 | PixelType: 17301514
2026-02-02 09:12:38,653 INFO [HikHardware] Frame Captured: 5472x3648 | PayloadSize: 19961856 | PixelType: 17301514
2026-02-02 09:12:39,250 INFO [HikHardware] Frame Captured: 5472x3648 | PayloadSize: 19961856 | PixelType: 17301514
2026-02-02 09:12:39,855 INFO [HikHardware] Frame Captured: 5472x3648 | PayloadSize: 19961856 | PixelType: 17301514
2026-02-02 09:12:40,403 INFO [HikHardware] Frame Captured: 5472x3648 | PayloadSize: 19961856 | PixelType: 17301514
2026-02-02 09:12:40,977 INFO [HikHardware] Frame Captured: 5472x3648 | PayloadSize: 19961856 | PixelType: 17301514
2026-02-02 09:12:41,553 INFO [HikHardware] Frame Captured: 5472x3648 | PayloadSize: 19961856 | PixelType: 17301514
2026-02-02 09:12:42,105 INFO [HikHardware] Frame Captured: 5472x3648 | PayloadSize: 19961856 | PixelType: 17301514
2026-02-02 09:12:42,654 INFO [HikHardware] Frame Captured: 5472x3648 | PayloadSize: 19961856 | PixelType: 17301514
2026-02-02 09:12:43,222 INFO [HikHardware] Frame Captured: 5472x3648 | PayloadSize: 19961856 | PixelType: 17301514
2026-02-02 09:12:43,814 INFO [HikHardware] Frame Captured: 5472x3648 | PayloadSize: 19961856 | PixelType: 17301514
2026-02-02 09:12:44,457 INFO [HikHardware] Frame Captured: 5472x3648 | PayloadSize: 19961856 | PixelType: 17301514
2026-02-02 09:12:45,042 INFO [HikHardware] Frame Captured: 5472x3648 | PayloadSize: 19961856 | PixelType: 17301514
2026-02-02 09:12:45,629 INFO [HikHardware] Frame Captured: 5472x3648 | PayloadSize: 19961856 | PixelType: 17301514
2026-02-02 09:12:46,315 INFO [HikHardware] Frame Captured: 5472x3648 | PayloadSize: 19961856 | PixelType: 17301514
2026-02-02 09:12:46,914 INFO [HikHardware] Frame Captured: 5472x3648 | PayloadSize: 19961856 | PixelType: 17301514
2026-02-02 09:12:47,527 INFO [HikHardware] Frame Captured: 5472x3648 | PayloadSize: 19961856 | PixelType: 17301514
2026-02-02 09:12:48,143 INFO [HikHardware] Frame Captured: 5472x3648 | PayloadSize: 19961856 | PixelType: 17301514
2026-02-02 09:12:48,676 INFO [HikHardware] Frame Captured: 5472x3648 | PayloadSize: 19961856 | PixelType: 17301514
2026-02-02 09:12:49,243 INFO [HikHardware] Frame Captured: 5472x3648 | PayloadSize: 19961856 | PixelType: 17301514
2026-02-02 09:12:49,735 INFO [HikHardware] Frame Captured: 5472x3648 | PayloadSize: 19961856 | PixelType: 17301514
2026-02-02 09:12:50,214 INFO [HikHardware] Frame Captured: 5472x3648 | PayloadSize: 19961856 | PixelType: 17301514
2026-02-02 09:12:50,700 INFO [HikHardware] Frame Captured: 5472x3648 | PayloadSize: 19961856 | PixelType: 17301514
2026-02-02 09:12:51,210 INFO [HikHardware] Frame Captured: 5472x3648 | PayloadSize: 19961856 | PixelType: 17301514
2026-02-02 09:12:51,719 INFO [HikHardware] Frame Captured: 5472x3648 | PayloadSize: 19961856 | PixelType: 17301514
2026-02-02 09:12:52,314 INFO [HikHardware] Frame Captured: 5472x3648 | PayloadSize: 19961856 | PixelType: 17301514
2026-02-02 09:12:52,842 INFO [HikHardware] Frame Captured: 5472x3648 | PayloadSize: 19961856 | PixelType: 17301514
2026-02-02 09:12:53,335 INFO [HikHardware] Frame Captured: 5472x3648 | PayloadSize: 19961856 | PixelType: 17301514
2026-02-02 09:12:53,908 INFO [HikHardware] Frame Captured: 5472x3648 | PayloadSize: 19961856 | PixelType: 17301514
2026-02-02 09:12:54,455 INFO [HikHardware] Frame Captured: 5472x3648 | PayloadSize: 19961856 | PixelType: 17301514
2026-02-02 09:12:54,945 INFO [HikHardware] Frame Captured: 5472x3648 | PayloadSize: 19961856 | PixelType: 17301514
2026-02-02 09:12:55,449 INFO [HikHardware] Frame Captured: 5472x3648 | PayloadSize: 19961856 | PixelType: 17301514
2026-02-02 09:12:55,980 INFO [HikHardware] Frame Captured: 5472x3648 | PayloadSize: 19961856 | PixelType: 17301514
2026-02-02 09:12:56,523 INFO [HikHardware] Frame Captured: 5472x3648 | PayloadSize: 19961856 | PixelType: 17301514
2026-02-02 09:12:57,035 INFO [HikHardware] Frame Captured: 5472x3648 | PayloadSize: 19961856 | PixelType: 17301514
2026-02-02 09:12:57,541 INFO [HikHardware] Frame Captured: 5472x3648 | PayloadSize: 19961856 | PixelType: 17301514
2026-02-02 09:12:58,081 INFO [HikHardware] Frame Captured: 5472x3648 | PayloadSize: 19961856 | PixelType: 17301514
2026-02-02 09:12:59,255 INFO [HikHardware] Frame Captured: 5472x3648 | PayloadSize: 19961856 | PixelType: 17301514
2026-02-02 09:12:59,849 INFO [HikHardware] Frame Captured: 5472x3648 | PayloadSize: 19961856 | PixelType: 17301514
2026-02-02 09:13:00,380 INFO [HikHardware] Frame Captured: 5472x3648 | PayloadSize: 19961856 | PixelType: 17301514
2026-02-02 09:13:00,874 INFO [HikHardware] Frame Captured: 5472x3648 | PayloadSize: 19961856 | PixelType: 17301514
2026-02-02 09:13:01,375 INFO [HikHardware] Frame Captured: 5472x3648 | PayloadSize: 19961856 | PixelType: 17301514
2026-02-02 09:13:01,831 INFO [HikHardware] Frame Captured: 5472x3648 | PayloadSize: 19961856 | PixelType: 17301514
2026-02-02 09:13:02,294 INFO [HikHardware] Frame Captured: 5472x3648 | PayloadSize: 19961856 | PixelType: 17301514
2026-02-02 09:13:02,763 INFO [HikHardware] Frame Captured: 5472x3648 | PayloadSize: 19961856 | PixelType: 17301514
2026-02-02 09:13:03,224 INFO [HikHardware] Frame Captured: 5472x3648 | PayloadSize: 19961856 | PixelType: 17301514
2026-02-02 09:13:03,700 INFO [HikHardware] Frame Captured: 5472x3648 | PayloadSize: 19961856 | PixelType: 17301514
2026-02-02 09:13:04,175 INFO [HikHardware] Frame Captured: 5472x3648 | PayloadSize: 19961856 | PixelType: 17301514
2026-02-02 09:13:04,651 INFO [HikHardware] Frame Captured: 5472x3648 | PayloadSize: 19961856 | PixelType: 17301514
2026-02-02 09:13:05,215 INFO [HikHardware] Frame Captured: 5472x3648 | PayloadSize: 19961856 | PixelType: 17301514
2026-02-02 09:13:05,720 INFO [HikHardware] Frame Captured: 5472x3648 | PayloadSize: 19961856 | PixelType: 17301514
2026-02-02 09:13:06,223 INFO [HikHardware] Frame Captured: 5472x3648 | PayloadSize: 19961856 | PixelType: 17301514
2026-02-02 09:13:06,738 INFO [HikHardware] Frame Captured: 5472x3648 | PayloadSize: 19961856 | PixelType: 17301514
2026-02-02 09:13:07,234 INFO [HikHardware] Frame Captured: 5472x3648 | PayloadSize: 19961856 | PixelType: 17301514
2026-02-02 09:13:07,766 INFO [HikHardware] Frame Captured: 5472x3648 | PayloadSize: 19961856 | PixelType: 17301514
2026-02-02 09:13:08,263 INFO [HikHardware] Frame Captured: 5472x3648 | PayloadSize: 19961856 | PixelType: 17301514
2026-02-02 09:13:08,750 INFO [HikHardware] Frame Captured: 5472x3648 | PayloadSize: 19961856 | PixelType: 17301514
2026-02-02 09:13:09,254 INFO [HikHardware] Frame Captured: 5472x3648 | PayloadSize: 19961856 | PixelType: 17301514
2026-02-02 09:13:09,743 INFO [HikHardware] Frame Captured: 5472x3648 | PayloadSize: 19961856 | PixelType: 17301514
2026-02-02 09:13:10,230 INFO [HikHardware] Frame Captured: 5472x3648 | PayloadSize: 19961856 | PixelType: 17301514
2026-02-02 09:13:10,711 INFO [HikHardware] Frame Captured: 5472x3648 | PayloadSize: 19961856 | PixelType: 17301514
2026-02-02 09:13:11,174 INFO [HikHardware] Frame Captured: 5472x3648 | PayloadSize: 19961856 | PixelType: 17301514
2026-02-02 09:13:11,618 INFO [HikHardware] Frame Captured: 5472x3648 | PayloadSize: 19961856 | PixelType: 17301514
2026-02-02 09:13:12,088 INFO [HikHardware] Frame Captured: 5472x3648 | PayloadSize: 19961856 | PixelType: 17301514
2026-02-02 09:13:12,572 INFO [HikHardware] Frame Captured: 5472x3648 | PayloadSize: 19961856 | PixelType: 17301514
2026-02-02 09:13:13,091 INFO [HikHardware] Frame Captured: 5472x3648 | PayloadSize: 19961856 | PixelType: 17301514
2026-02-02 09:13:13,589 INFO [HikHardware] Frame Captured: 5472x3648 | PayloadSize: 19961856 | PixelType: 17301514
2026-02-02 09:13:14,100 INFO [HikHardware] Frame Captured: 5472x3648 | PayloadSize: 19961856 | PixelType: 17301514
2026-02-02 09:13:14,622 INFO [HikHardware] Frame Captured: 5472x3648 | PayloadSize: 19961856 | PixelType: 17301514
2026-02-02 09:13:15,088 INFO [HikHardware] Frame Captured: 5472x3648 | PayloadSize: 19961856 | PixelType: 17301514
2026-02-02 09:13:15,545 INFO [HikHardware] Frame Captured: 5472x3648 | PayloadSize: 19961856 | PixelType: 17301514
2026-02-02 09:13:15,988 INFO [HikHardware] Frame Captured: 5472x3648 | PayloadSize: 19961856 | PixelType: 17301514
2026-02-02 09:13:16,468 INFO [HikHardware] Frame Captured: 5472x3648 | PayloadSize: 19961856 | PixelType: 17301514
2026-02-02 09:13:16,940 INFO [HikHardware] Frame Captured: 5472x3648 | PayloadSize: 19961856 | PixelType: 17301514
2026-02-02 09:13:17,442 INFO [HikHardware] Frame Captured: 5472x3648 | PayloadSize: 19961856 | PixelType: 17301514
2026-02-02 09:13:17,916 INFO [HikHardware] Frame Captured: 5472x3648 | PayloadSize: 19961856 | PixelType: 17301514
2026-02-02 09:13:18,412 INFO [HikHardware] Frame Captured: 5472x3648 | PayloadSize: 19961856 | PixelType: 17301514
2026-02-02 09:13:18,907 INFO [HikHardware] Frame Captured: 5472x3648 | PayloadSize: 19961856 | PixelType: 17301514
2026-02-02 09:13:19,376 INFO [HikHardware] Frame Captured: 5472x3648 | PayloadSize: 19961856 | PixelType: 17301514
2026-02-02 09:13:19,833 INFO [HikHardware] Frame Captured: 5472x3648 | PayloadSize: 19961856 | PixelType: 17301514
2026-02-02 09:13:20,299 INFO [HikHardware] Frame Captured: 5472x3648 | PayloadSize: 19961856 | PixelType: 17301514
2026-02-02 09:13:20,771 INFO [HikHardware] Frame Captured: 5472x3648 | PayloadSize: 19961856 | PixelType: 17301514
2026-02-02 09:13:21,247 INFO [HikHardware] Frame Captured: 5472x3648 | PayloadSize: 19961856 | PixelType: 17301514
2026-02-02 09:13:21,759 INFO [HikHardware] Frame Captured: 5472x3648 | PayloadSize: 19961856 | PixelType: 17301514
2026-02-02 09:13:22,230 INFO [HikHardware] Frame Captured: 5472x3648 | PayloadSize: 19961856 | PixelType: 17301514
2026-02-02 09:13:22,726 INFO [HikHardware] Frame Captured: 5472x3648 | PayloadSize: 19961856 | PixelType: 17301514
2026-02-02 09:13:23,223 INFO [HikHardware] Frame Captured: 5472x3648 | PayloadSize: 19961856 | PixelType: 17301514
2026-02-02 09:13:23,721 INFO [HikHardware] Frame Captured: 5472x3648 | PayloadSize: 19961856 | PixelType: 17301514
2026-02-02 09:13:24,235 INFO [HikHardware] Frame Captured: 5472x3648 | PayloadSize: 19961856 | PixelType: 17301514
2026-02-02 09:13:24,739 INFO [HikHardware] Frame Captured: 5472x3648 | PayloadSize: 19961856 | PixelType: 17301514
2026-02-02 09:13:25,241 INFO [HikHardware] Frame Captured: 5472x3648 | PayloadSize: 19961856 | PixelType: 17301514
2026-02-02 09:13:25,760 INFO [HikHardware] Frame Captured: 5472x3648 | PayloadSize: 19961856 | PixelType: 17301514
2026-02-02 09:13:26,280 INFO [HikHardware] Frame Captured: 5472x3648 | PayloadSize: 19961856 | PixelType: 17301514
2026-02-02 09:13:26,789 INFO [HikHardware] Frame Captured: 5472x3648 | PayloadSize: 19961856 | PixelType: 17301514
2026-02-02 09:13:27,319 INFO [HikHardware] Frame Captured: 5472x3648 | PayloadSize: 19961856 | PixelType: 17301514
2026-02-02 09:13:27,865 INFO [HikHardware] Frame Captured: 5472x3648 | PayloadSize: 19961856 | PixelType: 17301514
2026-02-02 09:13:28,430 INFO [HikHardware] Frame Captured: 5472x3648 | PayloadSize: 19961856 | PixelType: 17301514
2026-02-02 09:13:28,963 INFO [HikHardware] Frame Captured: 5472x3648 | PayloadSize: 19961856 | PixelType: 17301514
2026-02-02 09:13:29,462 INFO [HikHardware] Frame Captured: 5472x3648 | PayloadSize: 19961856 | PixelType: 17301514
2026-02-02 09:13:30,014 INFO [HikHardware] Frame Captured: 5472x3648 | PayloadSize: 19961856 | PixelType: 17301514
2026-02-02 09:13:30,549 INFO [HikHardware] Frame Captured: 5472x3648 | PayloadSize: 19961856 | PixelType: 17301514
2026-02-02 09:13:31,087 INFO [HikHardware] Frame Captured: 5472x3648 | PayloadSize: 19961856 | PixelType: 17301514
2026-02-02 09:13:31,592 INFO [HikHardware] Frame Captured: 5472x3648 | PayloadSize: 19961856 | PixelType: 17301514
2026-02-02 09:13:32,129 INFO [HikHardware] Frame Captured: 5472x3648 | PayloadSize: 19961856 | PixelType: 17301514
2026-02-02 09:13:32,710 INFO [HikHardware] Frame Captured: 5472x3648 | PayloadSize: 19961856 | PixelType: 17301514
2026-02-02 09:13:33,303 INFO [HikHardware] Frame Captured: 5472x3648 | PayloadSize: 19961856 | PixelType: 17301514
2026-02-02 09:13:33,871 INFO [HikHardware] Frame Captured: 5472x3648 | PayloadSize: 19961856 | PixelType: 17301514
2026-02-02 09:13:34,390 INFO [HikHardware] Frame Captured: 5472x3648 | PayloadSize: 19961856 | PixelType: 17301514
2026-02-02 09:13:34,883 INFO [HikHardware] Frame Captured: 5472x3648 | PayloadSize: 19961856 | PixelType: 17301514
2026-02-02 09:13:35,392 INFO [HikHardware] Frame Captured: 5472x3648 | PayloadSize: 19961856 | PixelType: 17301514
2026-02-02 09:13:35,900 INFO [HikHardware] Frame Captured: 5472x3648 | PayloadSize: 19961856 | PixelType: 17301514
2026-02-02 09:13:36,440 INFO [HikHardware] Frame Captured: 5472x3648 | PayloadSize: 19961856 | PixelType: 17301514
2026-02-02 09:13:37,078 INFO [HikHardware] Frame Captured: 5472x3648 | PayloadSize: 19961856 | PixelType: 17301514
2026-02-02 09:13:37,774 INFO [HikHardware] Frame Captured: 5472x3648 | PayloadSize: 19961856 | PixelType: 17301514
2026-02-02 09:13:38,465 INFO [HikHardware] Frame Captured: 5472x3648 | PayloadSize: 19961856 | PixelType: 17301514
2026-02-02 09:13:39,088 INFO [HikHardware] Frame Captured: 5472x3648 | PayloadSize: 19961856 | PixelType: 17301514
2026-02-02 09:13:39,608 INFO [HikHardware] Frame Captured: 5472x3648 | PayloadSize: 19961856 | PixelType: 17301514
2026-02-02 09:13:40,142 INFO [HikHardware] Frame Captured: 5472x3648 | PayloadSize: 19961856 | PixelType: 17301514
2026-02-02 09:13:40,662 INFO [HikHardware] Frame Captured: 5472x3648 | PayloadSize: 19961856 | PixelType: 17301514
2026-02-02 09:13:41,183 INFO [HikHardware] Frame Captured: 5472x3648 | PayloadSize: 19961856 | PixelType: 17301514
2026-02-02 09:13:41,730 INFO [HikHardware] Frame Captured: 5472x3648 | PayloadSize: 19961856 | PixelType: 17301514
2026-02-02 09:13:42,257 INFO [HikHardware] Frame Captured: 5472x3648 | PayloadSize: 19961856 | PixelType: 17301514
2026-02-02 09:13:42,792 INFO [HikHardware] Frame Captured: 5472x3648 | PayloadSize: 19961856 | PixelType: 17301514
2026-02-02 09:13:43,309 INFO [HikHardware] Frame Captured: 5472x3648 | PayloadSize: 19961856 | PixelType: 17301514
2026-02-02 09:13:43,870 INFO [HikHardware] Frame Captured: 5472x3648 | PayloadSize: 19961856 | PixelType: 17301514
2026-02-02 09:13:44,610 INFO [HikHardware] Frame Captured: 5472x3648 | PayloadSize: 19961856 | PixelType: 17301514
2026-02-02 09:13:45,254 INFO [HikHardware] Frame Captured: 5472x3648 | PayloadSize: 19961856 | PixelType: 17301514
2026-02-02 09:13:45,906 INFO [HikHardware] Frame Captured: 5472x3648 | PayloadSize: 19961856 | PixelType: 17301514
2026-02-02 09:13:46,506 INFO [HikHardware] Frame Captured: 5472x3648 | PayloadSize: 19961856 | PixelType: 17301514
2026-02-02 09:13:47,056 INFO [HikHardware] Frame Captured: 5472x3648 | PayloadSize: 19961856 | PixelType: 17301514
2026-02-02 09:13:47,657 INFO [HikHardware] Frame Captured: 5472x3648 | PayloadSize: 19961856 | PixelType: 17301514
2026-02-02 09:13:48,257 INFO [HikHardware] Frame Captured: 5472x3648 | PayloadSize: 19961856 | PixelType: 17301514
2026-02-02 09:13:48,802 INFO [HikHardware] Frame Captured: 5472x3648 | PayloadSize: 19961856 | PixelType: 17301514
2026-02-02 09:13:49,337 INFO [HikHardware] Frame Captured: 5472x3648 | PayloadSize: 19961856 | PixelType: 17301514
2026-02-02 09:13:49,877 INFO [HikHardware] Frame Captured: 5472x3648 | PayloadSize: 19961856 | PixelType: 17301514
2026-02-02 09:13:50,382 INFO [HikHardware] Frame Captured: 5472x3648 | PayloadSize: 19961856 | PixelType: 17301514
2026-02-02 09:13:50,861 INFO [HikHardware] Frame Captured: 5472x3648 | PayloadSize: 19961856 | PixelType: 17301514
2026-02-02 09:13:51,366 INFO [HikHardware] Frame Captured: 5472x3648 | PayloadSize: 19961856 | PixelType: 17301514
2026-02-02 09:13:51,890 INFO [HikHardware] Frame Captured: 5472x3648 | PayloadSize: 19961856 | PixelType: 17301514
2026-02-02 09:13:52,383 INFO [HikHardware] Frame Captured: 5472x3648 | PayloadSize: 19961856 | PixelType: 17301514
2026-02-02 09:13:52,871 INFO [HikHardware] Frame Captured: 5472x3648 | PayloadSize: 19961856 | PixelType: 17301514
2026-02-02 09:13:53,370 INFO [HikHardware] Frame Captured: 5472x3648 | PayloadSize: 19961856 | PixelType: 17301514
2026-02-02 09:13:53,873 INFO [HikHardware] Frame Captured: 5472x3648 | PayloadSize: 19961856 | PixelType: 17301514
2026-02-02 09:13:54,381 INFO [HikHardware] Frame Captured: 5472x3648 | PayloadSize: 19961856 | PixelType: 17301514
2026-02-02 09:13:54,907 INFO [HikHardware] Frame Captured: 5472x3648 | PayloadSize: 19961856 | PixelType: 17301514
2026-02-02 09:13:55,428 INFO [HikHardware] Frame Captured: 5472x3648 | PayloadSize: 19961856 | PixelType: 17301514
2026-02-02 09:13:55,934 INFO [HikHardware] Frame Captured: 5472x3648 | PayloadSize: 19961856 | PixelType: 17301514
2026-02-02 09:13:56,429 INFO [HikHardware] Frame Captured: 5472x3648 | PayloadSize: 19961856 | PixelType: 17301514
2026-02-02 09:13:56,938 INFO [HikHardware] Frame Captured: 5472x3648 | PayloadSize: 19961856 | PixelType: 17301514
2026-02-02 09:13:57,433 INFO [HikHardware] Frame Captured: 5472x3648 | PayloadSize: 19961856 | PixelType: 17301514
2026-02-02 09:13:57,947 INFO [HikHardware] Frame Captured: 5472x3648 | PayloadSize: 19961856 | PixelType: 17301514
2026-02-02 09:13:58,480 INFO [HikHardware] Frame Captured: 5472x3648 | PayloadSize: 19961856 | PixelType: 17301514
2026-02-02 09:13:59,001 INFO [HikHardware] Frame Captured: 5472x3648 | PayloadSize: 19961856 | PixelType: 17301514
2026-02-02 09:13:59,484 INFO [HikHardware] Frame Captured: 5472x3648 | PayloadSize: 19961856 | PixelType: 17301514
2026-02-02 09:13:59,982 INFO [HikHardware] Frame Captured: 5472x3648 | PayloadSize: 19961856 | PixelType: 17301514
2026-02-02 09:14:00,482 INFO [HikHardware] Frame Captured: 5472x3648 | PayloadSize: 19961856 | PixelType: 17301514
2026-02-02 09:14:00,966 INFO [HikHardware] Frame Captured: 5472x3648 | PayloadSize: 19961856 | PixelType: 17301514
2026-02-02 09:14:01,472 INFO [HikHardware] Frame Captured: 5472x3648 | PayloadSize: 19961856 | PixelType: 17301514
2026-02-02 09:14:01,948 INFO [HikHardware] Frame Captured: 5472x3648 | PayloadSize: 19961856 | PixelType: 17301514
2026-02-02 09:14:02,456 INFO [HikHardware] Frame Captured: 5472x3648 | PayloadSize: 19961856 | PixelType: 17301514
2026-02-02 09:14:02,947 INFO [HikHardware] Frame Captured: 5472x3648 | PayloadSize: 19961856 | PixelType: 17301514
2026-02-02 09:14:03,452 INFO [HikHardware] Frame Captured: 5472x3648 | PayloadSize: 19961856 | PixelType: 17301514
2026-02-02 09:14:03,963 INFO [HikHardware] Frame Captured: 5472x3648 | PayloadSize: 19961856 | PixelType: 17301514
2026-02-02 09:14:04,490 INFO [HikHardware] Frame Captured: 5472x3648 | PayloadSize: 19961856 | PixelType: 17301514
2026-02-02 09:14:05,016 INFO [HikHardware] Frame Captured: 5472x3648 | PayloadSize: 19961856 | PixelType: 17301514
2026-02-02 09:14:05,574 INFO [HikHardware] Frame Captured: 5472x3648 | PayloadSize: 19961856 | PixelType: 17301514
2026-02-02 09:14:06,090 INFO [HikHardware] Frame Captured: 5472x3648 | PayloadSize: 19961856 | PixelType: 17301514
2026-02-02 09:14:06,603 INFO [HikHardware] Frame Captured: 5472x3648 | PayloadSize: 19961856 | PixelType: 17301514
2026-02-02 09:14:07,228 INFO [HikHardware] Frame Captured: 5472x3648 | PayloadSize: 19961856 | PixelType: 17301514
2026-02-02 09:14:07,897 INFO [HikHardware] Frame Captured: 5472x3648 | PayloadSize: 19961856 | PixelType: 17301514
2026-02-02 09:14:08,466 INFO [HikHardware] Frame Captured: 5472x3648 | PayloadSize: 19961856 | PixelType: 17301514
2026-02-02 09:14:08,989 INFO [HikHardware] Frame Captured: 5472x3648 | PayloadSize: 19961856 | PixelType: 17301514
2026-02-02 09:14:09,490 INFO [HikHardware] Frame Captured: 5472x3648 | PayloadSize: 19961856 | PixelType: 17301514
2026-02-02 09:14:09,967 INFO [HikHardware] Frame Captured: 5472x3648 | PayloadSize: 19961856 | PixelType: 17301514
2026-02-02 09:14:10,445 INFO [HikHardware] Frame Captured: 5472x3648 | PayloadSize: 19961856 | PixelType: 17301514
2026-02-02 09:14:10,937 INFO [HikHardware] Frame Captured: 5472x3648 | PayloadSize: 19961856 | PixelType: 17301514
2026-02-02 09:14:11,444 INFO [HikHardware] Frame Captured: 5472x3648 | PayloadSize: 19961856 | PixelType: 17301514
2026-02-02 09:14:11,935 INFO [HikHardware] Frame Captured: 5472x3648 | PayloadSize: 19961856 | PixelType: 17301514
2026-02-02 09:14:12,436 INFO [HikHardware] Frame Captured: 5472x3648 | PayloadSize: 19961856 | PixelType: 17301514
2026-02-02 09:14:12,927 INFO [HikHardware] Frame Captured: 5472x3648 | PayloadSize: 19961856 | PixelType: 17301514
2026-02-02 09:14:13,438 INFO [HikHardware] Frame Captured: 5472x3648 | PayloadSize: 19961856 | PixelType: 17301514
2026-02-02 09:14:13,941 INFO [HikHardware] Frame Captured: 5472x3648 | PayloadSize: 19961856 | PixelType: 17301514
2026-02-02 09:14:14,454 INFO [HikHardware] Frame Captured: 5472x3648 | PayloadSize: 19961856 | PixelType: 17301514
2026-02-02 09:14:14,969 INFO [HikHardware] Frame Captured: 5472x3648 | PayloadSize: 19961856 | PixelType: 17301514
2026-02-02 09:14:15,509 INFO [HikHardware] Frame Captured: 5472x3648 | PayloadSize: 19961856 | PixelType: 17301514
2026-02-02 09:14:16,015 INFO [HikHardware] Frame Captured: 5472x3648 | PayloadSize: 19961856 | PixelType: 17301514
2026-02-02 09:14:16,514 INFO [HikHardware] Frame Captured: 5472x3648 | PayloadSize: 19961856 | PixelType: 17301514
2026-02-02 09:14:17,042 INFO [HikHardware] Frame Captured: 5472x3648 | PayloadSize: 19961856 | PixelType: 17301514
2026-02-02 09:14:17,639 INFO [HikHardware] Frame Captured: 5472x3648 | PayloadSize: 19961856 | PixelType: 17301514
2026-02-02 09:14:18,203 INFO [HikHardware] Frame Captured: 5472x3648 | PayloadSize: 19961856 | PixelType: 17301514
2026-02-02 09:14:18,728 INFO [HikHardware] Frame Captured: 5472x3648 | PayloadSize: 19961856 | PixelType: 17301514
2026-02-02 09:14:19,227 INFO [HikHardware] Frame Captured: 5472x3648 | PayloadSize: 19961856 | PixelType: 17301514
2026-02-02 09:14:19,703 INFO [HikHardware] Frame Captured: 5472x3648 | PayloadSize: 19961856 | PixelType: 17301514
2026-02-02 09:14:20,176 INFO [HikHardware] Frame Captured: 5472x3648 | PayloadSize: 19961856 | PixelType: 17301514
2026-02-02 09:14:20,657 INFO [HikHardware] Frame Captured: 5472x3648 | PayloadSize: 19961856 | PixelType: 17301514
2026-02-02 09:14:21,146 INFO [HikHardware] Frame Captured: 5472x3648 | PayloadSize: 19961856 | PixelType: 17301514
2026-02-02 09:14:21,644 INFO [HikHardware] Frame Captured: 5472x3648 | PayloadSize: 19961856 | PixelType: 17301514
2026-02-02 09:14:22,133 INFO [HikHardware] Frame Captured: 5472x3648 | PayloadSize: 19961856 | PixelType: 17301514
2026-02-02 09:14:22,658 INFO [HikHardware] Frame Captured: 5472x3648 | PayloadSize: 19961856 | PixelType: 17301514
2026-02-02 09:14:23,189 INFO [HikHardware] Frame Captured: 5472x3648 | PayloadSize: 19961856 | PixelType: 17301514
2026-02-02 09:14:23,848 INFO [HikHardware] Frame Captured: 5472x3648 | PayloadSize: 19961856 | PixelType: 17301514
2026-02-02 09:14:24,349 INFO [HikHardware] Frame Captured: 5472x3648 | PayloadSize: 19961856 | PixelType: 17301514
2026-02-02 09:14:24,853 INFO [HikHardware] Frame Captured: 5472x3648 | PayloadSize: 19961856 | PixelType: 17301514
2026-02-02 09:14:25,387 INFO [HikHardware] Frame Captured: 5472x3648 | PayloadSize: 19961856 | PixelType: 17301514
2026-02-02 09:14:25,929 INFO [HikHardware] Frame Captured: 5472x3648 | PayloadSize: 19961856 | PixelType: 17301514
2026-02-02 09:14:26,452 INFO [HikHardware] Frame Captured: 5472x3648 | PayloadSize: 19961856 | PixelType: 17301514
2026-02-02 09:14:26,970 INFO [HikHardware] Frame Captured: 5472x3648 | PayloadSize: 19961856 | PixelType: 17301514
2026-02-02 09:14:27,573 INFO [HikHardware] Frame Captured: 5472x3648 | PayloadSize: 19961856 | PixelType: 17301514
2026-02-02 09:14:28,093 INFO [HikHardware] Frame Captured: 5472x3648 | PayloadSize: 19961856 | PixelType: 17301514
2026-02-02 09:14:28,590 INFO [HikHardware] Frame Captured: 5472x3648 | PayloadSize: 19961856 | PixelType: 17301514
2026-02-02 09:14:29,117 INFO [HikHardware] Frame Captured: 5472x3648 | PayloadSize: 19961856 | PixelType: 17301514
2026-02-02 09:14:29,623 INFO [HikHardware] Frame Captured: 5472x3648 | PayloadSize: 19961856 | PixelType: 17301514
2026-02-02 09:14:30,144 INFO [HikHardware] Frame Captured: 5472x3648 | PayloadSize: 19961856 | PixelType: 17301514
2026-02-02 09:14:30,626 INFO [HikHardware] Frame Captured: 5472x3648 | PayloadSize: 19961856 | PixelType: 17301514
2026-02-02 09:14:31,110 INFO [HikHardware] Frame Captured: 5472x3648 | PayloadSize: 19961856 | PixelType: 17301514
2026-02-02 09:14:31,588 INFO [HikHardware] Frame Captured: 5472x3648 | PayloadSize: 19961856 | PixelType: 17301514
2026-02-02 09:14:32,076 INFO [HikHardware] Frame Captured: 5472x3648 | PayloadSize: 19961856 | PixelType: 17301514
2026-02-02 09:14:32,591 INFO [HikHardware] Frame Captured: 5472x3648 | PayloadSize: 19961856 | PixelType: 17301514
2026-02-02 09:14:33,152 INFO [HikHardware] Frame Captured: 5472x3648 | PayloadSize: 19961856 | PixelType: 17301514
2026-02-02 09:14:33,811 INFO [HikHardware] Frame Captured: 5472x3648 | PayloadSize: 19961856 | PixelType: 17301514
2026-02-02 09:14:34,339 INFO [HikHardware] Frame Captured: 5472x3648 | PayloadSize: 19961856 | PixelType: 17301514
2026-02-02 09:14:34,863 INFO [HikHardware] Frame Captured: 5472x3648 | PayloadSize: 19961856 | PixelType: 17301514
2026-02-02 09:14:35,365 INFO [HikHardware] Frame Captured: 5472x3648 | PayloadSize: 19961856 | PixelType: 17301514
2026-02-02 09:14:35,863 INFO [HikHardware] Frame Captured: 5472x3648 | PayloadSize: 19961856 | PixelType: 17301514
2026-02-02 09:14:36,352 INFO [HikHardware] Frame Captured: 5472x3648 | PayloadSize: 19961856 | PixelType: 17301514
2026-02-02 09:14:36,833 INFO [HikHardware] Frame Captured: 5472x3648 | PayloadSize: 19961856 | PixelType: 17301514
2026-02-02 09:14:37,367 INFO [HikHardware] Frame Captured: 5472x3648 | PayloadSize: 19961856 | PixelType: 17301514
2026-02-02 09:14:37,917 INFO [HikHardware] Frame Captured: 5472x3648 | PayloadSize: 19961856 | PixelType: 17301514
2026-02-02 09:14:38,448 INFO [HikHardware] Frame Captured: 5472x3648 | PayloadSize: 19961856 | PixelType: 17301514
2026-02-02 09:14:38,952 INFO [HikHardware] Frame Captured: 5472x3648 | PayloadSize: 19961856 | PixelType: 17301514
2026-02-02 09:14:39,413 INFO [HikHardware] Frame Captured: 5472x3648 | PayloadSize: 19961856 | PixelType: 17301514
2026-02-02 09:14:39,877 INFO [HikHardware] Frame Captured: 5472x3648 | PayloadSize: 19961856 | PixelType: 17301514
2026-02-02 09:14:40,360 INFO [HikHardware] Frame Captured: 5472x3648 | PayloadSize: 19961856 | PixelType: 17301514
2026-02-02 09:14:40,856 INFO [HikHardware] Frame Captured: 5472x3648 | PayloadSize: 19961856 | PixelType: 17301514
2026-02-02 09:14:41,331 INFO [HikHardware] Frame Captured: 5472x3648 | PayloadSize: 19961856 | PixelType: 17301514
2026-02-02 09:14:41,833 INFO [HikHardware] Frame Captured: 5472x3648 | PayloadSize: 19961856 | PixelType: 17301514
2026-02-02 09:14:42,318 INFO [HikHardware] Frame Captured: 5472x3648 | PayloadSize: 19961856 | PixelType: 17301514
2026-02-02 09:14:42,832 INFO [HikHardware] Frame Captured: 5472x3648 | PayloadSize: 19961856 | PixelType: 17301514
2026-02-02 09:14:43,324 INFO [HikHardware] Frame Captured: 5472x3648 | PayloadSize: 19961856 | PixelType: 17301514
2026-02-02 09:14:43,816 INFO [HikHardware] Frame Captured: 5472x3648 | PayloadSize: 19961856 | PixelType: 17301514
2026-02-02 09:14:44,304 INFO [HikHardware] Frame Captured: 5472x3648 | PayloadSize: 19961856 | PixelType: 17301514
2026-02-02 09:14:44,795 INFO [HikHardware] Frame Captured: 5472x3648 | PayloadSize: 19961856 | PixelType: 17301514
2026-02-02 09:14:45,314 INFO [HikHardware] Frame Captured: 5472x3648 | PayloadSize: 19961856 | PixelType: 17301514
2026-02-02 09:14:45,837 INFO [HikHardware] Frame Captured: 5472x3648 | PayloadSize: 19961856 | PixelType: 17301514
2026-02-02 09:14:46,313 INFO [HikHardware] Frame Captured: 5472x3648 | PayloadSize: 19961856 | PixelType: 17301514
2026-02-02 09:14:46,797 INFO [HikHardware] Frame Captured: 5472x3648 | PayloadSize: 19961856 | PixelType: 17301514
2026-02-02 09:14:47,285 INFO [HikHardware] Frame Captured: 5472x3648 | PayloadSize: 19961856 | PixelType: 17301514
2026-02-02 09:14:47,799 INFO [HikHardware] Frame Captured: 5472x3648 | PayloadSize: 19961856 | PixelType: 17301514
2026-02-02 09:14:48,339 INFO [HikHardware] Frame Captured: 5472x3648 | PayloadSize: 19961856 | PixelType: 17301514
2026-02-02 09:14:48,869 INFO [HikHardware] Frame Captured: 5472x3648 | PayloadSize: 19961856 | PixelType: 17301514
2026-02-02 09:14:49,399 INFO [HikHardware] Frame Captured: 5472x3648 | PayloadSize: 19961856 | PixelType: 17301514
2026-02-02 09:14:49,898 INFO [HikHardware] Frame Captured: 5472x3648 | PayloadSize: 19961856 | PixelType: 17301514
2026-02-02 09:14:50,404 INFO [HikHardware] Frame Captured: 5472x3648 | PayloadSize: 19961856 | PixelType: 17301514
2026-02-02 09:14:50,855 INFO [HikHardware] Frame Captured: 5472x3648 | PayloadSize: 19961856 | PixelType: 17301514
2026-02-02 09:14:51,371 INFO [HikHardware] Frame Captured: 5472x3648 | PayloadSize: 19961856 | PixelType: 17301514
2026-02-02 09:14:51,871 INFO [HikHardware] Frame Captured: 5472x3648 | PayloadSize: 19961856 | PixelType: 17301514
2026-02-02 09:14:52,484 INFO [HikHardware] Frame Captured: 5472x3648 | PayloadSize: 19961856 | PixelType: 17301514
2026-02-02 09:14:53,022 INFO [HikHardware] Frame Captured: 5472x3648 | PayloadSize: 19961856 | PixelType: 17301514
2026-02-02 09:14:53,558 INFO [HikHardware] Frame Captured: 5472x3648 | PayloadSize: 19961856 | PixelType: 17301514
2026-02-02 09:14:54,105 INFO [HikHardware] Frame Captured: 5472x3648 | PayloadSize: 19961856 | PixelType: 17301514
2026-02-02 09:14:54,636 INFO [HikHardware] Frame Captured: 5472x3648 | PayloadSize: 19961856 | PixelType: 17301514
2026-02-02 09:14:55,227 INFO [HikHardware] Frame Captured: 5472x3648 | PayloadSize: 19961856 | PixelType: 17301514
2026-02-02 09:14:55,850 INFO [HikHardware] Frame Captured: 5472x3648 | PayloadSize: 19961856 | PixelType: 17301514
2026-02-02 09:14:56,388 INFO [HikHardware] Frame Captured: 5472x3648 | PayloadSize: 19961856 | PixelType: 17301514
2026-02-02 09:14:56,911 INFO [HikHardware] Frame Captured: 5472x3648 | PayloadSize: 19961856 | PixelType: 17301514
2026-02-02 09:14:57,421 INFO [HikHardware] Frame Captured: 5472x3648 | PayloadSize: 19961856 | PixelType: 17301514
2026-02-02 09:14:57,973 INFO [HikHardware] Frame Captured: 5472x3648 | PayloadSize: 19961856 | PixelType: 17301514
2026-02-02 09:14:58,535 INFO [HikHardware] Frame Captured: 5472x3648 | PayloadSize: 19961856 | PixelType: 17301514
2026-02-02 09:14:59,083 INFO [HikHardware] Frame Captured: 5472x3648 | PayloadSize: 19961856 | PixelType: 17301514
2026-02-02 09:14:59,604 INFO [HikHardware] Frame Captured: 5472x3648 | PayloadSize: 19961856 | PixelType: 17301514
2026-02-02 09:15:00,087 INFO [HikHardware] Frame Captured: 5472x3648 | PayloadSize: 19961856 | PixelType: 17301514
2026-02-02 09:15:00,611 INFO [HikHardware] Frame Captured: 5472x3648 | PayloadSize: 19961856 | PixelType: 17301514
2026-02-02 09:15:01,110 INFO [HikHardware] Frame Captured: 5472x3648 | PayloadSize: 19961856 | PixelType: 17301514
2026-02-02 09:15:01,583 INFO [HikHardware] Frame Captured: 5472x3648 | PayloadSize: 19961856 | PixelType: 17301514
2026-02-02 09:15:02,078 INFO [HikHardware] Frame Captured: 5472x3648 | PayloadSize: 19961856 | PixelType: 17301514
2026-02-02 09:15:02,590 INFO [HikHardware] Frame Captured: 5472x3648 | PayloadSize: 19961856 | PixelType: 17301514
2026-02-02 09:15:03,112 INFO [HikHardware] Frame Captured: 5472x3648 | PayloadSize: 19961856 | PixelType: 17301514
2026-02-02 09:15:03,662 INFO [HikHardware] Frame Captured: 5472x3648 | PayloadSize: 19961856 | PixelType: 17301514
2026-02-02 09:15:04,194 INFO [HikHardware] Frame Captured: 5472x3648 | PayloadSize: 19961856 | PixelType: 17301514
2026-02-02 09:15:04,710 INFO [HikHardware] Frame Captured: 5472x3648 | PayloadSize: 19961856 | PixelType: 17301514
2026-02-02 09:15:05,212 INFO [HikHardware] Frame Captured: 5472x3648 | PayloadSize: 19961856 | PixelType: 17301514
2026-02-02 09:15:05,711 INFO [HikHardware] Frame Captured: 5472x3648 | PayloadSize: 19961856 | PixelType: 17301514
2026-02-02 09:15:06,226 INFO [HikHardware] Frame Captured: 5472x3648 | PayloadSize: 19961856 | PixelType: 17301514
2026-02-02 09:15:06,755 INFO [HikHardware] Frame Captured: 5472x3648 | PayloadSize: 19961856 | PixelType: 17301514
2026-02-02 09:15:07,246 INFO [HikHardware] Frame Captured: 5472x3648 | PayloadSize: 19961856 | PixelType: 17301514
2026-02-02 09:15:07,743 INFO [HikHardware] Frame Captured: 5472x3648 | PayloadSize: 19961856 | PixelType: 17301514
2026-02-02 09:15:08,326 INFO [HikHardware] Frame Captured: 5472x3648 | PayloadSize: 19961856 | PixelType: 17301514
2026-02-02 09:15:08,871 INFO [HikHardware] Frame Captured: 5472x3648 | PayloadSize: 19961856 | PixelType: 17301514
2026-02-02 09:15:09,401 INFO [HikHardware] Frame Captured: 5472x3648 | PayloadSize: 19961856 | PixelType: 17301514
2026-02-02 09:15:09,918 INFO [HikHardware] Frame Captured: 5472x3648 | PayloadSize: 19961856 | PixelType: 17301514
2026-02-02 09:15:11,145 INFO [HikHardware] Frame Captured: 5472x3648 | PayloadSize: 19961856 | PixelType: 17301514
2026-02-02 09:15:11,632 INFO [HikHardware] Frame Captured: 5472x3648 | PayloadSize: 19961856 | PixelType: 17301514
2026-02-02 09:15:12,096 INFO [HikHardware] Frame Captured: 5472x3648 | PayloadSize: 19961856 | PixelType: 17301514
2026-02-02 09:15:12,560 INFO [HikHardware] Frame Captured: 5472x3648 | PayloadSize: 19961856 | PixelType: 17301514
2026-02-02 09:15:13,023 INFO [HikHardware] Frame Captured: 5472x3648 | PayloadSize: 19961856 | PixelType: 17301514
2026-02-02 09:15:13,506 INFO [HikHardware] Frame Captured: 5472x3648 | PayloadSize: 19961856 | PixelType: 17301514
2026-02-02 09:15:13,967 INFO [HikHardware] Frame Captured: 5472x3648 | PayloadSize: 19961856 | PixelType: 17301514
2026-02-02 09:15:14,441 INFO [HikHardware] Frame Captured: 5472x3648 | PayloadSize: 19961856 | PixelType: 17301514
2026-02-02 09:15:14,907 INFO [HikHardware] Frame Captured: 5472x3648 | PayloadSize: 19961856 | PixelType: 17301514
2026-02-02 09:15:15,377 INFO [HikHardware] Frame Captured: 5472x3648 | PayloadSize: 19961856 | PixelType: 17301514
2026-02-02 09:15:15,840 INFO [HikHardware] Frame Captured: 5472x3648 | PayloadSize: 19961856 | PixelType: 17301514
2026-02-02 09:15:16,304 INFO [HikHardware] Frame Captured: 5472x3648 | PayloadSize: 19961856 | PixelType: 17301514
2026-02-02 09:15:16,771 INFO [HikHardware] Frame Captured: 5472x3648 | PayloadSize: 19961856 | PixelType: 17301514
2026-02-02 09:15:17,230 INFO [HikHardware] Frame Captured: 5472x3648 | PayloadSize: 19961856 | PixelType: 17301514
2026-02-02 09:15:17,692 INFO [HikHardware] Frame Captured: 5472x3648 | PayloadSize: 19961856 | PixelType: 17301514
2026-02-02 09:15:18,171 INFO [HikHardware] Frame Captured: 5472x3648 | PayloadSize: 19961856 | PixelType: 17301514
2026-02-02 09:15:18,658 INFO [HikHardware] Frame Captured: 5472x3648 | PayloadSize: 19961856 | PixelType: 17301514
2026-02-02 09:15:19,152 INFO [HikHardware] Frame Captured: 5472x3648 | PayloadSize: 19961856 | PixelType: 17301514
2026-02-02 09:15:19,624 INFO [HikHardware] Frame Captured: 5472x3648 | PayloadSize: 19961856 | PixelType: 17301514
2026-02-02 09:15:20,103 INFO [HikHardware] Frame Captured: 5472x3648 | PayloadSize: 19961856 | PixelType: 17301514
2026-02-02 09:15:20,591 INFO [HikHardware] Frame Captured: 5472x3648 | PayloadSize: 19961856 | PixelType: 17301514
2026-02-02 09:15:21,054 INFO [HikHardware] Frame Captured: 5472x3648 | PayloadSize: 19961856 | PixelType: 17301514
2026-02-02 09:15:21,506 INFO [HikHardware] Frame Captured: 5472x3648 | PayloadSize: 19961856 | PixelType: 17301514
2026-02-02 09:15:21,959 INFO [HikHardware] Frame Captured: 5472x3648 | PayloadSize: 19961856 | PixelType: 17301514
2026-02-02 09:15:22,417 INFO [HikHardware] Frame Captured: 5472x3648 | PayloadSize: 19961856 | PixelType: 17301514
2026-02-02 09:15:22,873 INFO [HikHardware] Frame Captured: 5472x3648 | PayloadSize: 19961856 | PixelType: 17301514
2026-02-02 09:15:23,327 INFO [HikHardware] Frame Captured: 5472x3648 | PayloadSize: 19961856 | PixelType: 17301514
2026-02-02 09:15:23,789 INFO [HikHardware] Frame Captured: 5472x3648 | PayloadSize: 19961856 | PixelType: 17301514
2026-02-02 09:15:24,248 INFO [HikHardware] Frame Captured: 5472x3648 | PayloadSize: 19961856 | PixelType: 17301514
2026-02-02 09:15:24,702 INFO [HikHardware] Frame Captured: 5472x3648 | PayloadSize: 19961856 | PixelType: 17301514
2026-02-02 09:15:25,156 INFO [HikHardware] Frame Captured: 5472x3648 | PayloadSize: 19961856 | PixelType: 17301514
2026-02-02 09:15:25,613 INFO [HikHardware] Frame Captured: 5472x3648 | PayloadSize: 19961856 | PixelType: 17301514
2026-02-02 09:15:26,078 INFO [HikHardware] Frame Captured: 5472x3648 | PayloadSize: 19961856 | PixelType: 17301514
2026-02-02 09:15:26,537 INFO [HikHardware] Frame Captured: 5472x3648 | PayloadSize: 19961856 | PixelType: 17301514
2026-02-02 09:15:26,983 INFO [HikHardware] Frame Captured: 5472x3648 | PayloadSize: 19961856 | PixelType: 17301514
2026-02-02 09:15:27,453 INFO [HikHardware] Frame Captured: 5472x3648 | PayloadSize: 19961856 | PixelType: 17301514
2026-02-02 09:15:27,909 INFO [HikHardware] Frame Captured: 5472x3648 | PayloadSize: 19961856 | PixelType: 17301514
2026-02-02 09:15:28,386 INFO [HikHardware] Frame Captured: 5472x3648 | PayloadSize: 19961856 | PixelType: 17301514
2026-02-02 09:15:28,868 INFO [HikHardware] Frame Captured: 5472x3648 | PayloadSize: 19961856 | PixelType: 17301514
2026-02-02 09:15:29,382 INFO [HikHardware] Frame Captured: 5472x3648 | PayloadSize: 19961856 | PixelType: 17301514
2026-02-02 09:15:29,894 INFO [HikHardware] Frame Captured: 5472x3648 | PayloadSize: 19961856 | PixelType: 17301514
2026-02-02 09:15:30,377 INFO [HikHardware] Frame Captured: 5472x3648 | PayloadSize: 19961856 | PixelType: 17301514
2026-02-02 09:15:30,888 INFO [HikHardware] Frame Captured: 5472x3648 | PayloadSize: 19961856 | PixelType: 17301514
2026-02-02 09:15:31,350 INFO [HikHardware] Frame Captured: 5472x3648 | PayloadSize: 19961856 | PixelType: 17301514
2026-02-02 09:15:31,812 INFO [HikHardware] Frame Captured: 5472x3648 | PayloadSize: 19961856 | PixelType: 17301514
2026-02-02 09:15:32,294 INFO [HikHardware] Frame Captured: 5472x3648 | PayloadSize: 19961856 | PixelType: 17301514
2026-02-02 09:15:32,763 INFO [HikHardware] Frame Captured: 5472x3648 | PayloadSize: 19961856 | PixelType: 17301514
2026-02-02 09:15:33,239 INFO [HikHardware] Frame Captured: 5472x3648 | PayloadSize: 19961856 | PixelType: 17301514
2026-02-02 09:15:33,722 INFO [HikHardware] Frame Captured: 5472x3648 | PayloadSize: 19961856 | PixelType: 17301514
2026-02-02 09:15:34,207 INFO [HikHardware] Frame Captured: 5472x3648 | PayloadSize: 19961856 | PixelType: 17301514
2026-02-02 09:15:34,679 INFO [HikHardware] Frame Captured: 5472x3648 | PayloadSize: 19961856 | PixelType: 17301514
2026-02-02 09:15:35,163 INFO [HikHardware] Frame Captured: 5472x3648 | PayloadSize: 19961856 | PixelType: 17301514
2026-02-02 09:15:35,700 INFO [HikHardware] Frame Captured: 5472x3648 | PayloadSize: 19961856 | PixelType: 17301514
2026-02-02 09:15:36,237 INFO [HikHardware] Frame Captured: 5472x3648 | PayloadSize: 19961856 | PixelType: 17301514
2026-02-02 09:15:36,726 INFO [HikHardware] Frame Captured: 5472x3648 | PayloadSize: 19961856 | PixelType: 17301514
2026-02-02 09:15:37,219 INFO [HikHardware] Frame Captured: 5472x3648 | PayloadSize: 19961856 | PixelType: 17301514
2026-02-02 09:15:37,717 INFO [HikHardware] Frame Captured: 5472x3648 | PayloadSize: 19961856 | PixelType: 17301514
2026-02-02 09:15:38,213 INFO [HikHardware] Frame Captured: 5472x3648 | PayloadSize: 19961856 | PixelType: 17301514
2026-02-02 09:15:38,743 INFO [HikHardware] Frame Captured: 5472x3648 | PayloadSize: 19961856 | PixelType: 17301514
2026-02-02 09:15:39,282 INFO [HikHardware] Frame Captured: 5472x3648 | PayloadSize: 19961856 | PixelType: 17301514
2026-02-02 09:15:39,786 INFO [HikHardware] Frame Captured: 5472x3648 | PayloadSize: 19961856 | PixelType: 17301514
2026-02-02 09:15:40,333 INFO [HikHardware] Frame Captured: 5472x3648 | PayloadSize: 19961856 | PixelType: 17301514
2026-02-02 09:15:40,852 INFO [HikHardware] Frame Captured: 5472x3648 | PayloadSize: 19961856 | PixelType: 17301514
2026-02-02 09:15:41,363 INFO [HikHardware] Frame Captured: 5472x3648 | PayloadSize: 19961856 | PixelType: 17301514
2026-02-02 09:15:41,855 INFO [HikHardware] Frame Captured: 5472x3648 | PayloadSize: 19961856 | PixelType: 17301514
2026-02-02 09:15:42,358 INFO [HikHardware] Frame Captured: 5472x3648 | PayloadSize: 19961856 | PixelType: 17301514
2026-02-02 09:15:42,894 INFO [HikHardware] Frame Captured: 5472x3648 | PayloadSize: 19961856 | PixelType: 17301514
2026-02-02 09:15:43,491 INFO [HikHardware] Frame Captured: 5472x3648 | PayloadSize: 19961856 | PixelType: 17301514
2026-02-02 09:15:44,143 INFO [HikHardware] Frame Captured: 5472x3648 | PayloadSize: 19961856 | PixelType: 17301514
2026-02-02 09:15:44,744 INFO [HikHardware] Frame Captured: 5472x3648 | PayloadSize: 19961856 | PixelType: 17301514
2026-02-02 09:15:45,333 INFO [HikHardware] Frame Captured: 5472x3648 | PayloadSize: 19961856 | PixelType: 17301514
2026-02-02 09:15:45,878 INFO [HikHardware] Frame Captured: 5472x3648 | PayloadSize: 19961856 | PixelType: 17301514
2026-02-02 09:15:46,394 INFO [HikHardware] Frame Captured: 5472x3648 | PayloadSize: 19961856 | PixelType: 17301514
2026-02-02 09:15:46,895 INFO [HikHardware] Frame Captured: 5472x3648 | PayloadSize: 19961856 | PixelType: 17301514
2026-02-02 09:15:47,393 INFO [HikHardware] Frame Captured: 5472x3648 | PayloadSize: 19961856 | PixelType: 17301514
2026-02-02 09:15:47,871 INFO [HikHardware] Frame Captured: 5472x3648 | PayloadSize: 19961856 | PixelType: 17301514
2026-02-02 09:15:48,380 INFO [HikHardware] Frame Captured: 5472x3648 | PayloadSize: 19961856 | PixelType: 17301514
2026-02-02 09:15:48,936 INFO [HikHardware] Frame Captured: 5472x3648 | PayloadSize: 19961856 | PixelType: 17301514
2026-02-02 09:15:49,535 INFO [HikHardware] Frame Captured: 5472x3648 | PayloadSize: 19961856 | PixelType: 17301514
2026-02-02 09:15:50,149 INFO [HikHardware] Frame Captured: 5472x3648 | PayloadSize: 19961856 | PixelType: 17301514
2026-02-02 09:15:50,716 INFO [HikHardware] Frame Captured: 5472x3648 | PayloadSize: 19961856 | PixelType: 17301514
2026-02-02 09:15:51,226 INFO [HikHardware] Frame Captured: 5472x3648 | PayloadSize: 19961856 | PixelType: 17301514
2026-02-02 09:15:51,738 INFO [HikHardware] Frame Captured: 5472x3648 | PayloadSize: 19961856 | PixelType: 17301514
2026-02-02 09:15:52,250 INFO [HikHardware] Frame Captured: 5472x3648 | PayloadSize: 19961856 | PixelType: 17301514
2026-02-02 09:15:52,755 INFO [HikHardware] Frame Captured: 5472x3648 | PayloadSize: 19961856 | PixelType: 17301514
2026-02-02 09:15:53,252 INFO [HikHardware] Frame Captured: 5472x3648 | PayloadSize: 19961856 | PixelType: 17301514
2026-02-02 09:15:53,755 INFO [HikHardware] Frame Captured: 5472x3648 | PayloadSize: 19961856 | PixelType: 17301514
2026-02-02 09:15:54,258 INFO [HikHardware] Frame Captured: 5472x3648 | PayloadSize: 19961856 | PixelType: 17301514
2026-02-02 09:15:54,763 INFO [HikHardware] Frame Captured: 5472x3648 | PayloadSize: 19961856 | PixelType: 17301514
2026-02-02 09:15:55,242 INFO [HikHardware] Frame Captured: 5472x3648 | PayloadSize: 19961856 | PixelType: 17301514
2026-02-02 09:15:55,758 INFO [HikHardware] Frame Captured: 5472x3648 | PayloadSize: 19961856 | PixelType: 17301514
2026-02-02 09:15:56,243 INFO [HikHardware] Frame Captured: 5472x3648 | PayloadSize: 19961856 | PixelType: 17301514
2026-02-02 09:15:56,740 INFO [HikHardware] Frame Captured: 5472x3648 | PayloadSize: 19961856 | PixelType: 17301514
2026-02-02 09:15:57,239 INFO [HikHardware] Frame Captured: 5472x3648 | PayloadSize: 19961856 | PixelType: 17301514
2026-02-02 09:15:57,736 INFO [HikHardware] Frame Captured: 5472x3648 | PayloadSize: 19961856 | PixelType: 17301514
2026-02-02 09:15:58,242 INFO [HikHardware] Frame Captured: 5472x3648 | PayloadSize: 19961856 | PixelType: 17301514
2026-02-02 09:15:58,775 INFO [HikHardware] Frame Captured: 5472x3648 | PayloadSize: 19961856 | PixelType: 17301514
2026-02-02 09:15:59,277 INFO [HikHardware] Frame Captured: 5472x3648 | PayloadSize: 19961856 | PixelType: 17301514
2026-02-02 09:15:59,799 INFO [HikHardware] Frame Captured: 5472x3648 | PayloadSize: 19961856 | PixelType: 17301514
2026-02-02 09:16:00,319 INFO [HikHardware] Frame Captured: 5472x3648 | PayloadSize: 19961856 | PixelType: 17301514
2026-02-02 09:16:00,830 INFO [HikHardware] Frame Captured: 5472x3648 | PayloadSize: 19961856 | PixelType: 17301514
2026-02-02 09:16:01,328 INFO [HikHardware] Frame Captured: 5472x3648 | PayloadSize: 19961856 | PixelType: 17301514
2026-02-02 09:16:01,805 INFO [HikHardware] Frame Captured: 5472x3648 | PayloadSize: 19961856 | PixelType: 17301514
2026-02-02 09:16:02,259 INFO [HikHardware] Frame Captured: 5472x3648 | PayloadSize: 19961856 | PixelType: 17301514
2026-02-02 09:16:02,772 INFO [HikHardware] Frame Captured: 5472x3648 | PayloadSize: 19961856 | PixelType: 17301514
2026-02-02 09:16:03,249 INFO [HikHardware] Frame Captured: 5472x3648 | PayloadSize: 19961856 | PixelType: 17301514
2026-02-02 09:16:03,757 INFO [HikHardware] Frame Captured: 5472x3648 | PayloadSize: 19961856 | PixelType: 17301514
2026-02-02 09:16:04,240 INFO [HikHardware] Frame Captured: 5472x3648 | PayloadSize: 19961856 | PixelType: 17301514
2026-02-02 09:16:04,755 INFO [HikHardware] Frame Captured: 5472x3648 | PayloadSize: 19961856 | PixelType: 17301514
2026-02-02 09:16:05,222 INFO [HikHardware] Frame Captured: 5472x3648 | PayloadSize: 19961856 | PixelType: 17301514
2026-02-02 09:16:05,714 INFO [HikHardware] Frame Captured: 5472x3648 | PayloadSize: 19961856 | PixelType: 17301514
2026-02-02 09:16:06,191 INFO [HikHardware] Frame Captured: 5472x3648 | PayloadSize: 19961856 | PixelType: 17301514
2026-02-02 09:16:06,705 INFO [HikHardware] Frame Captured: 5472x3648 | PayloadSize: 19961856 | PixelType: 17301514
2026-02-02 09:16:07,200 INFO [HikHardware] Frame Captured: 5472x3648 | PayloadSize: 19961856 | PixelType: 17301514
2026-02-02 09:16:07,751 INFO [HikHardware] Frame Captured: 5472x3648 | PayloadSize: 19961856 | PixelType: 17301514
2026-02-02 09:16:08,339 INFO [HikHardware] Frame Captured: 5472x3648 | PayloadSize: 19961856 | PixelType: 17301514
2026-02-02 09:16:09,069 INFO [HikHardware] Frame Captured: 5472x3648 | PayloadSize: 19961856 | PixelType: 17301514
2026-02-02 09:16:09,784 INFO [HikHardware] Frame Captured: 5472x3648 | PayloadSize: 19961856 | PixelType: 17301514
2026-02-02 09:16:10,506 INFO [HikHardware] Frame Captured: 5472x3648 | PayloadSize: 19961856 | PixelType: 17301514
2026-02-02 09:16:11,067 INFO [HikHardware] Frame Captured: 5472x3648 | PayloadSize: 19961856 | PixelType: 17301514
2026-02-02 09:16:11,589 INFO [HikHardware] Frame Captured: 5472x3648 | PayloadSize: 19961856 | PixelType: 17301514
2026-02-02 09:16:12,065 INFO [HikHardware] Frame Captured: 5472x3648 | PayloadSize: 19961856 | PixelType: 17301514
2026-02-02 09:16:12,539 INFO [HikHardware] Frame Captured: 5472x3648 | PayloadSize: 19961856 | PixelType: 17301514
2026-02-02 09:16:13,051 INFO [HikHardware] Frame Captured: 5472x3648 | PayloadSize: 19961856 | PixelType: 17301514
2026-02-02 09:16:13,544 INFO [HikHardware] Frame Captured: 5472x3648 | PayloadSize: 19961856 | PixelType: 17301514
2026-02-02 09:16:14,032 INFO [HikHardware] Frame Captured: 5472x3648 | PayloadSize: 19961856 | PixelType: 17301514
2026-02-02 09:16:14,542 INFO [HikHardware] Frame Captured: 5472x3648 | PayloadSize: 19961856 | PixelType: 17301514
2026-02-02 09:16:15,045 INFO [HikHardware] Frame Captured: 5472x3648 | PayloadSize: 19961856 | PixelType: 17301514
2026-02-02 09:16:15,540 INFO [HikHardware] Frame Captured: 5472x3648 | PayloadSize: 19961856 | PixelType: 17301514
2026-02-02 09:16:16,041 INFO [HikHardware] Frame Captured: 5472x3648 | PayloadSize: 19961856 | PixelType: 17301514
2026-02-02 09:16:16,530 INFO [HikHardware] Frame Captured: 5472x3648 | PayloadSize: 19961856 | PixelType: 17301514
2026-02-02 09:16:17,016 INFO [HikHardware] Frame Captured: 5472x3648 | PayloadSize: 19961856 | PixelType: 17301514
2026-02-02 09:16:17,489 INFO [HikHardware] Frame Captured: 5472x3648 | PayloadSize: 19961856 | PixelType: 17301514
2026-02-02 09:16:17,990 INFO [HikHardware] Frame Captured: 5472x3648 | PayloadSize: 19961856 | PixelType: 17301514
2026-02-02 09:16:18,496 INFO [HikHardware] Frame Captured: 5472x3648 | PayloadSize: 19961856 | PixelType: 17301514
2026-02-02 09:16:18,994 INFO [HikHardware] Frame Captured: 5472x3648 | PayloadSize: 19961856 | PixelType: 17301514
2026-02-02 09:16:19,490 INFO [HikHardware] Frame Captured: 5472x3648 | PayloadSize: 19961856 | PixelType: 17301514
2026-02-02 09:16:20,019 INFO [HikHardware] Frame Captured: 5472x3648 | PayloadSize: 19961856 | PixelType: 17301514
2026-02-02 09:16:20,559 INFO [HikHardware] Frame Captured: 5472x3648 | PayloadSize: 19961856 | PixelType: 17301514
2026-02-02 09:16:21,013 INFO [HikHardware] Frame Captured: 5472x3648 | PayloadSize: 19961856 | PixelType: 17301514
2026-02-02 09:16:21,460 INFO [HikHardware] Frame Captured: 5472x3648 | PayloadSize: 19961856 | PixelType: 17301514
2026-02-02 09:16:21,957 INFO [HikHardware] Frame Captured: 5472x3648 | PayloadSize: 19961856 | PixelType: 17301514
2026-02-02 09:16:22,475 INFO [HikHardware] Frame Captured: 5472x3648 | PayloadSize: 19961856 | PixelType: 17301514
2026-02-02 09:16:22,965 INFO [HikHardware] Frame Captured: 5472x3648 | PayloadSize: 19961856 | PixelType: 17301514
2026-02-02 09:16:23,476 INFO [HikHardware] Frame Captured: 5472x3648 | PayloadSize: 19961856 | PixelType: 17301514
2026-02-02 09:16:23,967 INFO [HikHardware] Frame Captured: 5472x3648 | PayloadSize: 19961856 | PixelType: 17301514
2026-02-02 09:16:24,468 INFO [HikHardware] Frame Captured: 5472x3648 | PayloadSize: 19961856 | PixelType: 17301514
2026-02-02 09:16:24,957 INFO [HikHardware] Frame Captured: 5472x3648 | PayloadSize: 19961856 | PixelType: 17301514
2026-02-02 09:16:25,489 INFO [HikHardware] Frame Captured: 5472x3648 | PayloadSize: 19961856 | PixelType: 17301514
2026-02-02 09:16:25,992 INFO [HikHardware] Frame Captured: 5472x3648 | PayloadSize: 19961856 | PixelType: 17301514
2026-02-02 09:16:26,512 INFO [HikHardware] Frame Captured: 5472x3648 | PayloadSize: 19961856 | PixelType: 17301514
2026-02-02 09:16:27,006 INFO [HikHardware] Frame Captured: 5472x3648 | PayloadSize: 19961856 | PixelType: 17301514
2026-02-02 09:16:27,509 INFO [HikHardware] Frame Captured: 5472x3648 | PayloadSize: 19961856 | PixelType: 17301514
2026-02-02 09:16:27,991 INFO [HikHardware] Frame Captured: 5472x3648 | PayloadSize: 19961856 | PixelType: 17301514
2026-02-02 09:16:28,482 INFO [HikHardware] Frame Captured: 5472x3648 | PayloadSize: 19961856 | PixelType: 17301514
2026-02-02 09:16:29,017 INFO [HikHardware] Frame Captured: 5472x3648 | PayloadSize: 19961856 | PixelType: 17301514
2026-02-02 09:16:29,553 INFO [HikHardware] Frame Captured: 5472x3648 | PayloadSize: 19961856 | PixelType: 17301514
2026-02-02 09:16:30,118 INFO [HikHardware] Frame Captured: 5472x3648 | PayloadSize: 19961856 | PixelType: 17301514
2026-02-02 09:16:30,641 INFO [HikHardware] Frame Captured: 5472x3648 | PayloadSize: 19961856 | PixelType: 17301514
2026-02-02 09:16:31,128 INFO [HikHardware] Frame Captured: 5472x3648 | PayloadSize: 19961856 | PixelType: 17301514
2026-02-02 09:16:31,598 INFO [HikHardware] Frame Captured: 5472x3648 | PayloadSize: 19961856 | PixelType: 17301514
2026-02-02 09:16:32,069 INFO [HikHardware] Frame Captured: 5472x3648 | PayloadSize: 19961856 | PixelType: 17301514
2026-02-02 09:16:32,558 INFO [HikHardware] Frame Captured: 5472x3648 | PayloadSize: 19961856 | PixelType: 17301514
2026-02-02 09:16:33,055 INFO [HikHardware] Frame Captured: 5472x3648 | PayloadSize: 19961856 | PixelType: 17301514
2026-02-02 09:16:33,555 INFO [HikHardware] Frame Captured: 5472x3648 | PayloadSize: 19961856 | PixelType: 17301514
2026-02-02 09:16:34,047 INFO [HikHardware] Frame Captured: 5472x3648 | PayloadSize: 19961856 | PixelType: 17301514
2026-02-02 09:16:34,545 INFO [HikHardware] Frame Captured: 5472x3648 | PayloadSize: 19961856 | PixelType: 17301514
2026-02-02 09:16:35,021 INFO [HikHardware] Frame Captured: 5472x3648 | PayloadSize: 19961856 | PixelType: 17301514
2026-02-02 09:16:35,531 INFO [HikHardware] Frame Captured: 5472x3648 | PayloadSize: 19961856 | PixelType: 17301514
2026-02-02 09:16:35,998 INFO [HikHardware] Frame Captured: 5472x3648 | PayloadSize: 19961856 | PixelType: 17301514
2026-02-02 09:16:36,499 INFO [HikHardware] Frame Captured: 5472x3648 | PayloadSize: 19961856 | PixelType: 17301514
2026-02-02 09:16:37,000 INFO [HikHardware] Frame Captured: 5472x3648 | PayloadSize: 19961856 | PixelType: 17301514
2026-02-02 09:16:37,499 INFO [HikHardware] Frame Captured: 5472x3648 | PayloadSize: 19961856 | PixelType: 17301514
2026-02-02 09:16:37,970 INFO [HikHardware] Frame Captured: 5472x3648 | PayloadSize: 19961856 | PixelType: 17301514
2026-02-02 09:16:38,453 INFO [HikHardware] Frame Captured: 5472x3648 | PayloadSize: 19961856 | PixelType: 17301514
2026-02-02 09:16:38,979 INFO [HikHardware] Frame Captured: 5472x3648 | PayloadSize: 19961856 | PixelType: 17301514
2026-02-02 09:16:39,532 INFO [HikHardware] Frame Captured: 5472x3648 | PayloadSize: 19961856 | PixelType: 17301514
2026-02-02 09:16:40,069 INFO [HikHardware] Frame Captured: 5472x3648 | PayloadSize: 19961856 | PixelType: 17301514
2026-02-02 09:16:40,591 INFO [HikHardware] Frame Captured: 5472x3648 | PayloadSize: 19961856 | PixelType: 17301514
2026-02-02 09:16:41,116 INFO [HikHardware] Frame Captured: 5472x3648 | PayloadSize: 19961856 | PixelType: 17301514
2026-02-02 09:16:41,671 INFO [HikHardware] Frame Captured: 5472x3648 | PayloadSize: 19961856 | PixelType: 17301514
2026-02-02 09:16:42,152 INFO [HikHardware] Frame Captured: 5472x3648 | PayloadSize: 19961856 | PixelType: 17301514
2026-02-02 09:16:42,694 INFO [HikHardware] Frame Captured: 5472x3648 | PayloadSize: 19961856 | PixelType: 17301514
2026-02-02 09:16:43,212 INFO [HikHardware] Frame Captured: 5472x3648 | PayloadSize: 19961856 | PixelType: 17301514
2026-02-02 09:16:43,719 INFO [HikHardware] Frame Captured: 5472x3648 | PayloadSize: 19961856 | PixelType: 17301514
2026-02-02 09:16:44,233 INFO [HikHardware] Frame Captured: 5472x3648 | PayloadSize: 19961856 | PixelType: 17301514
2026-02-02 09:16:44,696 INFO [HikHardware] Frame Captured: 5472x3648 | PayloadSize: 19961856 | PixelType: 17301514
2026-02-02 09:16:45,195 INFO [HikHardware] Frame Captured: 5472x3648 | PayloadSize: 19961856 | PixelType: 17301514
2026-02-02 09:16:45,691 INFO [HikHardware] Frame Captured: 5472x3648 | PayloadSize: 19961856 | PixelType: 17301514
2026-02-02 09:16:46,204 INFO [HikHardware] Frame Captured: 5472x3648 | PayloadSize: 19961856 | PixelType: 17301514
2026-02-02 09:16:46,693 INFO [HikHardware] Frame Captured: 5472x3648 | PayloadSize: 19961856 | PixelType: 17301514
2026-02-02 09:16:47,178 INFO [HikHardware] Frame Captured: 5472x3648 | PayloadSize: 19961856 | PixelType: 17301514
2026-02-02 09:16:47,659 INFO [HikHardware] Frame Captured: 5472x3648 | PayloadSize: 19961856 | PixelType: 17301514
2026-02-02 09:16:48,163 INFO [HikHardware] Frame Captured: 5472x3648 | PayloadSize: 19961856 | PixelType: 17301514
2026-02-02 09:16:48,629 INFO [HikHardware] Frame Captured: 5472x3648 | PayloadSize: 19961856 | PixelType: 17301514
2026-02-02 09:16:49,124 INFO [HikHardware] Frame Captured: 5472x3648 | PayloadSize: 19961856 | PixelType: 17301514
2026-02-02 09:16:49,634 INFO [HikHardware] Frame Captured: 5472x3648 | PayloadSize: 19961856 | PixelType: 17301514
2026-02-02 09:16:50,136 INFO [HikHardware] Frame Captured: 5472x3648 | PayloadSize: 19961856 | PixelType: 17301514
2026-02-02 09:16:50,640 INFO [HikHardware] Frame Captured: 5472x3648 | PayloadSize: 19961856 | PixelType: 17301514
2026-02-02 09:16:51,127 INFO [HikHardware] Frame Captured: 5472x3648 | PayloadSize: 19961856 | PixelType: 17301514
2026-02-02 09:16:51,639 INFO [HikHardware] Frame Captured: 5472x3648 | PayloadSize: 19961856 | PixelType: 17301514
2026-02-02 09:16:52,119 INFO [HikHardware] Frame Captured: 5472x3648 | PayloadSize: 19961856 | PixelType: 17301514
2026-02-02 09:16:52,616 INFO [HikHardware] Frame Captured: 5472x3648 | PayloadSize: 19961856 | PixelType: 17301514
2026-02-02 09:16:53,119 INFO [HikHardware] Frame Captured: 5472x3648 | PayloadSize: 19961856 | PixelType: 17301514
2026-02-02 09:16:53,597 INFO [HikHardware] Frame Captured: 5472x3648 | PayloadSize: 19961856 | PixelType: 17301514
2026-02-02 09:16:54,110 INFO [HikHardware] Frame Captured: 5472x3648 | PayloadSize: 19961856 | PixelType: 17301514
2026-02-02 09:16:54,600 INFO [HikHardware] Frame Captured: 5472x3648 | PayloadSize: 19961856 | PixelType: 17301514
2026-02-02 09:16:55,089 INFO [HikHardware] Frame Captured: 5472x3648 | PayloadSize: 19961856 | PixelType: 17301514
2026-02-02 09:16:55,594 INFO [HikHardware] Frame Captured: 5472x3648 | PayloadSize: 19961856 | PixelType: 17301514
2026-02-02 09:16:56,127 INFO [HikHardware] Frame Captured: 5472x3648 | PayloadSize: 19961856 | PixelType: 17301514
2026-02-02 09:16:56,813 INFO [HikHardware] Frame Captured: 5472x3648 | PayloadSize: 19961856 | PixelType: 17301514
2026-02-02 09:16:57,312 INFO [HikHardware] Frame Captured: 5472x3648 | PayloadSize: 19961856 | PixelType: 17301514
2026-02-02 09:16:57,801 INFO [HikHardware] Frame Captured: 5472x3648 | PayloadSize: 19961856 | PixelType: 17301514
2026-02-02 09:16:58,293 INFO [HikHardware] Frame Captured: 5472x3648 | PayloadSize: 19961856 | PixelType: 17301514
2026-02-02 09:16:58,796 INFO [HikHardware] Frame Captured: 5472x3648 | PayloadSize: 19961856 | PixelType: 17301514
2026-02-02 09:16:59,310 INFO [HikHardware] Frame Captured: 5472x3648 | PayloadSize: 19961856 | PixelType: 17301514
2026-02-02 09:16:59,814 INFO [HikHardware] Frame Captured: 5472x3648 | PayloadSize: 19961856 | PixelType: 17301514
2026-02-02 09:17:00,327 INFO [HikHardware] Frame Captured: 5472x3648 | PayloadSize: 19961856 | PixelType: 17301514
2026-02-02 09:17:00,827 INFO [HikHardware] Frame Captured: 5472x3648 | PayloadSize: 19961856 | PixelType: 17301514
2026-02-02 09:17:01,319 INFO [HikHardware] Frame Captured: 5472x3648 | PayloadSize: 19961856 | PixelType: 17301514
2026-02-02 09:17:01,872 INFO [HikHardware] Frame Captured: 5472x3648 | PayloadSize: 19961856 | PixelType: 17301514
2026-02-02 09:17:02,363 INFO [HikHardware] Frame Captured: 5472x3648 | PayloadSize: 19961856 | PixelType: 17301514
2026-02-02 09:17:02,837 INFO [HikHardware] Frame Captured: 5472x3648 | PayloadSize: 19961856 | PixelType: 17301514
2026-02-02 09:17:03,301 INFO [HikHardware] Frame Captured: 5472x3648 | PayloadSize: 19961856 | PixelType: 17301514
2026-02-02 09:17:03,792 INFO [HikHardware] Frame Captured: 5472x3648 | PayloadSize: 19961856 | PixelType: 17301514
2026-02-02 09:17:04,305 INFO [HikHardware] Frame Captured: 5472x3648 | PayloadSize: 19961856 | PixelType: 17301514
2026-02-02 09:17:04,814 INFO [HikHardware] Frame Captured: 5472x3648 | PayloadSize: 19961856 | PixelType: 17301514
2026-02-02 09:17:05,350 INFO [HikHardware] Frame Captured: 5472x3648 | PayloadSize: 19961856 | PixelType: 17301514
2026-02-02 09:17:05,884 INFO [HikHardware] Frame Captured: 5472x3648 | PayloadSize: 19961856 | PixelType: 17301514
2026-02-02 09:17:06,378 INFO [HikHardware] Frame Captured: 5472x3648 | PayloadSize: 19961856 | PixelType: 17301514
2026-02-02 09:17:06,868 INFO [HikHardware] Frame Captured: 5472x3648 | PayloadSize: 19961856 | PixelType: 17301514
2026-02-02 09:17:07,378 INFO [HikHardware] Frame Captured: 5472x3648 | PayloadSize: 19961856 | PixelType: 17301514
2026-02-02 09:17:07,886 INFO [HikHardware] Frame Captured: 5472x3648 | PayloadSize: 19961856 | PixelType: 17301514
2026-02-02 09:17:08,386 INFO [HikHardware] Frame Captured: 5472x3648 | PayloadSize: 19961856 | PixelType: 17301514
2026-02-02 09:17:08,886 INFO [HikHardware] Frame Captured: 5472x3648 | PayloadSize: 19961856 | PixelType: 17301514
2026-02-02 09:17:09,437 INFO [HikHardware] Frame Captured: 5472x3648 | PayloadSize: 19961856 | PixelType: 17301514
2026-02-02 09:17:09,935 INFO [HikHardware] Frame Captured: 5472x3648 | PayloadSize: 19961856 | PixelType: 17301514
2026-02-02 09:17:10,471 INFO [HikHardware] Frame Captured: 5472x3648 | PayloadSize: 19961856 | PixelType: 17301514
2026-02-02 09:17:10,983 INFO [HikHardware] Frame Captured: 5472x3648 | PayloadSize: 19961856 | PixelType: 17301514
2026-02-02 09:17:11,525 INFO [HikHardware] Frame Captured: 5472x3648 | PayloadSize: 19961856 | PixelType: 17301514
2026-02-02 09:17:12,004 INFO [HikHardware] Frame Captured: 5472x3648 | PayloadSize: 19961856 | PixelType: 17301514
2026-02-02 09:17:12,486 INFO [HikHardware] Frame Captured: 5472x3648 | PayloadSize: 19961856 | PixelType: 17301514
2026-02-02 09:17:12,981 INFO [HikHardware] Frame Captured: 5472x3648 | PayloadSize: 19961856 | PixelType: 17301514
2026-02-02 09:17:13,484 INFO [HikHardware] Frame Captured: 5472x3648 | PayloadSize: 19961856 | PixelType: 17301514
2026-02-02 09:17:13,988 INFO [HikHardware] Frame Captured: 5472x3648 | PayloadSize: 19961856 | PixelType: 17301514
2026-02-02 09:17:14,506 INFO [HikHardware] Frame Captured: 5472x3648 | PayloadSize: 19961856 | PixelType: 17301514
2026-02-02 09:17:15,006 INFO [HikHardware] Frame Captured: 5472x3648 | PayloadSize: 19961856 | PixelType: 17301514
2026-02-02 09:17:15,506 INFO [HikHardware] Frame Captured: 5472x3648 | PayloadSize: 19961856 | PixelType: 17301514
2026-02-02 09:17:16,006 INFO [HikHardware] Frame Captured: 5472x3648 | PayloadSize: 19961856 | PixelType: 17301514
2026-02-02 09:17:16,505 INFO [HikHardware] Frame Captured: 5472x3648 | PayloadSize: 19961856 | PixelType: 17301514
2026-02-02 09:17:17,227 INFO [HikHardware] Frame Captured: 5472x3648 | PayloadSize: 19961856 | PixelType: 17301514
2026-02-02 09:17:17,709 INFO [HikHardware] Frame Captured: 5472x3648 | PayloadSize: 19961856 | PixelType: 17301514
2026-02-02 09:17:18,188 INFO [HikHardware] Frame Captured: 5472x3648 | PayloadSize: 19961856 | PixelType: 17301514
2026-02-02 09:17:18,673 INFO [HikHardware] Frame Captured: 5472x3648 | PayloadSize: 19961856 | PixelType: 17301514
2026-02-02 09:17:19,129 INFO [HikHardware] Frame Captured: 5472x3648 | PayloadSize: 19961856 | PixelType: 17301514
2026-02-02 09:17:19,610 INFO [HikHardware] Frame Captured: 5472x3648 | PayloadSize: 19961856 | PixelType: 17301514
2026-02-02 09:17:20,104 INFO [HikHardware] Frame Captured: 5472x3648 | PayloadSize: 19961856 | PixelType: 17301514
2026-02-02 09:17:20,599 INFO [HikHardware] Frame Captured: 5472x3648 | PayloadSize: 19961856 | PixelType: 17301514
2026-02-02 09:17:21,074 INFO [HikHardware] Frame Captured: 5472x3648 | PayloadSize: 19961856 | PixelType: 17301514
2026-02-02 09:17:21,547 INFO [HikHardware] Frame Captured: 5472x3648 | PayloadSize: 19961856 | PixelType: 17301514
2026-02-02 09:17:22,005 INFO [HikHardware] Frame Captured: 5472x3648 | PayloadSize: 19961856 | PixelType: 17301514
2026-02-02 09:17:22,450 INFO [HikHardware] Frame Captured: 5472x3648 | PayloadSize: 19961856 | PixelType: 17301514
2026-02-02 09:17:22,907 INFO [HikHardware] Frame Captured: 5472x3648 | PayloadSize: 19961856 | PixelType: 17301514
2026-02-02 09:17:23,356 INFO [HikHardware] Frame Captured: 5472x3648 | PayloadSize: 19961856 | PixelType: 17301514
2026-02-02 09:17:23,823 INFO [HikHardware] Frame Captured: 5472x3648 | PayloadSize: 19961856 | PixelType: 17301514
2026-02-02 09:17:24,296 INFO [HikHardware] Frame Captured: 5472x3648 | PayloadSize: 19961856 | PixelType: 17301514
2026-02-02 09:17:24,765 INFO [HikHardware] Frame Captured: 5472x3648 | PayloadSize: 19961856 | PixelType: 17301514
2026-02-02 09:17:25,240 INFO [HikHardware] Frame Captured: 5472x3648 | PayloadSize: 19961856 | PixelType: 17301514
2026-02-02 09:17:25,703 INFO [HikHardware] Frame Captured: 5472x3648 | PayloadSize: 19961856 | PixelType: 17301514
2026-02-02 09:17:26,181 INFO [HikHardware] Frame Captured: 5472x3648 | PayloadSize: 19961856 | PixelType: 17301514
2026-02-02 09:17:26,650 INFO [HikHardware] Frame Captured: 5472x3648 | PayloadSize: 19961856 | PixelType: 17301514
2026-02-02 09:17:27,124 INFO [HikHardware] Frame Captured: 5472x3648 | PayloadSize: 19961856 | PixelType: 17301514
2026-02-02 09:17:27,599 INFO [HikHardware] Frame Captured: 5472x3648 | PayloadSize: 19961856 | PixelType: 17301514
2026-02-02 09:17:28,081 INFO [HikHardware] Frame Captured: 5472x3648 | PayloadSize: 19961856 | PixelType: 17301514
2026-02-02 09:17:28,565 INFO [HikHardware] Frame Captured: 5472x3648 | PayloadSize: 19961856 | PixelType: 17301514
2026-02-02 09:17:29,025 INFO [HikHardware] Frame Captured: 5472x3648 | PayloadSize: 19961856 | PixelType: 17301514
2026-02-02 09:17:29,501 INFO [HikHardware] Frame Captured: 5472x3648 | PayloadSize: 19961856 | PixelType: 17301514
2026-02-02 09:17:29,993 INFO [HikHardware] Frame Captured: 5472x3648 | PayloadSize: 19961856 | PixelType: 17301514
2026-02-02 09:17:30,480 INFO [HikHardware] Frame Captured: 5472x3648 | PayloadSize: 19961856 | PixelType: 17301514
2026-02-02 09:17:30,947 INFO [HikHardware] Frame Captured: 5472x3648 | PayloadSize: 19961856 | PixelType: 17301514
2026-02-02 09:17:31,424 INFO [HikHardware] Frame Captured: 5472x3648 | PayloadSize: 19961856 | PixelType: 17301514
2026-02-02 09:17:31,905 INFO [HikHardware] Frame Captured: 5472x3648 | PayloadSize: 19961856 | PixelType: 17301514
2026-02-02 09:17:32,393 INFO [HikHardware] Frame Captured: 5472x3648 | PayloadSize: 19961856 | PixelType: 17301514
2026-02-02 09:17:32,872 INFO [HikHardware] Frame Captured: 5472x3648 | PayloadSize: 19961856 | PixelType: 17301514
2026-02-02 09:17:33,358 INFO [HikHardware] Frame Captured: 5472x3648 | PayloadSize: 19961856 | PixelType: 17301514
2026-02-02 09:17:33,833 INFO [HikHardware] Frame Captured: 5472x3648 | PayloadSize: 19961856 | PixelType: 17301514
2026-02-02 09:17:34,309 INFO [HikHardware] Frame Captured: 5472x3648 | PayloadSize: 19961856 | PixelType: 17301514
2026-02-02 09:17:34,771 INFO [HikHardware] Frame Captured: 5472x3648 | PayloadSize: 19961856 | PixelType: 17301514
2026-02-02 09:17:35,234 INFO [HikHardware] Frame Captured: 5472x3648 | PayloadSize: 19961856 | PixelType: 17301514
2026-02-02 09:17:35,681 INFO [HikHardware] Frame Captured: 5472x3648 | PayloadSize: 19961856 | PixelType: 17301514
2026-02-02 09:17:36,126 INFO [HikHardware] Frame Captured: 5472x3648 | PayloadSize: 19961856 | PixelType: 17301514
2026-02-02 09:17:36,580 INFO [HikHardware] Frame Captured: 5472x3648 | PayloadSize: 19961856 | PixelType: 17301514
2026-02-02 09:17:37,044 INFO [HikHardware] Frame Captured: 5472x3648 | PayloadSize: 19961856 | PixelType: 17301514
2026-02-02 09:17:37,505 INFO [HikHardware] Frame Captured: 5472x3648 | PayloadSize: 19961856 | PixelType: 17301514
2026-02-02 09:17:37,969 INFO [HikHardware] Frame Captured: 5472x3648 | PayloadSize: 19961856 | PixelType: 17301514
2026-02-02 09:17:38,438 INFO [HikHardware] Frame Captured: 5472x3648 | PayloadSize: 19961856 | PixelType: 17301514
2026-02-02 09:17:38,898 INFO [HikHardware] Frame Captured: 5472x3648 | PayloadSize: 19961856 | PixelType: 17301514
2026-02-02 09:17:39,383 INFO [HikHardware] Frame Captured: 5472x3648 | PayloadSize: 19961856 | PixelType: 17301514
2026-02-02 09:17:39,880 INFO [HikHardware] Frame Captured: 5472x3648 | PayloadSize: 19961856 | PixelType: 17301514
2026-02-02 09:17:40,345 INFO [HikHardware] Frame Captured: 5472x3648 | PayloadSize: 19961856 | PixelType: 17301514
2026-02-02 09:17:40,835 INFO [HikHardware] Frame Captured: 5472x3648 | PayloadSize: 19961856 | PixelType: 17301514
2026-02-02 09:17:41,326 INFO [HikHardware] Frame Captured: 5472x3648 | PayloadSize: 19961856 | PixelType: 17301514
2026-02-02 09:17:41,795 INFO [HikHardware] Frame Captured: 5472x3648 | PayloadSize: 19961856 | PixelType: 17301514
2026-02-02 09:17:42,264 INFO [HikHardware] Frame Captured: 5472x3648 | PayloadSize: 19961856 | PixelType: 17301514
2026-02-02 09:17:42,724 INFO [HikHardware] Frame Captured: 5472x3648 | PayloadSize: 19961856 | PixelType: 17301514
2026-02-02 09:17:43,193 INFO [HikHardware] Frame Captured: 5472x3648 | PayloadSize: 19961856 | PixelType: 17301514
2026-02-02 09:17:43,662 INFO [HikHardware] Frame Captured: 5472x3648 | PayloadSize: 19961856 | PixelType: 17301514
2026-02-02 09:17:44,133 INFO [HikHardware] Frame Captured: 5472x3648 | PayloadSize: 19961856 | PixelType: 17301514
2026-02-02 09:17:44,604 INFO [HikHardware] Frame Captured: 5472x3648 | PayloadSize: 19961856 | PixelType: 17301514
2026-02-02 09:17:45,068 INFO [HikHardware] Frame Captured: 5472x3648 | PayloadSize: 19961856 | PixelType: 17301514
2026-02-02 09:17:45,515 INFO [HikHardware] Frame Captured: 5472x3648 | PayloadSize: 19961856 | PixelType: 17301514
2026-02-02 09:17:45,997 INFO [HikHardware] Frame Captured: 5472x3648 | PayloadSize: 19961856 | PixelType: 17301514
2026-02-02 09:17:46,496 INFO [HikHardware] Frame Captured: 5472x3648 | PayloadSize: 19961856 | PixelType: 17301514
2026-02-02 09:17:46,972 INFO [HikHardware] Frame Captured: 5472x3648 | PayloadSize: 19961856 | PixelType: 17301514
2026-02-02 09:17:47,444 INFO [HikHardware] Frame Captured: 5472x3648 | PayloadSize: 19961856 | PixelType: 17301514
2026-02-02 09:17:47,966 INFO [HikHardware] Frame Captured: 5472x3648 | PayloadSize: 19961856 | PixelType: 17301514
2026-02-02 09:17:48,500 INFO [HikHardware] Frame Captured: 5472x3648 | PayloadSize: 19961856 | PixelType: 17301514
2026-02-02 09:17:49,034 INFO [HikHardware] Frame Captured: 5472x3648 | PayloadSize: 19961856 | PixelType: 17301514
2026-02-02 09:17:49,574 INFO [HikHardware] Frame Captured: 5472x3648 | PayloadSize: 19961856 | PixelType: 17301514
2026-02-02 09:17:50,128 INFO [HikHardware] Frame Captured: 5472x3648 | PayloadSize: 19961856 | PixelType: 17301514
2026-02-02 09:17:50,700 INFO [HikHardware] Frame Captured: 5472x3648 | PayloadSize: 19961856 | PixelType: 17301514
2026-02-02 09:17:51,290 INFO [HikHardware] Frame Captured: 5472x3648 | PayloadSize: 19961856 | PixelType: 17301514
2026-02-02 09:17:51,940 INFO [HikHardware] Frame Captured: 5472x3648 | PayloadSize: 19961856 | PixelType: 17301514
2026-02-02 09:17:52,529 INFO [HikHardware] Frame Captured: 5472x3648 | PayloadSize: 19961856 | PixelType: 17301514
2026-02-02 09:17:53,028 INFO [HikHardware] Frame Captured: 5472x3648 | PayloadSize: 19961856 | PixelType: 17301514
2026-02-02 09:17:53,529 INFO [HikHardware] Frame Captured: 5472x3648 | PayloadSize: 19961856 | PixelType: 17301514
2026-02-02 09:17:54,040 INFO [HikHardware] Frame Captured: 5472x3648 | PayloadSize: 19961856 | PixelType: 17301514
2026-02-02 09:17:54,538 INFO [HikHardware] Frame Captured: 5472x3648 | PayloadSize: 19961856 | PixelType: 17301514
2026-02-02 09:17:55,062 INFO [HikHardware] Frame Captured: 5472x3648 | PayloadSize: 19961856 | PixelType: 17301514
2026-02-02 09:17:55,635 INFO [HikHardware] Frame Captured: 5472x3648 | PayloadSize: 19961856 | PixelType: 17301514
2026-02-02 09:17:56,230 INFO [HikHardware] Frame Captured: 5472x3648 | PayloadSize: 19961856 | PixelType: 17301514
2026-02-02 09:17:56,789 INFO [HikHardware] Frame Captured: 5472x3648 | PayloadSize: 19961856 | PixelType: 17301514
2026-02-02 09:17:57,591 INFO [HikHardware] Frame Captured: 5472x3648 | PayloadSize: 19961856 | PixelType: 17301514
2026-02-02 09:17:58,287 INFO [HikHardware] Frame Captured: 5472x3648 | PayloadSize: 19961856 | PixelType: 17301514
2026-02-02 09:17:58,980 INFO [HikHardware] Frame Captured: 5472x3648 | PayloadSize: 19961856 | PixelType: 17301514
2026-02-02 09:17:59,580 INFO [HikHardware] Frame Captured: 5472x3648 | PayloadSize: 19961856 | PixelType: 17301514
2026-02-02 09:18:00,149 INFO [HikHardware] Frame Captured: 5472x3648 | PayloadSize: 19961856 | PixelType: 17301514
2026-02-02 09:18:00,763 INFO [HikHardware] Frame Captured: 5472x3648 | PayloadSize: 19961856 | PixelType: 17301514
2026-02-02 09:18:01,352 INFO [HikHardware] Frame Captured: 5472x3648 | PayloadSize: 19961856 | PixelType: 17301514
2026-02-02 09:18:01,973 INFO [HikHardware] Frame Captured: 5472x3648 | PayloadSize: 19961856 | PixelType: 17301514
2026-02-02 09:18:02,768 INFO [HikHardware] Frame Captured: 5472x3648 | PayloadSize: 19961856 | PixelType: 17301514
2026-02-02 09:18:03,341 INFO [HikHardware] Frame Captured: 5472x3648 | PayloadSize: 19961856 | PixelType: 17301514
2026-02-02 09:18:04,035 INFO [HikHardware] Frame Captured: 5472x3648 | PayloadSize: 19961856 | PixelType: 17301514
2026-02-02 09:18:04,619 INFO [HikHardware] Frame Captured: 5472x3648 | PayloadSize: 19961856 | PixelType: 17301514
2026-02-02 09:18:05,210 INFO [HikHardware] Frame Captured: 5472x3648 | PayloadSize: 19961856 | PixelType: 17301514
2026-02-02 09:18:05,791 INFO [HikHardware] Frame Captured: 5472x3648 | PayloadSize: 19961856 | PixelType: 17301514
2026-02-02 09:18:06,381 INFO [HikHardware] Frame Captured: 5472x3648 | PayloadSize: 19961856 | PixelType: 17301514
2026-02-02 09:18:06,942 INFO [HikHardware] Frame Captured: 5472x3648 | PayloadSize: 19961856 | PixelType: 17301514
2026-02-02 09:18:07,481 INFO [HikHardware] Frame Captured: 5472x3648 | PayloadSize: 19961856 | PixelType: 17301514
2026-02-02 09:18:07,995 INFO [HikHardware] Frame Captured: 5472x3648 | PayloadSize: 19961856 | PixelType: 17301514
2026-02-02 09:18:08,523 INFO [HikHardware] Frame Captured: 5472x3648 | PayloadSize: 19961856 | PixelType: 17301514
2026-02-02 09:18:09,035 INFO [HikHardware] Frame Captured: 5472x3648 | PayloadSize: 19961856 | PixelType: 17301514
2026-02-02 09:18:09,554 INFO [HikHardware] Frame Captured: 5472x3648 | PayloadSize: 19961856 | PixelType: 17301514
2026-02-02 09:18:10,098 INFO [HikHardware] Frame Captured: 5472x3648 | PayloadSize: 19961856 | PixelType: 17301514
2026-02-02 09:18:11,119 ERROR [HikHardware] Image processing failed: 
2026-02-02 09:18:11,958 INFO [HikHardware] Frame Captured: 5472x3648 | PayloadSize: 19961856 | PixelType: 17301514
2026-02-02 09:18:12,973 ERROR [HikHardware] Image processing failed: 
2026-02-02 09:18:13,819 INFO [HikHardware] Frame Captured: 5472x3648 | PayloadSize: 19961856 | PixelType: 17301514
2026-02-02 09:18:14,333 INFO [HikHardware] Frame Captured: 5472x3648 | PayloadSize: 19961856 | PixelType: 17301514
2026-02-02 09:18:14,832 INFO [HikHardware] Frame Captured: 5472x3648 | PayloadSize: 19961856 | PixelType: 17301514
2026-02-02 09:18:15,339 INFO [HikHardware] Frame Captured: 5472x3648 | PayloadSize: 19961856 | PixelType: 17301514
2026-02-02 09:18:15,804 INFO [HikHardware] Frame Captured: 5472x3648 | PayloadSize: 19961856 | PixelType: 17301514
2026-02-02 09:18:16,281 INFO [HikHardware] Frame Captured: 5472x3648 | PayloadSize: 19961856 | PixelType: 17301514
2026-02-02 09:18:16,761 INFO [HikHardware] Frame Captured: 5472x3648 | PayloadSize: 19961856 | PixelType: 17301514
2026-02-02 09:18:17,243 INFO [HikHardware] Frame Captured: 5472x3648 | PayloadSize: 19961856 | PixelType: 17301514
2026-02-02 09:18:17,732 INFO [HikHardware] Frame Captured: 5472x3648 | PayloadSize: 19961856 | PixelType: 17301514
2026-02-02 09:18:18,231 INFO [HikHardware] Frame Captured: 5472x3648 | PayloadSize: 19961856 | PixelType: 17301514
2026-02-02 09:18:18,732 INFO [HikHardware] Frame Captured: 5472x3648 | PayloadSize: 19961856 | PixelType: 17301514
2026-02-02 09:18:19,231 INFO [HikHardware] Frame Captured: 5472x3648 | PayloadSize: 19961856 | PixelType: 17301514
2026-02-02 09:18:19,710 INFO [HikHardware] Frame Captured: 5472x3648 | PayloadSize: 19961856 | PixelType: 17301514
2026-02-02 09:18:20,187 INFO [HikHardware] Frame Captured: 5472x3648 | PayloadSize: 19961856 | PixelType: 17301514
2026-02-02 09:18:20,707 INFO [HikHardware] Frame Captured: 5472x3648 | PayloadSize: 19961856 | PixelType: 17301514
2026-02-02 09:18:21,207 INFO [HikHardware] Frame Captured: 5472x3648 | PayloadSize: 19961856 | PixelType: 17301514
2026-02-02 09:18:21,721 INFO [HikHardware] Frame Captured: 5472x3648 | PayloadSize: 19961856 | PixelType: 17301514
2026-02-02 09:18:22,217 INFO [HikHardware] Frame Captured: 5472x3648 | PayloadSize: 19961856 | PixelType: 17301514
2026-02-02 09:18:22,717 INFO [HikHardware] Frame Captured: 5472x3648 | PayloadSize: 19961856 | PixelType: 17301514
2026-02-02 09:18:23,199 INFO [HikHardware] Frame Captured: 5472x3648 | PayloadSize: 19961856 | PixelType: 17301514
2026-02-02 09:18:23,659 INFO [HikHardware] Frame Captured: 5472x3648 | PayloadSize: 19961856 | PixelType: 17301514
2026-02-02 09:18:24,116 INFO [HikHardware] Frame Captured: 5472x3648 | PayloadSize: 19961856 | PixelType: 17301514
2026-02-02 09:18:24,575 INFO [HikHardware] Frame Captured: 5472x3648 | PayloadSize: 19961856 | PixelType: 17301514
2026-02-02 09:18:25,030 INFO [HikHardware] Frame Captured: 5472x3648 | PayloadSize: 19961856 | PixelType: 17301514
2026-02-02 09:18:25,485 INFO [HikHardware] Frame Captured: 5472x3648 | PayloadSize: 19961856 | PixelType: 17301514
2026-02-02 09:18:25,935 INFO [HikHardware] Frame Captured: 5472x3648 | PayloadSize: 19961856 | PixelType: 17301514
2026-02-02 09:18:26,400 INFO [HikHardware] Frame Captured: 5472x3648 | PayloadSize: 19961856 | PixelType: 17301514
2026-02-02 09:18:26,855 INFO [HikHardware] Frame Captured: 5472x3648 | PayloadSize: 19961856 | PixelType: 17301514
2026-02-02 09:18:27,302 INFO [HikHardware] Frame Captured: 5472x3648 | PayloadSize: 19961856 | PixelType: 17301514
2026-02-02 09:18:27,765 INFO [HikHardware] Frame Captured: 5472x3648 | PayloadSize: 19961856 | PixelType: 17301514
2026-02-02 09:18:28,222 INFO [HikHardware] Frame Captured: 5472x3648 | PayloadSize: 19961856 | PixelType: 17301514
2026-02-02 09:18:28,687 INFO [HikHardware] Frame Captured: 5472x3648 | PayloadSize: 19961856 | PixelType: 17301514
2026-02-02 09:18:29,152 INFO [HikHardware] Frame Captured: 5472x3648 | PayloadSize: 19961856 | PixelType: 17301514
2026-02-02 09:18:29,609 INFO [HikHardware] Frame Captured: 5472x3648 | PayloadSize: 19961856 | PixelType: 17301514
2026-02-02 09:18:30,092 INFO [HikHardware] Frame Captured: 5472x3648 | PayloadSize: 19961856 | PixelType: 17301514
2026-02-02 09:18:30,563 INFO [HikHardware] Frame Captured: 5472x3648 | PayloadSize: 19961856 | PixelType: 17301514
2026-02-02 09:18:31,045 INFO [HikHardware] Frame Captured: 5472x3648 | PayloadSize: 19961856 | PixelType: 17301514
2026-02-02 09:18:31,533 INFO [HikHardware] Frame Captured: 5472x3648 | PayloadSize: 19961856 | PixelType: 17301514
2026-02-02 09:18:32,011 INFO [HikHardware] Frame Captured: 5472x3648 | PayloadSize: 19961856 | PixelType: 17301514
2026-02-02 09:18:32,498 INFO [HikHardware] Frame Captured: 5472x3648 | PayloadSize: 19961856 | PixelType: 17301514
2026-02-02 09:18:32,967 INFO [HikHardware] Frame Captured: 5472x3648 | PayloadSize: 19961856 | PixelType: 17301514
2026-02-02 09:18:33,440 INFO [HikHardware] Frame Captured: 5472x3648 | PayloadSize: 19961856 | PixelType: 17301514
2026-02-02 09:18:33,901 INFO [HikHardware] Frame Captured: 5472x3648 | PayloadSize: 19961856 | PixelType: 17301514
2026-02-02 09:18:34,378 INFO [HikHardware] Frame Captured: 5472x3648 | PayloadSize: 19961856 | PixelType: 17301514
2026-02-02 09:18:34,852 INFO [HikHardware] Frame Captured: 5472x3648 | PayloadSize: 19961856 | PixelType: 17301514
2026-02-02 09:18:35,330 INFO [HikHardware] Frame Captured: 5472x3648 | PayloadSize: 19961856 | PixelType: 17301514
2026-02-02 09:18:35,806 INFO [HikHardware] Frame Captured: 5472x3648 | PayloadSize: 19961856 | PixelType: 17301514
2026-02-02 09:18:36,281 INFO [HikHardware] Frame Captured: 5472x3648 | PayloadSize: 19961856 | PixelType: 17301514
2026-02-02 09:18:36,758 INFO [HikHardware] Frame Captured: 5472x3648 | PayloadSize: 19961856 | PixelType: 17301514
2026-02-02 09:18:37,241 INFO [HikHardware] Frame Captured: 5472x3648 | PayloadSize: 19961856 | PixelType: 17301514
2026-02-02 09:18:37,722 INFO [HikHardware] Frame Captured: 5472x3648 | PayloadSize: 19961856 | PixelType: 17301514
2026-02-02 09:18:38,178 INFO [HikHardware] Frame Captured: 5472x3648 | PayloadSize: 19961856 | PixelType: 17301514
2026-02-02 09:18:38,674 INFO [HikHardware] Frame Captured: 5472x3648 | PayloadSize: 19961856 | PixelType: 17301514
2026-02-02 09:18:39,174 INFO [HikHardware] Frame Captured: 5472x3648 | PayloadSize: 19961856 | PixelType: 17301514
2026-02-02 09:18:39,715 INFO [HikHardware] Frame Captured: 5472x3648 | PayloadSize: 19961856 | PixelType: 17301514
2026-02-02 09:18:40,216 INFO [HikHardware] Frame Captured: 5472x3648 | PayloadSize: 19961856 | PixelType: 17301514
2026-02-02 09:18:40,732 INFO [HikHardware] Frame Captured: 5472x3648 | PayloadSize: 19961856 | PixelType: 17301514
2026-02-02 09:18:41,293 INFO [HikHardware] Frame Captured: 5472x3648 | PayloadSize: 19961856 | PixelType: 17301514
2026-02-02 09:18:41,838 INFO [HikHardware] Frame Captured: 5472x3648 | PayloadSize: 19961856 | PixelType: 17301514
2026-02-02 09:18:42,345 INFO [HikHardware] Frame Captured: 5472x3648 | PayloadSize: 19961856 | PixelType: 17301514
2026-02-02 09:18:42,853 INFO [HikHardware] Frame Captured: 5472x3648 | PayloadSize: 19961856 | PixelType: 17301514
2026-02-02 09:18:43,400 INFO [HikHardware] Frame Captured: 5472x3648 | PayloadSize: 19961856 | PixelType: 17301514
2026-02-02 09:18:43,900 INFO [HikHardware] Frame Captured: 5472x3648 | PayloadSize: 19961856 | PixelType: 17301514
2026-02-02 09:18:44,408 INFO [HikHardware] Frame Captured: 5472x3648 | PayloadSize: 19961856 | PixelType: 17301514
2026-02-02 09:18:44,909 INFO [HikHardware] Frame Captured: 5472x3648 | PayloadSize: 19961856 | PixelType: 17301514
2026-02-02 09:18:45,427 INFO [HikHardware] Frame Captured: 5472x3648 | PayloadSize: 19961856 | PixelType: 17301514
2026-02-02 09:18:45,938 INFO [HikHardware] Frame Captured: 5472x3648 | PayloadSize: 19961856 | PixelType: 17301514
2026-02-02 09:18:46,450 INFO [HikHardware] Frame Captured: 5472x3648 | PayloadSize: 19961856 | PixelType: 17301514
2026-02-02 09:18:46,958 INFO [HikHardware] Frame Captured: 5472x3648 | PayloadSize: 19961856 | PixelType: 17301514
2026-02-02 09:18:47,489 INFO [HikHardware] Frame Captured: 5472x3648 | PayloadSize: 19961856 | PixelType: 17301514
2026-02-02 09:18:47,998 INFO [HikHardware] Frame Captured: 5472x3648 | PayloadSize: 19961856 | PixelType: 17301514
2026-02-02 09:18:48,576 INFO [HikHardware] Frame Captured: 5472x3648 | PayloadSize: 19961856 | PixelType: 17301514
2026-02-02 09:18:49,078 INFO [HikHardware] Frame Captured: 5472x3648 | PayloadSize: 19961856 | PixelType: 17301514
2026-02-02 09:18:49,584 INFO [HikHardware] Frame Captured: 5472x3648 | PayloadSize: 19961856 | PixelType: 17301514
2026-02-02 09:18:50,078 INFO [HikHardware] Frame Captured: 5472x3648 | PayloadSize: 19961856 | PixelType: 17301514
2026-02-02 09:18:50,576 INFO [HikHardware] Frame Captured: 5472x3648 | PayloadSize: 19961856 | PixelType: 17301514
2026-02-02 09:18:51,094 INFO [HikHardware] Frame Captured: 5472x3648 | PayloadSize: 19961856 | PixelType: 17301514
2026-02-02 09:18:52,238 INFO [HikHardware] Frame Captured: 5472x3648 | PayloadSize: 19961856 | PixelType: 17301514
2026-02-02 09:18:52,747 INFO [HikHardware] Frame Captured: 5472x3648 | PayloadSize: 19961856 | PixelType: 17301514
2026-02-02 09:18:53,290 INFO [HikHardware] Frame Captured: 5472x3648 | PayloadSize: 19961856 | PixelType: 17301514
2026-02-02 09:18:53,765 INFO [HikHardware] Frame Captured: 5472x3648 | PayloadSize: 19961856 | PixelType: 17301514
2026-02-02 09:18:54,221 INFO [HikHardware] Frame Captured: 5472x3648 | PayloadSize: 19961856 | PixelType: 17301514
2026-02-02 09:18:54,672 INFO [HikHardware] Frame Captured: 5472x3648 | PayloadSize: 19961856 | PixelType: 17301514
2026-02-02 09:18:55,170 INFO [HikHardware] Frame Captured: 5472x3648 | PayloadSize: 19961856 | PixelType: 17301514
2026-02-02 09:18:55,654 INFO [HikHardware] Frame Captured: 5472x3648 | PayloadSize: 19961856 | PixelType: 17301514
2026-02-02 09:18:56,149 INFO [HikHardware] Frame Captured: 5472x3648 | PayloadSize: 19961856 | PixelType: 17301514
2026-02-02 09:18:56,800 INFO [HikHardware] Frame Captured: 5472x3648 | PayloadSize: 19961856 | PixelType: 17301514
2026-02-02 09:18:57,292 INFO [HikHardware] Frame Captured: 5472x3648 | PayloadSize: 19961856 | PixelType: 17301514
2026-02-02 09:18:57,816 INFO [HikHardware] Frame Captured: 5472x3648 | PayloadSize: 19961856 | PixelType: 17301514
2026-02-02 09:18:58,470 INFO [HikHardware] Frame Captured: 5472x3648 | PayloadSize: 19961856 | PixelType: 17301514
2026-02-02 09:18:59,025 INFO [HikHardware] Frame Captured: 5472x3648 | PayloadSize: 19961856 | PixelType: 17301514
2026-02-02 09:18:59,513 INFO [HikHardware] Frame Captured: 5472x3648 | PayloadSize: 19961856 | PixelType: 17301514
2026-02-02 09:19:00,010 INFO [HikHardware] Frame Captured: 5472x3648 | PayloadSize: 19961856 | PixelType: 17301514
2026-02-02 09:19:00,518 INFO [HikHardware] Frame Captured: 5472x3648 | PayloadSize: 19961856 | PixelType: 17301514
2026-02-02 09:19:01,030 INFO [HikHardware] Frame Captured: 5472x3648 | PayloadSize: 19961856 | PixelType: 17301514
2026-02-02 09:19:01,590 INFO [HikHardware] Frame Captured: 5472x3648 | PayloadSize: 19961856 | PixelType: 17301514
2026-02-02 09:19:02,099 INFO [HikHardware] Frame Captured: 5472x3648 | PayloadSize: 19961856 | PixelType: 17301514
2026-02-02 09:19:02,595 INFO [HikHardware] Frame Captured: 5472x3648 | PayloadSize: 19961856 | PixelType: 17301514
2026-02-02 09:19:03,169 INFO [HikHardware] Frame Captured: 5472x3648 | PayloadSize: 19961856 | PixelType: 17301514
2026-02-02 09:19:03,696 INFO [HikHardware] Frame Captured: 5472x3648 | PayloadSize: 19961856 | PixelType: 17301514
2026-02-02 09:19:04,174 INFO [HikHardware] Frame Captured: 5472x3648 | PayloadSize: 19961856 | PixelType: 17301514
2026-02-02 09:19:04,707 INFO [HikHardware] Frame Captured: 5472x3648 | PayloadSize: 19961856 | PixelType: 17301514
2026-02-02 09:19:05,353 INFO [HikHardware] Frame Captured: 5472x3648 | PayloadSize: 19961856 | PixelType: 17301514
2026-02-02 09:19:06,029 INFO [HikHardware] Frame Captured: 5472x3648 | PayloadSize: 19961856 | PixelType: 17301514
2026-02-02 09:19:06,695 INFO [HikHardware] Frame Captured: 5472x3648 | PayloadSize: 19961856 | PixelType: 17301514
2026-02-02 09:19:07,325 INFO [HikHardware] Frame Captured: 5472x3648 | PayloadSize: 19961856 | PixelType: 17301514
2026-02-02 09:19:07,871 INFO [HikHardware] Frame Captured: 5472x3648 | PayloadSize: 19961856 | PixelType: 17301514
2026-02-02 09:19:08,408 INFO [HikHardware] Frame Captured: 5472x3648 | PayloadSize: 19961856 | PixelType: 17301514
2026-02-02 09:19:08,959 INFO [HikHardware] Frame Captured: 5472x3648 | PayloadSize: 19961856 | PixelType: 17301514
2026-02-02 09:19:09,453 INFO [HikHardware] Frame Captured: 5472x3648 | PayloadSize: 19961856 | PixelType: 17301514
2026-02-02 09:19:09,930 INFO [HikHardware] Frame Captured: 5472x3648 | PayloadSize: 19961856 | PixelType: 17301514
2026-02-02 09:19:10,406 INFO [HikHardware] Frame Captured: 5472x3648 | PayloadSize: 19961856 | PixelType: 17301514
2026-02-02 09:19:10,894 INFO [HikHardware] Frame Captured: 5472x3648 | PayloadSize: 19961856 | PixelType: 17301514
2026-02-02 09:19:11,400 INFO [HikHardware] Frame Captured: 5472x3648 | PayloadSize: 19961856 | PixelType: 17301514
2026-02-02 09:19:11,871 INFO [HikHardware] Frame Captured: 5472x3648 | PayloadSize: 19961856 | PixelType: 17301514
2026-02-02 09:19:12,407 INFO [HikHardware] Frame Captured: 5472x3648 | PayloadSize: 19961856 | PixelType: 17301514
2026-02-02 09:19:12,891 INFO [HikHardware] Frame Captured: 5472x3648 | PayloadSize: 19961856 | PixelType: 17301514
2026-02-02 09:19:13,405 INFO [HikHardware] Frame Captured: 5472x3648 | PayloadSize: 19961856 | PixelType: 17301514
2026-02-02 09:19:13,997 INFO [HikHardware] Frame Captured: 5472x3648 | PayloadSize: 19961856 | PixelType: 17301514
2026-02-02 09:19:14,494 INFO [HikHardware] Frame Captured: 5472x3648 | PayloadSize: 19961856 | PixelType: 17301514
2026-02-02 09:19:15,003 INFO [HikHardware] Frame Captured: 5472x3648 | PayloadSize: 19961856 | PixelType: 17301514
2026-02-02 09:19:15,539 INFO [HikHardware] Frame Captured: 5472x3648 | PayloadSize: 19961856 | PixelType: 17301514
2026-02-02 09:19:16,037 INFO [HikHardware] Frame Captured: 5472x3648 | PayloadSize: 19961856 | PixelType: 17301514
2026-02-02 09:19:16,528 INFO [HikHardware] Frame Captured: 5472x3648 | PayloadSize: 19961856 | PixelType: 17301514
2026-02-02 09:19:17,034 INFO [HikHardware] Frame Captured: 5472x3648 | PayloadSize: 19961856 | PixelType: 17301514
2026-02-02 09:19:17,744 INFO [HikHardware] Frame Captured: 5472x3648 | PayloadSize: 19961856 | PixelType: 17301514
2026-02-02 09:19:18,319 INFO [HikHardware] Frame Captured: 5472x3648 | PayloadSize: 19961856 | PixelType: 17301514
2026-02-02 09:19:18,819 INFO [HikHardware] Frame Captured: 5472x3648 | PayloadSize: 19961856 | PixelType: 17301514
2026-02-02 09:19:19,326 INFO [HikHardware] Frame Captured: 5472x3648 | PayloadSize: 19961856 | PixelType: 17301514
2026-02-02 09:19:19,829 INFO [HikHardware] Frame Captured: 5472x3648 | PayloadSize: 19961856 | PixelType: 17301514
2026-02-02 09:19:20,371 INFO [HikHardware] Frame Captured: 5472x3648 | PayloadSize: 19961856 | PixelType: 17301514
2026-02-02 09:19:20,890 INFO [HikHardware] Frame Captured: 5472x3648 | PayloadSize: 19961856 | PixelType: 17301514
2026-02-02 09:19:21,432 INFO [HikHardware] Frame Captured: 5472x3648 | PayloadSize: 19961856 | PixelType: 17301514
2026-02-02 09:19:21,949 INFO [HikHardware] Frame Captured: 5472x3648 | PayloadSize: 19961856 | PixelType: 17301514
2026-02-02 09:19:22,501 INFO [HikHardware] Frame Captured: 5472x3648 | PayloadSize: 19961856 | PixelType: 17301514
2026-02-02 09:19:23,006 INFO [HikHardware] Frame Captured: 5472x3648 | PayloadSize: 19961856 | PixelType: 17301514
2026-02-02 09:19:23,525 INFO [HikHardware] Frame Captured: 5472x3648 | PayloadSize: 19961856 | PixelType: 17301514
2026-02-02 09:19:24,006 INFO [HikHardware] Frame Captured: 5472x3648 | PayloadSize: 19961856 | PixelType: 17301514
2026-02-02 09:19:24,523 INFO [HikHardware] Frame Captured: 5472x3648 | PayloadSize: 19961856 | PixelType: 17301514
2026-02-02 09:19:25,033 INFO [HikHardware] Frame Captured: 5472x3648 | PayloadSize: 19961856 | PixelType: 17301514
2026-02-02 09:19:25,552 INFO [HikHardware] Frame Captured: 5472x3648 | PayloadSize: 19961856 | PixelType: 17301514
2026-02-02 09:19:26,065 INFO [HikHardware] Frame Captured: 5472x3648 | PayloadSize: 19961856 | PixelType: 17301514
2026-02-02 09:19:26,576 INFO [HikHardware] Frame Captured: 5472x3648 | PayloadSize: 19961856 | PixelType: 17301514
2026-02-02 09:19:27,099 INFO [HikHardware] Frame Captured: 5472x3648 | PayloadSize: 19961856 | PixelType: 17301514
2026-02-02 09:19:27,604 INFO [HikHardware] Frame Captured: 5472x3648 | PayloadSize: 19961856 | PixelType: 17301514
2026-02-02 09:19:28,102 INFO [HikHardware] Frame Captured: 5472x3648 | PayloadSize: 19961856 | PixelType: 17301514
2026-02-02 09:19:28,610 INFO [HikHardware] Frame Captured: 5472x3648 | PayloadSize: 19961856 | PixelType: 17301514
2026-02-02 09:19:29,132 INFO [HikHardware] Frame Captured: 5472x3648 | PayloadSize: 19961856 | PixelType: 17301514
2026-02-02 09:19:29,625 INFO [HikHardware] Frame Captured: 5472x3648 | PayloadSize: 19961856 | PixelType: 17301514
2026-02-02 09:19:30,141 INFO [HikHardware] Frame Captured: 5472x3648 | PayloadSize: 19961856 | PixelType: 17301514
2026-02-02 09:19:31,202 INFO [HikHardware] Frame Captured: 5472x3648 | PayloadSize: 19961856 | PixelType: 17301514
2026-02-02 09:19:31,723 INFO [HikHardware] Frame Captured: 5472x3648 | PayloadSize: 19961856 | PixelType: 17301514
2026-02-02 09:19:32,243 INFO [HikHardware] Frame Captured: 5472x3648 | PayloadSize: 19961856 | PixelType: 17301514
2026-02-02 09:19:32,732 INFO [HikHardware] Frame Captured: 5472x3648 | PayloadSize: 19961856 | PixelType: 17301514
2026-02-02 09:19:33,230 INFO [HikHardware] Frame Captured: 5472x3648 | PayloadSize: 19961856 | PixelType: 17301514
2026-02-02 09:19:33,708 INFO [HikHardware] Frame Captured: 5472x3648 | PayloadSize: 19961856 | PixelType: 17301514
2026-02-02 09:19:34,172 INFO [HikHardware] Frame Captured: 5472x3648 | PayloadSize: 19961856 | PixelType: 17301514
2026-02-02 09:19:34,655 INFO [HikHardware] Frame Captured: 5472x3648 | PayloadSize: 19961856 | PixelType: 17301514
2026-02-02 09:19:35,110 INFO [HikHardware] Frame Captured: 5472x3648 | PayloadSize: 19961856 | PixelType: 17301514
2026-02-02 09:19:35,579 INFO [HikHardware] Frame Captured: 5472x3648 | PayloadSize: 19961856 | PixelType: 17301514
2026-02-02 09:19:36,029 INFO [HikHardware] Frame Captured: 5472x3648 | PayloadSize: 19961856 | PixelType: 17301514
2026-02-02 09:19:36,505 INFO [HikHardware] Frame Captured: 5472x3648 | PayloadSize: 19961856 | PixelType: 17301514
2026-02-02 09:19:36,962 INFO [HikHardware] Frame Captured: 5472x3648 | PayloadSize: 19961856 | PixelType: 17301514
2026-02-02 09:19:37,412 INFO [HikHardware] Frame Captured: 5472x3648 | PayloadSize: 19961856 | PixelType: 17301514
2026-02-02 09:19:37,878 INFO [HikHardware] Frame Captured: 5472x3648 | PayloadSize: 19961856 | PixelType: 17301514
2026-02-02 09:19:38,318 INFO [HikHardware] Frame Captured: 5472x3648 | PayloadSize: 19961856 | PixelType: 17301514
2026-02-02 09:19:38,761 INFO [HikHardware] Frame Captured: 5472x3648 | PayloadSize: 19961856 | PixelType: 17301514
2026-02-02 09:19:39,213 INFO [HikHardware] Frame Captured: 5472x3648 | PayloadSize: 19961856 | PixelType: 17301514
2026-02-02 09:19:39,676 INFO [HikHardware] Frame Captured: 5472x3648 | PayloadSize: 19961856 | PixelType: 17301514
2026-02-02 09:19:40,144 INFO [HikHardware] Frame Captured: 5472x3648 | PayloadSize: 19961856 | PixelType: 17301514
2026-02-02 09:19:40,600 INFO [HikHardware] Frame Captured: 5472x3648 | PayloadSize: 19961856 | PixelType: 17301514
2026-02-02 09:19:41,046 INFO [HikHardware] Frame Captured: 5472x3648 | PayloadSize: 19961856 | PixelType: 17301514
2026-02-02 09:19:41,522 INFO [HikHardware] Frame Captured: 5472x3648 | PayloadSize: 19961856 | PixelType: 17301514
2026-02-02 09:19:41,993 INFO [HikHardware] Frame Captured: 5472x3648 | PayloadSize: 19961856 | PixelType: 17301514
2026-02-02 09:19:42,468 INFO [HikHardware] Frame Captured: 5472x3648 | PayloadSize: 19961856 | PixelType: 17301514
2026-02-02 09:19:42,932 INFO [HikHardware] Frame Captured: 5472x3648 | PayloadSize: 19961856 | PixelType: 17301514
2026-02-02 09:19:43,432 INFO [HikHardware] Frame Captured: 5472x3648 | PayloadSize: 19961856 | PixelType: 17301514
2026-02-02 09:19:43,899 INFO [HikHardware] Frame Captured: 5472x3648 | PayloadSize: 19961856 | PixelType: 17301514
2026-02-02 09:19:44,381 INFO [HikHardware] Frame Captured: 5472x3648 | PayloadSize: 19961856 | PixelType: 17301514
2026-02-02 09:19:44,872 INFO [HikHardware] Frame Captured: 5472x3648 | PayloadSize: 19961856 | PixelType: 17301514
2026-02-02 09:19:45,336 INFO [HikHardware] Frame Captured: 5472x3648 | PayloadSize: 19961856 | PixelType: 17301514
2026-02-02 09:19:45,803 INFO [HikHardware] Frame Captured: 5472x3648 | PayloadSize: 19961856 | PixelType: 17301514
2026-02-02 09:19:46,277 INFO [HikHardware] Frame Captured: 5472x3648 | PayloadSize: 19961856 | PixelType: 17301514
2026-02-02 09:19:46,744 INFO [HikHardware] Frame Captured: 5472x3648 | PayloadSize: 19961856 | PixelType: 17301514
2026-02-02 09:19:47,221 INFO [HikHardware] Frame Captured: 5472x3648 | PayloadSize: 19961856 | PixelType: 17301514
2026-02-02 09:19:47,697 INFO [HikHardware] Frame Captured: 5472x3648 | PayloadSize: 19961856 | PixelType: 17301514
2026-02-02 09:19:48,172 INFO [HikHardware] Frame Captured: 5472x3648 | PayloadSize: 19961856 | PixelType: 17301514
2026-02-02 09:19:48,641 INFO [HikHardware] Frame Captured: 5472x3648 | PayloadSize: 19961856 | PixelType: 17301514
2026-02-02 09:19:49,106 INFO [HikHardware] Frame Captured: 5472x3648 | PayloadSize: 19961856 | PixelType: 17301514
2026-02-02 09:19:49,564 INFO [HikHardware] Frame Captured: 5472x3648 | PayloadSize: 19961856 | PixelType: 17301514
2026-02-02 09:19:50,024 INFO [HikHardware] Frame Captured: 5472x3648 | PayloadSize: 19961856 | PixelType: 17301514
2026-02-02 09:19:50,486 INFO [HikHardware] Frame Captured: 5472x3648 | PayloadSize: 19961856 | PixelType: 17301514
2026-02-02 09:19:50,958 INFO [HikHardware] Frame Captured: 5472x3648 | PayloadSize: 19961856 | PixelType: 17301514
2026-02-02 09:19:51,436 INFO [HikHardware] Frame Captured: 5472x3648 | PayloadSize: 19961856 | PixelType: 17301514
2026-02-02 09:19:51,930 INFO [HikHardware] Frame Captured: 5472x3648 | PayloadSize: 19961856 | PixelType: 17301514
2026-02-02 09:19:52,424 INFO [HikHardware] Frame Captured: 5472x3648 | PayloadSize: 19961856 | PixelType: 17301514
2026-02-02 09:19:52,896 INFO [HikHardware] Frame Captured: 5472x3648 | PayloadSize: 19961856 | PixelType: 17301514
2026-02-02 09:19:53,368 INFO [HikHardware] Frame Captured: 5472x3648 | PayloadSize: 19961856 | PixelType: 17301514
2026-02-02 09:19:53,866 INFO [HikHardware] Frame Captured: 5472x3648 | PayloadSize: 19961856 | PixelType: 17301514
2026-02-02 09:19:54,342 INFO [HikHardware] Frame Captured: 5472x3648 | PayloadSize: 19961856 | PixelType: 17301514
2026-02-02 09:19:54,805 INFO [HikHardware] Frame Captured: 5472x3648 | PayloadSize: 19961856 | PixelType: 17301514
2026-02-02 09:19:55,289 INFO [HikHardware] Frame Captured: 5472x3648 | PayloadSize: 19961856 | PixelType: 17301514
2026-02-02 09:19:55,775 INFO [HikHardware] Frame Captured: 5472x3648 | PayloadSize: 19961856 | PixelType: 17301514
2026-02-02 09:19:56,297 INFO [HikHardware] Frame Captured: 5472x3648 | PayloadSize: 19961856 | PixelType: 17301514
2026-02-02 09:19:56,815 INFO [HikHardware] Frame Captured: 5472x3648 | PayloadSize: 19961856 | PixelType: 17301514
2026-02-02 09:19:57,326 INFO [HikHardware] Frame Captured: 5472x3648 | PayloadSize: 19961856 | PixelType: 17301514
2026-02-02 09:19:57,842 INFO [HikHardware] Frame Captured: 5472x3648 | PayloadSize: 19961856 | PixelType: 17301514
2026-02-02 09:19:58,375 INFO [HikHardware] Frame Captured: 5472x3648 | PayloadSize: 19961856 | PixelType: 17301514
2026-02-02 09:19:58,880 INFO [HikHardware] Frame Captured: 5472x3648 | PayloadSize: 19961856 | PixelType: 17301514
2026-02-02 09:19:59,383 INFO [HikHardware] Frame Captured: 5472x3648 | PayloadSize: 19961856 | PixelType: 17301514
2026-02-02 09:19:59,874 INFO [HikHardware] Frame Captured: 5472x3648 | PayloadSize: 19961856 | PixelType: 17301514
2026-02-02 09:20:00,356 INFO [HikHardware] Frame Captured: 5472x3648 | PayloadSize: 19961856 | PixelType: 17301514
2026-02-02 09:20:00,860 INFO [HikHardware] Frame Captured: 5472x3648 | PayloadSize: 19961856 | PixelType: 17301514
2026-02-02 09:20:01,365 INFO [HikHardware] Frame Captured: 5472x3648 | PayloadSize: 19961856 | PixelType: 17301514
2026-02-02 09:20:01,892 INFO [HikHardware] Frame Captured: 5472x3648 | PayloadSize: 19961856 | PixelType: 17301514
2026-02-02 09:20:02,433 INFO [HikHardware] Frame Captured: 5472x3648 | PayloadSize: 19961856 | PixelType: 17301514
2026-02-02 09:20:02,964 INFO [HikHardware] Frame Captured: 5472x3648 | PayloadSize: 19961856 | PixelType: 17301514
2026-02-02 09:20:03,505 INFO [HikHardware] Frame Captured: 5472x3648 | PayloadSize: 19961856 | PixelType: 17301514
2026-02-02 09:20:03,989 INFO [HikHardware] Frame Captured: 5472x3648 | PayloadSize: 19961856 | PixelType: 17301514
2026-02-02 09:20:04,470 INFO [HikHardware] Frame Captured: 5472x3648 | PayloadSize: 19961856 | PixelType: 17301514
2026-02-02 09:20:04,991 INFO [HikHardware] Frame Captured: 5472x3648 | PayloadSize: 19961856 | PixelType: 17301514
2026-02-02 09:20:05,577 INFO [HikHardware] Frame Captured: 5472x3648 | PayloadSize: 19961856 | PixelType: 17301514
2026-02-02 09:20:06,143 INFO [HikHardware] Frame Captured: 5472x3648 | PayloadSize: 19961856 | PixelType: 17301514
2026-02-02 09:20:06,741 INFO [HikHardware] Frame Captured: 5472x3648 | PayloadSize: 19961856 | PixelType: 17301514
2026-02-02 09:20:07,388 INFO [HikHardware] Frame Captured: 5472x3648 | PayloadSize: 19961856 | PixelType: 17301514
2026-02-02 09:20:08,019 INFO [HikHardware] Frame Captured: 5472x3648 | PayloadSize: 19961856 | PixelType: 17301514
2026-02-02 09:20:08,642 INFO [HikHardware] Frame Captured: 5472x3648 | PayloadSize: 19961856 | PixelType: 17301514
2026-02-02 09:20:09,199 INFO [HikHardware] Frame Captured: 5472x3648 | PayloadSize: 19961856 | PixelType: 17301514
2026-02-02 09:20:09,732 INFO [HikHardware] Frame Captured: 5472x3648 | PayloadSize: 19961856 | PixelType: 17301514
2026-02-02 09:20:10,263 INFO [HikHardware] Frame Captured: 5472x3648 | PayloadSize: 19961856 | PixelType: 17301514
2026-02-02 09:20:10,800 INFO [HikHardware] Frame Captured: 5472x3648 | PayloadSize: 19961856 | PixelType: 17301514
2026-02-02 09:20:11,375 INFO [HikHardware] Frame Captured: 5472x3648 | PayloadSize: 19961856 | PixelType: 17301514
2026-02-02 09:20:11,922 INFO [HikHardware] Frame Captured: 5472x3648 | PayloadSize: 19961856 | PixelType: 17301514
2026-02-02 09:20:12,450 INFO [HikHardware] Frame Captured: 5472x3648 | PayloadSize: 19961856 | PixelType: 17301514
2026-02-02 09:20:12,966 INFO [HikHardware] Frame Captured: 5472x3648 | PayloadSize: 19961856 | PixelType: 17301514
2026-02-02 09:20:13,475 INFO [HikHardware] Frame Captured: 5472x3648 | PayloadSize: 19961856 | PixelType: 17301514
2026-02-02 09:20:14,052 INFO [HikHardware] Frame Captured: 5472x3648 | PayloadSize: 19961856 | PixelType: 17301514
2026-02-02 09:20:14,615 INFO [HikHardware] Frame Captured: 5472x3648 | PayloadSize: 19961856 | PixelType: 17301514
2026-02-02 09:20:15,145 INFO [HikHardware] Frame Captured: 5472x3648 | PayloadSize: 19961856 | PixelType: 17301514
2026-02-02 09:20:15,670 INFO [HikHardware] Frame Captured: 5472x3648 | PayloadSize: 19961856 | PixelType: 17301514
2026-02-02 09:20:16,164 INFO [HikHardware] Frame Captured: 5472x3648 | PayloadSize: 19961856 | PixelType: 17301514
2026-02-02 09:20:16,663 INFO [HikHardware] Frame Captured: 5472x3648 | PayloadSize: 19961856 | PixelType: 17301514
2026-02-02 09:20:17,127 INFO [HikHardware] Frame Captured: 5472x3648 | PayloadSize: 19961856 | PixelType: 17301514
2026-02-02 09:20:17,614 INFO [HikHardware] Frame Captured: 5472x3648 | PayloadSize: 19961856 | PixelType: 17301514
2026-02-02 09:20:18,091 INFO [HikHardware] Frame Captured: 5472x3648 | PayloadSize: 19961856 | PixelType: 17301514
2026-02-02 09:20:18,616 INFO [HikHardware] Frame Captured: 5472x3648 | PayloadSize: 19961856 | PixelType: 17301514
2026-02-02 09:20:19,125 INFO [HikHardware] Frame Captured: 5472x3648 | PayloadSize: 19961856 | PixelType: 17301514
2026-02-02 09:20:19,591 INFO [HikHardware] Frame Captured: 5472x3648 | PayloadSize: 19961856 | PixelType: 17301514
2026-02-02 09:20:20,047 INFO [HikHardware] Frame Captured: 5472x3648 | PayloadSize: 19961856 | PixelType: 17301514
2026-02-02 09:20:20,502 INFO [HikHardware] Frame Captured: 5472x3648 | PayloadSize: 19961856 | PixelType: 17301514
2026-02-02 09:20:20,956 INFO [HikHardware] Frame Captured: 5472x3648 | PayloadSize: 19961856 | PixelType: 17301514
2026-02-02 09:20:21,441 INFO [HikHardware] Frame Captured: 5472x3648 | PayloadSize: 19961856 | PixelType: 17301514
2026-02-02 09:20:21,944 INFO [HikHardware] Frame Captured: 5472x3648 | PayloadSize: 19961856 | PixelType: 17301514
2026-02-02 09:20:22,448 INFO [HikHardware] Frame Captured: 5472x3648 | PayloadSize: 19961856 | PixelType: 17301514
2026-02-02 09:20:22,955 INFO [HikHardware] Frame Captured: 5472x3648 | PayloadSize: 19961856 | PixelType: 17301514
2026-02-02 09:20:23,468 INFO [HikHardware] Frame Captured: 5472x3648 | PayloadSize: 19961856 | PixelType: 17301514
2026-02-02 09:20:24,057 INFO [HikHardware] Frame Captured: 5472x3648 | PayloadSize: 19961856 | PixelType: 17301514
2026-02-02 09:20:24,556 INFO [HikHardware] Frame Captured: 5472x3648 | PayloadSize: 19961856 | PixelType: 17301514
2026-02-02 09:20:25,022 INFO [HikHardware] Frame Captured: 5472x3648 | PayloadSize: 19961856 | PixelType: 17301514
2026-02-02 09:20:25,491 INFO [HikHardware] Frame Captured: 5472x3648 | PayloadSize: 19961856 | PixelType: 17301514
2026-02-02 09:20:26,005 INFO [HikHardware] Frame Captured: 5472x3648 | PayloadSize: 19961856 | PixelType: 17301514
2026-02-02 09:20:26,504 INFO [HikHardware] Frame Captured: 5472x3648 | PayloadSize: 19961856 | PixelType: 17301514
2026-02-02 09:20:27,012 INFO [HikHardware] Frame Captured: 5472x3648 | PayloadSize: 19961856 | PixelType: 17301514
2026-02-02 09:20:27,512 INFO [HikHardware] Frame Captured: 5472x3648 | PayloadSize: 19961856 | PixelType: 17301514
2026-02-02 09:20:28,047 INFO [HikHardware] Frame Captured: 5472x3648 | PayloadSize: 19961856 | PixelType: 17301514
2026-02-02 09:20:28,582 INFO [HikHardware] Frame Captured: 5472x3648 | PayloadSize: 19961856 | PixelType: 17301514
2026-02-02 09:20:29,098 INFO [HikHardware] Frame Captured: 5472x3648 | PayloadSize: 19961856 | PixelType: 17301514
2026-02-02 09:20:29,588 INFO [HikHardware] Frame Captured: 5472x3648 | PayloadSize: 19961856 | PixelType: 17301514
2026-02-02 09:20:30,080 INFO [HikHardware] Frame Captured: 5472x3648 | PayloadSize: 19961856 | PixelType: 17301514
2026-02-02 09:20:30,583 INFO [HikHardware] Frame Captured: 5472x3648 | PayloadSize: 19961856 | PixelType: 17301514
2026-02-02 09:20:31,088 INFO [HikHardware] Frame Captured: 5472x3648 | PayloadSize: 19961856 | PixelType: 17301514
2026-02-02 09:20:31,577 INFO [HikHardware] Frame Captured: 5472x3648 | PayloadSize: 19961856 | PixelType: 17301514
2026-02-02 09:20:32,078 INFO [HikHardware] Frame Captured: 5472x3648 | PayloadSize: 19961856 | PixelType: 17301514
2026-02-02 09:20:32,610 INFO [HikHardware] Frame Captured: 5472x3648 | PayloadSize: 19961856 | PixelType: 17301514
2026-02-02 09:20:33,123 INFO [HikHardware] Frame Captured: 5472x3648 | PayloadSize: 19961856 | PixelType: 17301514
2026-02-02 09:20:33,631 INFO [HikHardware] Frame Captured: 5472x3648 | PayloadSize: 19961856 | PixelType: 17301514
2026-02-02 09:20:34,186 INFO [HikHardware] Frame Captured: 5472x3648 | PayloadSize: 19961856 | PixelType: 17301514
2026-02-02 09:20:34,705 INFO [HikHardware] Frame Captured: 5472x3648 | PayloadSize: 19961856 | PixelType: 17301514
2026-02-02 09:20:35,196 INFO [HikHardware] Frame Captured: 5472x3648 | PayloadSize: 19961856 | PixelType: 17301514
2026-02-02 09:20:35,708 INFO [HikHardware] Frame Captured: 5472x3648 | PayloadSize: 19961856 | PixelType: 17301514
2026-02-02 09:20:36,209 INFO [HikHardware] Frame Captured: 5472x3648 | PayloadSize: 19961856 | PixelType: 17301514
2026-02-02 09:20:36,714 INFO [HikHardware] Frame Captured: 5472x3648 | PayloadSize: 19961856 | PixelType: 17301514
2026-02-02 09:20:37,209 INFO [HikHardware] Frame Captured: 5472x3648 | PayloadSize: 19961856 | PixelType: 17301514
2026-02-02 09:20:37,712 INFO [HikHardware] Frame Captured: 5472x3648 | PayloadSize: 19961856 | PixelType: 17301514
2026-02-02 09:20:38,202 INFO [HikHardware] Frame Captured: 5472x3648 | PayloadSize: 19961856 | PixelType: 17301514
2026-02-02 09:20:38,687 INFO [HikHardware] Frame Captured: 5472x3648 | PayloadSize: 19961856 | PixelType: 17301514
2026-02-02 09:20:39,177 INFO [HikHardware] Frame Captured: 5472x3648 | PayloadSize: 19961856 | PixelType: 17301514
2026-02-02 09:20:39,677 INFO [HikHardware] Frame Captured: 5472x3648 | PayloadSize: 19961856 | PixelType: 17301514
2026-02-02 09:20:40,194 INFO [HikHardware] Frame Captured: 5472x3648 | PayloadSize: 19961856 | PixelType: 17301514
2026-02-02 09:20:40,692 INFO [HikHardware] Frame Captured: 5472x3648 | PayloadSize: 19961856 | PixelType: 17301514
2026-02-02 09:20:41,204 INFO [HikHardware] Frame Captured: 5472x3648 | PayloadSize: 19961856 | PixelType: 17301514
2026-02-02 09:20:41,670 INFO [HikHardware] Frame Captured: 5472x3648 | PayloadSize: 19961856 | PixelType: 17301514
2026-02-02 09:20:42,192 INFO [HikHardware] Frame Captured: 5472x3648 | PayloadSize: 19961856 | PixelType: 17301514
2026-02-02 09:20:42,721 INFO [HikHardware] Frame Captured: 5472x3648 | PayloadSize: 19961856 | PixelType: 17301514
2026-02-02 09:20:43,258 INFO [HikHardware] Frame Captured: 5472x3648 | PayloadSize: 19961856 | PixelType: 17301514
2026-02-02 09:20:43,762 INFO [HikHardware] Frame Captured: 5472x3648 | PayloadSize: 19961856 | PixelType: 17301514
2026-02-02 09:20:44,241 INFO [HikHardware] Frame Captured: 5472x3648 | PayloadSize: 19961856 | PixelType: 17301514
2026-02-02 09:20:44,718 INFO [HikHardware] Frame Captured: 5472x3648 | PayloadSize: 19961856 | PixelType: 17301514
2026-02-02 09:20:45,206 INFO [HikHardware] Frame Captured: 5472x3648 | PayloadSize: 19961856 | PixelType: 17301514
2026-02-02 09:20:45,718 INFO [HikHardware] Frame Captured: 5472x3648 | PayloadSize: 19961856 | PixelType: 17301514
2026-02-02 09:20:46,235 INFO [HikHardware] Frame Captured: 5472x3648 | PayloadSize: 19961856 | PixelType: 17301514
2026-02-02 09:20:46,769 INFO [HikHardware] Frame Captured: 5472x3648 | PayloadSize: 19961856 | PixelType: 17301514
2026-02-02 09:20:47,284 INFO [HikHardware] Frame Captured: 5472x3648 | PayloadSize: 19961856 | PixelType: 17301514
2026-02-02 09:20:47,799 INFO [HikHardware] Frame Captured: 5472x3648 | PayloadSize: 19961856 | PixelType: 17301514
2026-02-02 09:20:48,284 INFO [HikHardware] Frame Captured: 5472x3648 | PayloadSize: 19961856 | PixelType: 17301514
2026-02-02 09:20:48,750 INFO [HikHardware] Frame Captured: 5472x3648 | PayloadSize: 19961856 | PixelType: 17301514
2026-02-02 09:20:49,246 INFO [HikHardware] Frame Captured: 5472x3648 | PayloadSize: 19961856 | PixelType: 17301514
2026-02-02 09:20:49,740 INFO [HikHardware] Frame Captured: 5472x3648 | PayloadSize: 19961856 | PixelType: 17301514
2026-02-02 09:20:50,217 INFO [HikHardware] Frame Captured: 5472x3648 | PayloadSize: 19961856 | PixelType: 17301514
2026-02-02 09:20:50,716 INFO [HikHardware] Frame Captured: 5472x3648 | PayloadSize: 19961856 | PixelType: 17301514
2026-02-02 09:20:51,226 INFO [HikHardware] Frame Captured: 5472x3648 | PayloadSize: 19961856 | PixelType: 17301514
2026-02-02 09:20:51,725 INFO [HikHardware] Frame Captured: 5472x3648 | PayloadSize: 19961856 | PixelType: 17301514
2026-02-02 09:20:52,250 INFO [HikHardware] Frame Captured: 5472x3648 | PayloadSize: 19961856 | PixelType: 17301514
2026-02-02 09:20:52,792 INFO [HikHardware] Frame Captured: 5472x3648 | PayloadSize: 19961856 | PixelType: 17301514
2026-02-02 09:20:53,302 INFO [HikHardware] Frame Captured: 5472x3648 | PayloadSize: 19961856 | PixelType: 17301514
2026-02-02 09:20:53,794 INFO [HikHardware] Frame Captured: 5472x3648 | PayloadSize: 19961856 | PixelType: 17301514
2026-02-02 09:20:54,321 INFO [HikHardware] Frame Captured: 5472x3648 | PayloadSize: 19961856 | PixelType: 17301514
2026-02-02 09:20:54,848 INFO [HikHardware] Frame Captured: 5472x3648 | PayloadSize: 19961856 | PixelType: 17301514
2026-02-02 09:20:55,379 INFO [HikHardware] Frame Captured: 5472x3648 | PayloadSize: 19961856 | PixelType: 17301514
2026-02-02 09:20:55,840 INFO [HikHardware] Frame Captured: 5472x3648 | PayloadSize: 19961856 | PixelType: 17301514
2026-02-02 09:20:56,332 INFO [HikHardware] Frame Captured: 5472x3648 | PayloadSize: 19961856 | PixelType: 17301514
2026-02-02 09:20:56,831 INFO [HikHardware] Frame Captured: 5472x3648 | PayloadSize: 19961856 | PixelType: 17301514
2026-02-02 09:20:57,420 INFO [HikHardware] Frame Captured: 5472x3648 | PayloadSize: 19961856 | PixelType: 17301514
2026-02-02 09:20:57,979 INFO [HikHardware] Frame Captured: 5472x3648 | PayloadSize: 19961856 | PixelType: 17301514
2026-02-02 09:20:58,579 INFO [HikHardware] Frame Captured: 5472x3648 | PayloadSize: 19961856 | PixelType: 17301514
2026-02-02 09:20:59,101 INFO [HikHardware] Frame Captured: 5472x3648 | PayloadSize: 19961856 | PixelType: 17301514
2026-02-02 09:20:59,641 INFO [HikHardware] Frame Captured: 5472x3648 | PayloadSize: 19961856 | PixelType: 17301514
2026-02-02 09:21:00,256 INFO [HikHardware] Frame Captured: 5472x3648 | PayloadSize: 19961856 | PixelType: 17301514
2026-02-02 09:21:00,865 INFO [HikHardware] Frame Captured: 5472x3648 | PayloadSize: 19961856 | PixelType: 17301514
2026-02-02 09:21:01,463 INFO [HikHardware] Frame Captured: 5472x3648 | PayloadSize: 19961856 | PixelType: 17301514
2026-02-02 09:21:02,073 INFO [HikHardware] Frame Captured: 5472x3648 | PayloadSize: 19961856 | PixelType: 17301514
2026-02-02 09:21:02,685 INFO [HikHardware] Frame Captured: 5472x3648 | PayloadSize: 19961856 | PixelType: 17301514
2026-02-02 09:21:03,315 INFO [HikHardware] Frame Captured: 5472x3648 | PayloadSize: 19961856 | PixelType: 17301514
2026-02-02 09:21:03,917 INFO [HikHardware] Frame Captured: 5472x3648 | PayloadSize: 19961856 | PixelType: 17301514
2026-02-02 09:21:04,553 INFO [HikHardware] Frame Captured: 5472x3648 | PayloadSize: 19961856 | PixelType: 17301514
2026-02-02 09:21:05,151 INFO [HikHardware] Frame Captured: 5472x3648 | PayloadSize: 19961856 | PixelType: 17301514
2026-02-02 09:21:05,698 INFO [HikHardware] Frame Captured: 5472x3648 | PayloadSize: 19961856 | PixelType: 17301514
2026-02-02 09:21:06,217 INFO [HikHardware] Frame Captured: 5472x3648 | PayloadSize: 19961856 | PixelType: 17301514
2026-02-02 09:21:06,798 INFO [HikHardware] Frame Captured: 5472x3648 | PayloadSize: 19961856 | PixelType: 17301514
2026-02-02 09:21:07,413 INFO [HikHardware] Frame Captured: 5472x3648 | PayloadSize: 19961856 | PixelType: 17301514
2026-02-02 09:21:08,010 INFO [HikHardware] Frame Captured: 5472x3648 | PayloadSize: 19961856 | PixelType: 17301514
2026-02-02 09:21:08,621 INFO [HikHardware] Frame Captured: 5472x3648 | PayloadSize: 19961856 | PixelType: 17301514
2026-02-02 09:21:09,237 INFO [HikHardware] Frame Captured: 5472x3648 | PayloadSize: 19961856 | PixelType: 17301514
2026-02-02 09:21:09,823 INFO [HikHardware] Frame Captured: 5472x3648 | PayloadSize: 19961856 | PixelType: 17301514
2026-02-02 09:21:10,365 INFO [HikHardware] Frame Captured: 5472x3648 | PayloadSize: 19961856 | PixelType: 17301514
2026-02-02 09:21:10,909 INFO [HikHardware] Frame Captured: 5472x3648 | PayloadSize: 19961856 | PixelType: 17301514
2026-02-02 09:21:11,419 INFO [HikHardware] Frame Captured: 5472x3648 | PayloadSize: 19961856 | PixelType: 17301514
2026-02-02 09:21:11,986 INFO [HikHardware] Frame Captured: 5472x3648 | PayloadSize: 19961856 | PixelType: 17301514
2026-02-02 09:21:12,515 INFO [HikHardware] Frame Captured: 5472x3648 | PayloadSize: 19961856 | PixelType: 17301514
2026-02-02 09:21:13,085 INFO [HikHardware] Frame Captured: 5472x3648 | PayloadSize: 19961856 | PixelType: 17301514
2026-02-02 09:21:13,594 INFO [HikHardware] Frame Captured: 5472x3648 | PayloadSize: 19961856 | PixelType: 17301514
2026-02-02 09:21:14,180 INFO [HikHardware] Frame Captured: 5472x3648 | PayloadSize: 19961856 | PixelType: 17301514
2026-02-02 09:21:14,747 INFO [HikHardware] Frame Captured: 5472x3648 | PayloadSize: 19961856 | PixelType: 17301514
2026-02-02 09:21:15,319 INFO [HikHardware] Frame Captured: 5472x3648 | PayloadSize: 19961856 | PixelType: 17301514
2026-02-02 09:21:15,824 INFO [HikHardware] Frame Captured: 5472x3648 | PayloadSize: 19961856 | PixelType: 17301514
2026-02-02 09:21:16,310 INFO [HikHardware] Frame Captured: 5472x3648 | PayloadSize: 19961856 | PixelType: 17301514
2026-02-02 09:21:16,792 INFO [HikHardware] Frame Captured: 5472x3648 | PayloadSize: 19961856 | PixelType: 17301514
2026-02-02 09:21:17,303 INFO [HikHardware] Frame Captured: 5472x3648 | PayloadSize: 19961856 | PixelType: 17301514
2026-02-02 09:21:17,838 INFO [HikHardware] Frame Captured: 5472x3648 | PayloadSize: 19961856 | PixelType: 17301514
2026-02-02 09:21:18,322 INFO [HikHardware] Frame Captured: 5472x3648 | PayloadSize: 19961856 | PixelType: 17301514
2026-02-02 09:21:18,834 INFO [HikHardware] Frame Captured: 5472x3648 | PayloadSize: 19961856 | PixelType: 17301514
2026-02-02 09:21:19,345 INFO [HikHardware] Frame Captured: 5472x3648 | PayloadSize: 19961856 | PixelType: 17301514
2026-02-02 09:21:19,845 INFO [HikHardware] Frame Captured: 5472x3648 | PayloadSize: 19961856 | PixelType: 17301514
2026-02-02 09:21:20,379 INFO [HikHardware] Frame Captured: 5472x3648 | PayloadSize: 19961856 | PixelType: 17301514
2026-02-02 09:21:20,879 INFO [HikHardware] Frame Captured: 5472x3648 | PayloadSize: 19961856 | PixelType: 17301514
2026-02-02 09:21:21,370 INFO [HikHardware] Frame Captured: 5472x3648 | PayloadSize: 19961856 | PixelType: 17301514
2026-02-02 09:21:21,883 INFO [HikHardware] Frame Captured: 5472x3648 | PayloadSize: 19961856 | PixelType: 17301514
2026-02-02 09:21:22,377 INFO [HikHardware] Frame Captured: 5472x3648 | PayloadSize: 19961856 | PixelType: 17301514
2026-02-02 09:21:22,932 INFO [HikHardware] Frame Captured: 5472x3648 | PayloadSize: 19961856 | PixelType: 17301514
2026-02-02 09:21:23,460 INFO [HikHardware] Frame Captured: 5472x3648 | PayloadSize: 19961856 | PixelType: 17301514
2026-02-02 09:21:24,087 INFO [HikHardware] Frame Captured: 5472x3648 | PayloadSize: 19961856 | PixelType: 17301514
2026-02-02 09:21:24,687 INFO [HikHardware] Frame Captured: 5472x3648 | PayloadSize: 19961856 | PixelType: 17301514
2026-02-02 09:21:25,231 INFO [HikHardware] Frame Captured: 5472x3648 | PayloadSize: 19961856 | PixelType: 17301514
2026-02-02 09:21:25,773 INFO [HikHardware] Frame Captured: 5472x3648 | PayloadSize: 19961856 | PixelType: 17301514
2026-02-02 09:21:26,284 INFO [HikHardware] Frame Captured: 5472x3648 | PayloadSize: 19961856 | PixelType: 17301514
2026-02-02 09:21:26,767 INFO [HikHardware] Frame Captured: 5472x3648 | PayloadSize: 19961856 | PixelType: 17301514
2026-02-02 09:21:27,255 INFO [HikHardware] Frame Captured: 5472x3648 | PayloadSize: 19961856 | PixelType: 17301514
2026-02-02 09:21:27,771 INFO [HikHardware] Frame Captured: 5472x3648 | PayloadSize: 19961856 | PixelType: 17301514
2026-02-02 09:21:28,300 INFO [HikHardware] Frame Captured: 5472x3648 | PayloadSize: 19961856 | PixelType: 17301514
2026-02-02 09:21:28,852 INFO [HikHardware] Frame Captured: 5472x3648 | PayloadSize: 19961856 | PixelType: 17301514
2026-02-02 09:21:29,460 INFO [HikHardware] Frame Captured: 5472x3648 | PayloadSize: 19961856 | PixelType: 17301514
2026-02-02 09:21:29,446 INFO [CaptureService] Stopping live preview...
2026-02-02 09:21:29,542 INFO [HikHardware] Camera 1 stopping preview stream...
2026-02-02 09:21:29,860 INFO [Main] UI: Snap Triggered
2026-02-02 09:21:29,878 INFO [CaptureService] Trigger received! Batch capture (Save=False).
2026-02-02 09:21:30,234 INFO [HikHardware] Frame Captured: 5472x3648 | PayloadSize: 19961856 | PixelType: 17301514
2026-02-02 09:21:30,851 INFO [Main] UI: Confirm Triggered
2026-02-02 09:21:30,852 INFO [CaptureService] Confirming save for pending captures...
2026-02-02 09:21:31,218 INFO [FileService] Saved image to C:/Users/W00273/Downloads\TEST000001_20260202\TEST000001_20260202_002.jpg (Q=80)
2026-02-02 09:21:31,229 INFO [CaptureService] Starting live preview for all cameras...
2026-02-02 09:21:31,229 INFO [UploadService] Uploading C:/Users/W00273/Downloads\TEST000001_20260202\TEST000001_20260202_002.jpg (Attempt 1/3)...
2026-02-02 09:21:31,230 INFO [HikHardware] Camera 1 starting preview stream...
2026-02-02 09:21:31,568 INFO [HikHardware] Frame Captured: 5472x3648 | PayloadSize: 19961856 | PixelType: 17301514
2026-02-02 09:21:31,781 INFO [FileService] Copied C:/Users/W00273/Downloads\TEST000001_20260202\TEST000001_20260202_002.jpg -> D:\AutoPhote-main\Server_Storage\TEST000001_20260202\TEST000001_20260202_002.jpg
2026-02-02 09:21:31,782 INFO [UploadService] Upload success (Copied): C:/Users/W00273/Downloads\TEST000001_20260202\TEST000001_20260202_002.jpg
2026-02-02 09:21:31,828 INFO [CaptureService] Stopping live preview...
2026-02-02 09:21:31,828 INFO [HikHardware] Camera 1 stopping preview stream...
2026-02-02 09:21:32,027 INFO [HikHardware] Frame Captured: 5472x3648 | PayloadSize: 19961856 | PixelType: 17301514
2026-02-02 09:21:32,142 INFO [Main] UI: Snap Triggered
2026-02-02 09:21:32,143 INFO [CaptureService] Trigger received! Batch capture (Save=False).
2026-02-02 09:21:32,472 INFO [HikHardware] Frame Captured: 5472x3648 | PayloadSize: 19961856 | PixelType: 17301514
2026-02-02 09:21:33,090 INFO [Main] UI: Confirm Triggered
2026-02-02 09:21:33,090 INFO [CaptureService] Confirming save for pending captures...
2026-02-02 09:21:33,412 INFO [FileService] Saved image to C:/Users/W00273/Downloads\TEST000001_20260202\TEST000001_20260202_003.jpg (Q=80)
2026-02-02 09:21:33,418 INFO [CaptureService] Starting live preview for all cameras...
2026-02-02 09:21:33,418 INFO [UploadService] Uploading C:/Users/W00273/Downloads\TEST000001_20260202\TEST000001_20260202_003.jpg (Attempt 1/3)...
2026-02-02 09:21:33,419 INFO [HikHardware] Camera 1 starting preview stream...
2026-02-02 09:21:33,750 INFO [HikHardware] Frame Captured: 5472x3648 | PayloadSize: 19961856 | PixelType: 17301514
2026-02-02 09:21:33,946 INFO [FileService] Copied C:/Users/W00273/Downloads\TEST000001_20260202\TEST000001_20260202_003.jpg -> D:\AutoPhote-main\Server_Storage\TEST000001_20260202\TEST000001_20260202_003.jpg
2026-02-02 09:21:33,946 INFO [UploadService] Upload success (Copied): C:/Users/W00273/Downloads\TEST000001_20260202\TEST000001_20260202_003.jpg
2026-02-02 09:21:34,245 INFO [HikHardware] Frame Captured: 5472x3648 | PayloadSize: 19961856 | PixelType: 17301514
2026-02-02 09:21:34,786 INFO [HikHardware] Frame Captured: 5472x3648 | PayloadSize: 19961856 | PixelType: 17301514
2026-02-02 09:21:35,248 INFO [HikHardware] Frame Captured: 5472x3648 | PayloadSize: 19961856 | PixelType: 17301514
2026-02-02 09:21:35,845 INFO [HikHardware] Frame Captured: 5472x3648 | PayloadSize: 19961856 | PixelType: 17301514
2026-02-02 09:21:36,329 INFO [HikHardware] Frame Captured: 5472x3648 | PayloadSize: 19961856 | PixelType: 17301514
2026-02-02 09:21:36,819 INFO [HikHardware] Frame Captured: 5472x3648 | PayloadSize: 19961856 | PixelType: 17301514
2026-02-02 09:21:37,314 INFO [HikHardware] Frame Captured: 5472x3648 | PayloadSize: 19961856 | PixelType: 17301514
2026-02-02 09:21:37,781 INFO [HikHardware] Frame Captured: 5472x3648 | PayloadSize: 19961856 | PixelType: 17301514
2026-02-02 09:21:38,254 INFO [HikHardware] Frame Captured: 5472x3648 | PayloadSize: 19961856 | PixelType: 17301514
2026-02-02 09:21:38,719 INFO [HikHardware] Frame Captured: 5472x3648 | PayloadSize: 19961856 | PixelType: 17301514
2026-02-02 09:21:39,202 INFO [HikHardware] Frame Captured: 5472x3648 | PayloadSize: 19961856 | PixelType: 17301514
2026-02-02 09:21:39,591 INFO [CaptureService] Stopping live preview...
2026-02-02 09:21:39,591 INFO [HikHardware] Camera 1 stopping preview stream...
2026-02-02 09:21:39,690 INFO [HikHardware] Frame Captured: 5472x3648 | PayloadSize: 19961856 | PixelType: 17301514
2026-02-02 09:21:39,794 INFO [Main] UI: Snap Triggered
2026-02-02 09:21:39,796 INFO [CaptureService] Trigger received! Batch capture (Save=False).
2026-02-02 09:21:40,124 INFO [HikHardware] Frame Captured: 5472x3648 | PayloadSize: 19961856 | PixelType: 17301514
2026-02-02 09:21:40,793 INFO [Main] UI: Confirm Triggered
2026-02-02 09:21:40,793 INFO [CaptureService] Confirming save for pending captures...
2026-02-02 09:21:41,035 INFO [FileService] Created directory: C:/Users/W00273/Downloads\TEST000002_20260202
2026-02-02 09:21:41,085 INFO [FileService] Saved image to C:/Users/W00273/Downloads\TEST000002_20260202\TEST000002_20260202_001.jpg (Q=80)
2026-02-02 09:21:41,089 INFO [CaptureService] Starting live preview for all cameras...
2026-02-02 09:21:41,090 INFO [HikHardware] Camera 1 starting preview stream...
2026-02-02 09:21:41,090 INFO [FileService] Created directory: D:\AutoPhote-main\Server_Storage\TEST000002_20260202
2026-02-02 09:21:41,090 INFO [UploadService] Uploading C:/Users/W00273/Downloads\TEST000002_20260202\TEST000002_20260202_001.jpg (Attempt 1/3)...
2026-02-02 09:21:41,419 INFO [HikHardware] Frame Captured: 5472x3648 | PayloadSize: 19961856 | PixelType: 17301514
2026-02-02 09:21:41,626 INFO [FileService] Copied C:/Users/W00273/Downloads\TEST000002_20260202\TEST000002_20260202_001.jpg -> D:\AutoPhote-main\Server_Storage\TEST000002_20260202\TEST000002_20260202_001.jpg
2026-02-02 09:21:41,626 INFO [UploadService] Upload success (Copied): C:/Users/W00273/Downloads\TEST000002_20260202\TEST000002_20260202_001.jpg
2026-02-02 09:21:41,887 INFO [HikHardware] Frame Captured: 5472x3648 | PayloadSize: 19961856 | PixelType: 17301514
2026-02-02 09:21:42,332 INFO [HikHardware] Frame Captured: 5472x3648 | PayloadSize: 19961856 | PixelType: 17301514
2026-02-02 09:21:42,776 INFO [HikHardware] Frame Captured: 5472x3648 | PayloadSize: 19961856 | PixelType: 17301514
2026-02-02 09:21:43,240 INFO [HikHardware] Frame Captured: 5472x3648 | PayloadSize: 19961856 | PixelType: 17301514
2026-02-02 09:21:43,792 INFO [HikHardware] Frame Captured: 5472x3648 | PayloadSize: 19961856 | PixelType: 17301514
2026-02-02 09:21:44,310 INFO [HikHardware] Frame Captured: 5472x3648 | PayloadSize: 19961856 | PixelType: 17301514
2026-02-02 09:21:44,809 INFO [HikHardware] Frame Captured: 5472x3648 | PayloadSize: 19961856 | PixelType: 17301514
2026-02-02 09:21:45,286 INFO [HikHardware] Frame Captured: 5472x3648 | PayloadSize: 19961856 | PixelType: 17301514
2026-02-02 09:21:45,749 INFO [HikHardware] Frame Captured: 5472x3648 | PayloadSize: 19961856 | PixelType: 17301514
2026-02-02 09:21:46,213 INFO [HikHardware] Frame Captured: 5472x3648 | PayloadSize: 19961856 | PixelType: 17301514
2026-02-02 09:21:46,674 INFO [HikHardware] Frame Captured: 5472x3648 | PayloadSize: 19961856 | PixelType: 17301514
2026-02-02 09:21:47,159 INFO [HikHardware] Frame Captured: 5472x3648 | PayloadSize: 19961856 | PixelType: 17301514
2026-02-02 09:21:47,621 INFO [HikHardware] Frame Captured: 5472x3648 | PayloadSize: 19961856 | PixelType: 17301514
2026-02-02 09:21:48,082 INFO [HikHardware] Frame Captured: 5472x3648 | PayloadSize: 19961856 | PixelType: 17301514
2026-02-02 09:21:48,545 INFO [HikHardware] Frame Captured: 5472x3648 | PayloadSize: 19961856 | PixelType: 17301514
2026-02-02 09:21:49,023 INFO [HikHardware] Frame Captured: 5472x3648 | PayloadSize: 19961856 | PixelType: 17301514
2026-02-02 09:21:49,505 INFO [HikHardware] Frame Captured: 5472x3648 | PayloadSize: 19961856 | PixelType: 17301514
2026-02-02 09:21:49,972 INFO [HikHardware] Frame Captured: 5472x3648 | PayloadSize: 19961856 | PixelType: 17301514
2026-02-02 09:21:50,457 INFO [HikHardware] Frame Captured: 5472x3648 | PayloadSize: 19961856 | PixelType: 17301514
2026-02-02 09:21:50,910 INFO [HikHardware] Frame Captured: 5472x3648 | PayloadSize: 19961856 | PixelType: 17301514
2026-02-02 09:21:51,378 INFO [HikHardware] Frame Captured: 5472x3648 | PayloadSize: 19961856 | PixelType: 17301514
2026-02-02 09:21:51,538 INFO [CaptureService] Stopping live preview...
2026-02-02 09:21:51,538 INFO [HikHardware] Camera 1 stopping preview stream...
2026-02-02 09:21:51,847 INFO [HikHardware] Frame Captured: 5472x3648 | PayloadSize: 19961856 | PixelType: 17301514
2026-02-02 09:21:51,937 INFO [Main] UI: Snap Triggered
2026-02-02 09:21:51,937 INFO [CaptureService] Trigger received! Batch capture (Save=False).
2026-02-02 09:21:52,267 INFO [HikHardware] Frame Captured: 5472x3648 | PayloadSize: 19961856 | PixelType: 17301514
2026-02-02 09:21:52,935 INFO [Main] UI: Confirm Triggered
2026-02-02 09:21:52,935 INFO [CaptureService] Confirming save for pending captures...
2026-02-02 09:21:53,228 INFO [FileService] Saved image to C:/Users/W00273/Downloads\TEST000002_20260202\TEST000002_20260202_002.jpg (Q=80)
2026-02-02 09:21:53,231 INFO [CaptureService] Starting live preview for all cameras...
2026-02-02 09:21:53,232 INFO [HikHardware] Camera 1 starting preview stream...
2026-02-02 09:21:53,232 INFO [UploadService] Uploading C:/Users/W00273/Downloads\TEST000002_20260202\TEST000002_20260202_002.jpg (Attempt 1/3)...
2026-02-02 09:21:53,561 INFO [HikHardware] Frame Captured: 5472x3648 | PayloadSize: 19961856 | PixelType: 17301514
2026-02-02 09:21:53,746 INFO [FileService] Copied C:/Users/W00273/Downloads\TEST000002_20260202\TEST000002_20260202_002.jpg -> D:\AutoPhote-main\Server_Storage\TEST000002_20260202\TEST000002_20260202_002.jpg
2026-02-02 09:21:53,747 INFO [UploadService] Upload success (Copied): C:/Users/W00273/Downloads\TEST000002_20260202\TEST000002_20260202_002.jpg
2026-02-02 09:21:54,016 INFO [HikHardware] Frame Captured: 5472x3648 | PayloadSize: 19961856 | PixelType: 17301514
2026-02-02 09:21:54,465 INFO [HikHardware] Frame Captured: 5472x3648 | PayloadSize: 19961856 | PixelType: 17301514
2026-02-02 09:21:54,927 INFO [HikHardware] Frame Captured: 5472x3648 | PayloadSize: 19961856 | PixelType: 17301514
2026-02-02 09:21:55,382 INFO [HikHardware] Frame Captured: 5472x3648 | PayloadSize: 19961856 | PixelType: 17301514
2026-02-02 09:21:55,899 INFO [HikHardware] Frame Captured: 5472x3648 | PayloadSize: 19961856 | PixelType: 17301514
2026-02-02 09:21:56,389 INFO [HikHardware] Frame Captured: 5472x3648 | PayloadSize: 19961856 | PixelType: 17301514
2026-02-02 09:21:56,848 INFO [HikHardware] Frame Captured: 5472x3648 | PayloadSize: 19961856 | PixelType: 17301514
2026-02-02 09:21:57,304 INFO [HikHardware] Frame Captured: 5472x3648 | PayloadSize: 19961856 | PixelType: 17301514
2026-02-02 09:21:57,759 INFO [HikHardware] Frame Captured: 5472x3648 | PayloadSize: 19961856 | PixelType: 17301514
2026-02-02 09:21:58,228 INFO [HikHardware] Frame Captured: 5472x3648 | PayloadSize: 19961856 | PixelType: 17301514
2026-02-02 09:21:58,678 INFO [HikHardware] Frame Captured: 5472x3648 | PayloadSize: 19961856 | PixelType: 17301514
2026-02-02 09:21:59,141 INFO [HikHardware] Frame Captured: 5472x3648 | PayloadSize: 19961856 | PixelType: 17301514
2026-02-02 09:21:59,602 INFO [HikHardware] Frame Captured: 5472x3648 | PayloadSize: 19961856 | PixelType: 17301514
2026-02-02 09:22:00,068 INFO [HikHardware] Frame Captured: 5472x3648 | PayloadSize: 19961856 | PixelType: 17301514
2026-02-02 09:22:00,520 INFO [HikHardware] Frame Captured: 5472x3648 | PayloadSize: 19961856 | PixelType: 17301514
2026-02-02 09:22:01,017 INFO [HikHardware] Frame Captured: 5472x3648 | PayloadSize: 19961856 | PixelType: 17301514
2026-02-02 09:22:01,510 INFO [HikHardware] Frame Captured: 5472x3648 | PayloadSize: 19961856 | PixelType: 17301514
2026-02-02 09:22:02,048 INFO [HikHardware] Frame Captured: 5472x3648 | PayloadSize: 19961856 | PixelType: 17301514
2026-02-02 09:22:02,563 INFO [HikHardware] Frame Captured: 5472x3648 | PayloadSize: 19961856 | PixelType: 17301514
2026-02-02 09:22:03,083 INFO [HikHardware] Frame Captured: 5472x3648 | PayloadSize: 19961856 | PixelType: 17301514
2026-02-02 09:22:03,555 INFO [HikHardware] Frame Captured: 5472x3648 | PayloadSize: 19961856 | PixelType: 17301514
2026-02-02 09:22:04,041 INFO [HikHardware] Frame Captured: 5472x3648 | PayloadSize: 19961856 | PixelType: 17301514
2026-02-02 09:22:04,514 INFO [HikHardware] Frame Captured: 5472x3648 | PayloadSize: 19961856 | PixelType: 17301514
2026-02-02 09:22:04,985 INFO [HikHardware] Frame Captured: 5472x3648 | PayloadSize: 19961856 | PixelType: 17301514
2026-02-02 09:22:05,474 INFO [HikHardware] Frame Captured: 5472x3648 | PayloadSize: 19961856 | PixelType: 17301514
2026-02-02 09:22:05,997 INFO [HikHardware] Frame Captured: 5472x3648 | PayloadSize: 19961856 | PixelType: 17301514
2026-02-02 09:22:06,474 INFO [HikHardware] Frame Captured: 5472x3648 | PayloadSize: 19961856 | PixelType: 17301514
2026-02-02 09:22:06,939 INFO [HikHardware] Frame Captured: 5472x3648 | PayloadSize: 19961856 | PixelType: 17301514
2026-02-02 09:22:07,396 INFO [HikHardware] Frame Captured: 5472x3648 | PayloadSize: 19961856 | PixelType: 17301514
2026-02-02 09:22:07,876 INFO [HikHardware] Frame Captured: 5472x3648 | PayloadSize: 19961856 | PixelType: 17301514
2026-02-02 09:22:08,416 INFO [HikHardware] Frame Captured: 5472x3648 | PayloadSize: 19961856 | PixelType: 17301514
2026-02-02 09:22:08,900 INFO [HikHardware] Frame Captured: 5472x3648 | PayloadSize: 19961856 | PixelType: 17301514
2026-02-02 09:22:09,386 INFO [HikHardware] Frame Captured: 5472x3648 | PayloadSize: 19961856 | PixelType: 17301514
2026-02-02 09:22:09,867 INFO [HikHardware] Frame Captured: 5472x3648 | PayloadSize: 19961856 | PixelType: 17301514
2026-02-02 09:22:10,363 INFO [HikHardware] Frame Captured: 5472x3648 | PayloadSize: 19961856 | PixelType: 17301514
2026-02-02 09:22:10,881 INFO [HikHardware] Frame Captured: 5472x3648 | PayloadSize: 19961856 | PixelType: 17301514
2026-02-02 09:22:11,408 INFO [HikHardware] Frame Captured: 5472x3648 | PayloadSize: 19961856 | PixelType: 17301514
2026-02-02 09:22:11,921 INFO [HikHardware] Frame Captured: 5472x3648 | PayloadSize: 19961856 | PixelType: 17301514
2026-02-02 09:22:12,453 INFO [HikHardware] Frame Captured: 5472x3648 | PayloadSize: 19961856 | PixelType: 17301514
2026-02-02 09:22:12,978 INFO [HikHardware] Frame Captured: 5472x3648 | PayloadSize: 19961856 | PixelType: 17301514
2026-02-02 09:22:13,514 INFO [HikHardware] Frame Captured: 5472x3648 | PayloadSize: 19961856 | PixelType: 17301514
2026-02-02 09:22:14,070 INFO [HikHardware] Frame Captured: 5472x3648 | PayloadSize: 19961856 | PixelType: 17301514
2026-02-02 09:22:14,729 INFO [HikHardware] Frame Captured: 5472x3648 | PayloadSize: 19961856 | PixelType: 17301514
2026-02-02 09:22:15,357 INFO [HikHardware] Frame Captured: 5472x3648 | PayloadSize: 19961856 | PixelType: 17301514
2026-02-02 09:22:16,031 INFO [HikHardware] Frame Captured: 5472x3648 | PayloadSize: 19961856 | PixelType: 17301514
2026-02-02 09:22:16,639 INFO [HikHardware] Frame Captured: 5472x3648 | PayloadSize: 19961856 | PixelType: 17301514
2026-02-02 09:22:17,212 INFO [HikHardware] Frame Captured: 5472x3648 | PayloadSize: 19961856 | PixelType: 17301514
2026-02-02 09:22:17,780 INFO [HikHardware] Frame Captured: 5472x3648 | PayloadSize: 19961856 | PixelType: 17301514
2026-02-02 09:22:18,317 INFO [HikHardware] Frame Captured: 5472x3648 | PayloadSize: 19961856 | PixelType: 17301514
2026-02-02 09:22:18,844 INFO [HikHardware] Frame Captured: 5472x3648 | PayloadSize: 19961856 | PixelType: 17301514
2026-02-02 09:22:19,419 INFO [HikHardware] Frame Captured: 5472x3648 | PayloadSize: 19961856 | PixelType: 17301514
2026-02-02 09:22:19,966 INFO [HikHardware] Frame Captured: 5472x3648 | PayloadSize: 19961856 | PixelType: 17301514
2026-02-02 09:22:20,468 INFO [HikHardware] Frame Captured: 5472x3648 | PayloadSize: 19961856 | PixelType: 17301514
2026-02-02 09:22:20,964 INFO [HikHardware] Frame Captured: 5472x3648 | PayloadSize: 19961856 | PixelType: 17301514
2026-02-02 09:22:21,450 INFO [HikHardware] Frame Captured: 5472x3648 | PayloadSize: 19961856 | PixelType: 17301514
2026-02-02 09:22:21,968 INFO [HikHardware] Frame Captured: 5472x3648 | PayloadSize: 19961856 | PixelType: 17301514
2026-02-02 09:22:22,458 INFO [HikHardware] Frame Captured: 5472x3648 | PayloadSize: 19961856 | PixelType: 17301514
2026-02-02 09:22:22,939 INFO [HikHardware] Frame Captured: 5472x3648 | PayloadSize: 19961856 | PixelType: 17301514
2026-02-02 09:22:23,437 INFO [HikHardware] Frame Captured: 5472x3648 | PayloadSize: 19961856 | PixelType: 17301514
2026-02-02 09:22:23,934 INFO [HikHardware] Frame Captured: 5472x3648 | PayloadSize: 19961856 | PixelType: 17301514
2026-02-02 09:22:24,457 INFO [HikHardware] Frame Captured: 5472x3648 | PayloadSize: 19961856 | PixelType: 17301514
2026-02-02 09:22:25,005 INFO [HikHardware] Frame Captured: 5472x3648 | PayloadSize: 19961856 | PixelType: 17301514
2026-02-02 09:22:25,542 INFO [HikHardware] Frame Captured: 5472x3648 | PayloadSize: 19961856 | PixelType: 17301514
2026-02-02 09:22:26,035 INFO [HikHardware] Frame Captured: 5472x3648 | PayloadSize: 19961856 | PixelType: 17301514
2026-02-02 09:22:26,513 INFO [HikHardware] Frame Captured: 5472x3648 | PayloadSize: 19961856 | PixelType: 17301514
2026-02-02 09:22:27,055 INFO [HikHardware] Frame Captured: 5472x3648 | PayloadSize: 19961856 | PixelType: 17301514
2026-02-02 09:22:27,546 INFO [HikHardware] Frame Captured: 5472x3648 | PayloadSize: 19961856 | PixelType: 17301514
2026-02-02 09:22:28,043 INFO [HikHardware] Frame Captured: 5472x3648 | PayloadSize: 19961856 | PixelType: 17301514
2026-02-02 09:22:28,538 INFO [HikHardware] Frame Captured: 5472x3648 | PayloadSize: 19961856 | PixelType: 17301514
2026-02-02 09:22:29,013 INFO [HikHardware] Frame Captured: 5472x3648 | PayloadSize: 19961856 | PixelType: 17301514
2026-02-02 09:22:29,562 INFO [HikHardware] Frame Captured: 5472x3648 | PayloadSize: 19961856 | PixelType: 17301514
2026-02-02 09:22:30,127 INFO [HikHardware] Frame Captured: 5472x3648 | PayloadSize: 19961856 | PixelType: 17301514
2026-02-02 09:22:30,622 INFO [HikHardware] Frame Captured: 5472x3648 | PayloadSize: 19961856 | PixelType: 17301514
2026-02-02 09:22:31,124 INFO [HikHardware] Frame Captured: 5472x3648 | PayloadSize: 19961856 | PixelType: 17301514
2026-02-02 09:22:31,628 INFO [HikHardware] Frame Captured: 5472x3648 | PayloadSize: 19961856 | PixelType: 17301514
2026-02-02 09:22:32,135 INFO [HikHardware] Frame Captured: 5472x3648 | PayloadSize: 19961856 | PixelType: 17301514
2026-02-02 09:22:32,675 INFO [HikHardware] Frame Captured: 5472x3648 | PayloadSize: 19961856 | PixelType: 17301514
2026-02-02 09:22:33,200 INFO [HikHardware] Frame Captured: 5472x3648 | PayloadSize: 19961856 | PixelType: 17301514
2026-02-02 09:22:33,738 INFO [HikHardware] Frame Captured: 5472x3648 | PayloadSize: 19961856 | PixelType: 17301514
2026-02-02 09:22:34,267 INFO [HikHardware] Frame Captured: 5472x3648 | PayloadSize: 19961856 | PixelType: 17301514
2026-02-02 09:22:34,897 INFO [HikHardware] Frame Captured: 5472x3648 | PayloadSize: 19961856 | PixelType: 17301514
2026-02-02 09:22:35,496 INFO [HikHardware] Frame Captured: 5472x3648 | PayloadSize: 19961856 | PixelType: 17301514
2026-02-02 09:22:36,032 INFO [HikHardware] Frame Captured: 5472x3648 | PayloadSize: 19961856 | PixelType: 17301514
2026-02-02 09:22:36,502 INFO [HikHardware] Frame Captured: 5472x3648 | PayloadSize: 19961856 | PixelType: 17301514
2026-02-02 09:22:36,998 INFO [HikHardware] Frame Captured: 5472x3648 | PayloadSize: 19961856 | PixelType: 17301514
2026-02-02 09:22:37,517 INFO [HikHardware] Frame Captured: 5472x3648 | PayloadSize: 19961856 | PixelType: 17301514
2026-02-02 09:22:38,039 INFO [HikHardware] Frame Captured: 5472x3648 | PayloadSize: 19961856 | PixelType: 17301514
2026-02-02 09:22:38,553 INFO [HikHardware] Frame Captured: 5472x3648 | PayloadSize: 19961856 | PixelType: 17301514
2026-02-02 09:22:39,074 INFO [HikHardware] Frame Captured: 5472x3648 | PayloadSize: 19961856 | PixelType: 17301514
2026-02-02 09:22:39,586 INFO [HikHardware] Frame Captured: 5472x3648 | PayloadSize: 19961856 | PixelType: 17301514
2026-02-02 09:22:40,109 INFO [HikHardware] Frame Captured: 5472x3648 | PayloadSize: 19961856 | PixelType: 17301514
2026-02-02 09:22:40,664 INFO [HikHardware] Frame Captured: 5472x3648 | PayloadSize: 19961856 | PixelType: 17301514
2026-02-02 09:22:41,179 INFO [HikHardware] Frame Captured: 5472x3648 | PayloadSize: 19961856 | PixelType: 17301514
2026-02-02 09:22:41,682 INFO [HikHardware] Frame Captured: 5472x3648 | PayloadSize: 19961856 | PixelType: 17301514
2026-02-02 09:22:42,165 INFO [HikHardware] Frame Captured: 5472x3648 | PayloadSize: 19961856 | PixelType: 17301514
2026-02-02 09:22:42,691 INFO [HikHardware] Frame Captured: 5472x3648 | PayloadSize: 19961856 | PixelType: 17301514
2026-02-02 09:22:43,190 INFO [HikHardware] Frame Captured: 5472x3648 | PayloadSize: 19961856 | PixelType: 17301514
2026-02-02 09:22:43,727 INFO [HikHardware] Frame Captured: 5472x3648 | PayloadSize: 19961856 | PixelType: 17301514
2026-02-02 09:22:44,275 INFO [HikHardware] Frame Captured: 5472x3648 | PayloadSize: 19961856 | PixelType: 17301514
2026-02-02 09:22:44,796 INFO [HikHardware] Frame Captured: 5472x3648 | PayloadSize: 19961856 | PixelType: 17301514
2026-02-02 09:22:45,310 INFO [HikHardware] Frame Captured: 5472x3648 | PayloadSize: 19961856 | PixelType: 17301514
2026-02-02 09:22:45,828 INFO [HikHardware] Frame Captured: 5472x3648 | PayloadSize: 19961856 | PixelType: 17301514
2026-02-02 09:22:46,343 INFO [HikHardware] Frame Captured: 5472x3648 | PayloadSize: 19961856 | PixelType: 17301514
2026-02-02 09:22:46,870 INFO [HikHardware] Frame Captured: 5472x3648 | PayloadSize: 19961856 | PixelType: 17301514
2026-02-02 09:22:47,367 INFO [HikHardware] Frame Captured: 5472x3648 | PayloadSize: 19961856 | PixelType: 17301514
2026-02-02 09:22:47,892 INFO [HikHardware] Frame Captured: 5472x3648 | PayloadSize: 19961856 | PixelType: 17301514
2026-02-02 09:22:48,415 INFO [HikHardware] Frame Captured: 5472x3648 | PayloadSize: 19961856 | PixelType: 17301514
2026-02-02 09:22:48,940 INFO [HikHardware] Frame Captured: 5472x3648 | PayloadSize: 19961856 | PixelType: 17301514
2026-02-02 09:22:49,452 INFO [HikHardware] Frame Captured: 5472x3648 | PayloadSize: 19961856 | PixelType: 17301514
2026-02-02 09:22:49,967 INFO [HikHardware] Frame Captured: 5472x3648 | PayloadSize: 19961856 | PixelType: 17301514
2026-02-02 09:22:50,500 INFO [HikHardware] Frame Captured: 5472x3648 | PayloadSize: 19961856 | PixelType: 17301514
2026-02-02 09:22:51,029 INFO [HikHardware] Frame Captured: 5472x3648 | PayloadSize: 19961856 | PixelType: 17301514
2026-02-02 09:22:51,558 INFO [HikHardware] Frame Captured: 5472x3648 | PayloadSize: 19961856 | PixelType: 17301514
2026-02-02 09:22:52,076 INFO [HikHardware] Frame Captured: 5472x3648 | PayloadSize: 19961856 | PixelType: 17301514
2026-02-02 09:22:52,642 INFO [HikHardware] Frame Captured: 5472x3648 | PayloadSize: 19961856 | PixelType: 17301514
2026-02-02 09:22:53,207 INFO [HikHardware] Frame Captured: 5472x3648 | PayloadSize: 19961856 | PixelType: 17301514
2026-02-02 09:22:53,768 INFO [HikHardware] Frame Captured: 5472x3648 | PayloadSize: 19961856 | PixelType: 17301514
2026-02-02 09:22:54,293 INFO [HikHardware] Frame Captured: 5472x3648 | PayloadSize: 19961856 | PixelType: 17301514
2026-02-02 09:22:54,806 INFO [HikHardware] Frame Captured: 5472x3648 | PayloadSize: 19961856 | PixelType: 17301514
2026-02-02 09:22:55,319 INFO [HikHardware] Frame Captured: 5472x3648 | PayloadSize: 19961856 | PixelType: 17301514
2026-02-02 09:22:55,816 INFO [HikHardware] Frame Captured: 5472x3648 | PayloadSize: 19961856 | PixelType: 17301514
2026-02-02 09:22:56,305 INFO [HikHardware] Frame Captured: 5472x3648 | PayloadSize: 19961856 | PixelType: 17301514
2026-02-02 09:22:56,784 INFO [HikHardware] Frame Captured: 5472x3648 | PayloadSize: 19961856 | PixelType: 17301514
2026-02-02 09:22:57,263 INFO [HikHardware] Frame Captured: 5472x3648 | PayloadSize: 19961856 | PixelType: 17301514
2026-02-02 09:22:57,793 INFO [HikHardware] Frame Captured: 5472x3648 | PayloadSize: 19961856 | PixelType: 17301514
2026-02-02 09:22:58,305 INFO [HikHardware] Frame Captured: 5472x3648 | PayloadSize: 19961856 | PixelType: 17301514
2026-02-02 09:22:58,844 INFO [HikHardware] Frame Captured: 5472x3648 | PayloadSize: 19961856 | PixelType: 17301514
2026-02-02 09:22:59,400 INFO [HikHardware] Frame Captured: 5472x3648 | PayloadSize: 19961856 | PixelType: 17301514
2026-02-02 09:22:59,957 INFO [HikHardware] Frame Captured: 5472x3648 | PayloadSize: 19961856 | PixelType: 17301514
2026-02-02 09:23:00,532 INFO [HikHardware] Frame Captured: 5472x3648 | PayloadSize: 19961856 | PixelType: 17301514
2026-02-02 09:23:01,125 INFO [HikHardware] Frame Captured: 5472x3648 | PayloadSize: 19961856 | PixelType: 17301514
2026-02-02 09:23:01,736 INFO [HikHardware] Frame Captured: 5472x3648 | PayloadSize: 19961856 | PixelType: 17301514
2026-02-02 09:23:02,267 INFO [HikHardware] Frame Captured: 5472x3648 | PayloadSize: 19961856 | PixelType: 17301514
2026-02-02 09:23:02,768 INFO [HikHardware] Frame Captured: 5472x3648 | PayloadSize: 19961856 | PixelType: 17301514
2026-02-02 09:23:03,331 INFO [HikHardware] Frame Captured: 5472x3648 | PayloadSize: 19961856 | PixelType: 17301514
2026-02-02 09:23:03,891 INFO [HikHardware] Frame Captured: 5472x3648 | PayloadSize: 19961856 | PixelType: 17301514
2026-02-02 09:23:04,494 INFO [HikHardware] Frame Captured: 5472x3648 | PayloadSize: 19961856 | PixelType: 17301514
2026-02-02 09:23:05,057 INFO [HikHardware] Frame Captured: 5472x3648 | PayloadSize: 19961856 | PixelType: 17301514
2026-02-02 09:23:05,586 INFO [HikHardware] Frame Captured: 5472x3648 | PayloadSize: 19961856 | PixelType: 17301514
2026-02-02 09:23:06,125 INFO [HikHardware] Frame Captured: 5472x3648 | PayloadSize: 19961856 | PixelType: 17301514
2026-02-02 09:23:06,623 INFO [HikHardware] Frame Captured: 5472x3648 | PayloadSize: 19961856 | PixelType: 17301514
2026-02-02 09:23:07,125 INFO [HikHardware] Frame Captured: 5472x3648 | PayloadSize: 19961856 | PixelType: 17301514
2026-02-02 09:23:07,601 INFO [HikHardware] Frame Captured: 5472x3648 | PayloadSize: 19961856 | PixelType: 17301514
2026-02-02 09:23:08,119 INFO [HikHardware] Frame Captured: 5472x3648 | PayloadSize: 19961856 | PixelType: 17301514
2026-02-02 09:23:08,624 INFO [HikHardware] Frame Captured: 5472x3648 | PayloadSize: 19961856 | PixelType: 17301514
2026-02-02 09:23:09,120 INFO [HikHardware] Frame Captured: 5472x3648 | PayloadSize: 19961856 | PixelType: 17301514
2026-02-02 09:23:09,686 INFO [HikHardware] Frame Captured: 5472x3648 | PayloadSize: 19961856 | PixelType: 17301514
2026-02-02 09:23:10,209 INFO [HikHardware] Frame Captured: 5472x3648 | PayloadSize: 19961856 | PixelType: 17301514
2026-02-02 09:23:10,739 INFO [HikHardware] Frame Captured: 5472x3648 | PayloadSize: 19961856 | PixelType: 17301514
2026-02-02 09:23:11,239 INFO [HikHardware] Frame Captured: 5472x3648 | PayloadSize: 19961856 | PixelType: 17301514
2026-02-02 09:23:11,765 INFO [HikHardware] Frame Captured: 5472x3648 | PayloadSize: 19961856 | PixelType: 17301514
2026-02-02 09:23:12,240 INFO [HikHardware] Frame Captured: 5472x3648 | PayloadSize: 19961856 | PixelType: 17301514
2026-02-02 09:23:12,736 INFO [HikHardware] Frame Captured: 5472x3648 | PayloadSize: 19961856 | PixelType: 17301514
2026-02-02 09:23:13,218 INFO [HikHardware] Frame Captured: 5472x3648 | PayloadSize: 19961856 | PixelType: 17301514
2026-02-02 09:23:13,721 INFO [HikHardware] Frame Captured: 5472x3648 | PayloadSize: 19961856 | PixelType: 17301514
2026-02-02 09:23:14,206 INFO [HikHardware] Frame Captured: 5472x3648 | PayloadSize: 19961856 | PixelType: 17301514
2026-02-02 09:23:14,723 INFO [HikHardware] Frame Captured: 5472x3648 | PayloadSize: 19961856 | PixelType: 17301514
2026-02-02 09:23:15,303 INFO [HikHardware] Frame Captured: 5472x3648 | PayloadSize: 19961856 | PixelType: 17301514
2026-02-02 09:23:15,851 INFO [HikHardware] Frame Captured: 5472x3648 | PayloadSize: 19961856 | PixelType: 17301514
2026-02-02 09:23:16,363 INFO [HikHardware] Frame Captured: 5472x3648 | PayloadSize: 19961856 | PixelType: 17301514
2026-02-02 09:23:16,884 INFO [HikHardware] Frame Captured: 5472x3648 | PayloadSize: 19961856 | PixelType: 17301514
2026-02-02 09:23:17,383 INFO [HikHardware] Frame Captured: 5472x3648 | PayloadSize: 19961856 | PixelType: 17301514
2026-02-02 09:23:17,861 INFO [HikHardware] Frame Captured: 5472x3648 | PayloadSize: 19961856 | PixelType: 17301514
2026-02-02 09:23:18,338 INFO [HikHardware] Frame Captured: 5472x3648 | PayloadSize: 19961856 | PixelType: 17301514
2026-02-02 09:23:18,845 INFO [HikHardware] Frame Captured: 5472x3648 | PayloadSize: 19961856 | PixelType: 17301514
2026-02-02 09:23:19,334 INFO [HikHardware] Frame Captured: 5472x3648 | PayloadSize: 19961856 | PixelType: 17301514
2026-02-02 09:23:19,818 INFO [HikHardware] Frame Captured: 5472x3648 | PayloadSize: 19961856 | PixelType: 17301514
2026-02-02 09:23:20,310 INFO [HikHardware] Frame Captured: 5472x3648 | PayloadSize: 19961856 | PixelType: 17301514
2026-02-02 09:23:20,814 INFO [HikHardware] Frame Captured: 5472x3648 | PayloadSize: 19961856 | PixelType: 17301514
2026-02-02 09:23:21,318 INFO [HikHardware] Frame Captured: 5472x3648 | PayloadSize: 19961856 | PixelType: 17301514
2026-02-02 09:23:21,820 INFO [HikHardware] Frame Captured: 5472x3648 | PayloadSize: 19961856 | PixelType: 17301514
2026-02-02 09:23:22,330 INFO [HikHardware] Frame Captured: 5472x3648 | PayloadSize: 19961856 | PixelType: 17301514
2026-02-02 09:23:22,830 INFO [HikHardware] Frame Captured: 5472x3648 | PayloadSize: 19961856 | PixelType: 17301514
2026-02-02 09:23:23,345 INFO [HikHardware] Frame Captured: 5472x3648 | PayloadSize: 19961856 | PixelType: 17301514
2026-02-02 09:23:23,819 INFO [HikHardware] Frame Captured: 5472x3648 | PayloadSize: 19961856 | PixelType: 17301514
2026-02-02 09:23:24,324 INFO [HikHardware] Frame Captured: 5472x3648 | PayloadSize: 19961856 | PixelType: 17301514
2026-02-02 09:23:24,871 INFO [HikHardware] Frame Captured: 5472x3648 | PayloadSize: 19961856 | PixelType: 17301514
2026-02-02 09:23:25,384 INFO [HikHardware] Frame Captured: 5472x3648 | PayloadSize: 19961856 | PixelType: 17301514
2026-02-02 09:23:25,881 INFO [HikHardware] Frame Captured: 5472x3648 | PayloadSize: 19961856 | PixelType: 17301514
2026-02-02 09:23:26,422 INFO [HikHardware] Frame Captured: 5472x3648 | PayloadSize: 19961856 | PixelType: 17301514
2026-02-02 09:23:26,985 INFO [HikHardware] Frame Captured: 5472x3648 | PayloadSize: 19961856 | PixelType: 17301514
2026-02-02 09:23:27,496 INFO [HikHardware] Frame Captured: 5472x3648 | PayloadSize: 19961856 | PixelType: 17301514
2026-02-02 09:23:27,996 INFO [HikHardware] Frame Captured: 5472x3648 | PayloadSize: 19961856 | PixelType: 17301514
2026-02-02 09:23:28,503 INFO [HikHardware] Frame Captured: 5472x3648 | PayloadSize: 19961856 | PixelType: 17301514
2026-02-02 09:23:28,998 INFO [HikHardware] Frame Captured: 5472x3648 | PayloadSize: 19961856 | PixelType: 17301514
2026-02-02 09:23:29,506 INFO [HikHardware] Frame Captured: 5472x3648 | PayloadSize: 19961856 | PixelType: 17301514
2026-02-02 09:23:30,014 INFO [HikHardware] Frame Captured: 5472x3648 | PayloadSize: 19961856 | PixelType: 17301514
2026-02-02 09:23:30,514 INFO [HikHardware] Frame Captured: 5472x3648 | PayloadSize: 19961856 | PixelType: 17301514
2026-02-02 09:23:31,029 INFO [HikHardware] Frame Captured: 5472x3648 | PayloadSize: 19961856 | PixelType: 17301514
2026-02-02 09:23:31,579 INFO [HikHardware] Frame Captured: 5472x3648 | PayloadSize: 19961856 | PixelType: 17301514
2026-02-02 09:23:32,099 INFO [HikHardware] Frame Captured: 5472x3648 | PayloadSize: 19961856 | PixelType: 17301514
2026-02-02 09:23:32,618 INFO [HikHardware] Frame Captured: 5472x3648 | PayloadSize: 19961856 | PixelType: 17301514
2026-02-02 09:23:33,154 INFO [HikHardware] Frame Captured: 5472x3648 | PayloadSize: 19961856 | PixelType: 17301514
2026-02-02 09:23:33,641 INFO [HikHardware] Frame Captured: 5472x3648 | PayloadSize: 19961856 | PixelType: 17301514
2026-02-02 09:23:34,134 INFO [HikHardware] Frame Captured: 5472x3648 | PayloadSize: 19961856 | PixelType: 17301514
2026-02-02 09:23:34,665 INFO [HikHardware] Frame Captured: 5472x3648 | PayloadSize: 19961856 | PixelType: 17301514
2026-02-02 09:23:35,196 INFO [HikHardware] Frame Captured: 5472x3648 | PayloadSize: 19961856 | PixelType: 17301514
2026-02-02 09:23:35,740 INFO [HikHardware] Frame Captured: 5472x3648 | PayloadSize: 19961856 | PixelType: 17301514
2026-02-02 09:23:36,319 INFO [HikHardware] Frame Captured: 5472x3648 | PayloadSize: 19961856 | PixelType: 17301514
2026-02-02 09:23:36,869 INFO [HikHardware] Frame Captured: 5472x3648 | PayloadSize: 19961856 | PixelType: 17301514
2026-02-02 09:23:37,368 INFO [HikHardware] Frame Captured: 5472x3648 | PayloadSize: 19961856 | PixelType: 17301514
2026-02-02 09:23:37,840 INFO [HikHardware] Frame Captured: 5472x3648 | PayloadSize: 19961856 | PixelType: 17301514
2026-02-02 09:23:38,310 INFO [HikHardware] Frame Captured: 5472x3648 | PayloadSize: 19961856 | PixelType: 17301514
2026-02-02 09:23:38,797 INFO [HikHardware] Frame Captured: 5472x3648 | PayloadSize: 19961856 | PixelType: 17301514
2026-02-02 09:23:39,300 INFO [HikHardware] Frame Captured: 5472x3648 | PayloadSize: 19961856 | PixelType: 17301514
2026-02-02 09:23:39,779 INFO [HikHardware] Frame Captured: 5472x3648 | PayloadSize: 19961856 | PixelType: 17301514
2026-02-02 09:23:40,269 INFO [HikHardware] Frame Captured: 5472x3648 | PayloadSize: 19961856 | PixelType: 17301514
2026-02-02 09:23:40,757 INFO [HikHardware] Frame Captured: 5472x3648 | PayloadSize: 19961856 | PixelType: 17301514
2026-02-02 09:23:41,261 INFO [HikHardware] Frame Captured: 5472x3648 | PayloadSize: 19961856 | PixelType: 17301514
2026-02-02 09:23:41,746 INFO [HikHardware] Frame Captured: 5472x3648 | PayloadSize: 19961856 | PixelType: 17301514
2026-02-02 09:23:42,230 INFO [HikHardware] Frame Captured: 5472x3648 | PayloadSize: 19961856 | PixelType: 17301514
2026-02-02 09:23:42,717 INFO [HikHardware] Frame Captured: 5472x3648 | PayloadSize: 19961856 | PixelType: 17301514
2026-02-02 09:23:43,234 INFO [HikHardware] Frame Captured: 5472x3648 | PayloadSize: 19961856 | PixelType: 17301514
2026-02-02 09:23:43,730 INFO [HikHardware] Frame Captured: 5472x3648 | PayloadSize: 19961856 | PixelType: 17301514
2026-02-02 09:23:44,224 INFO [HikHardware] Frame Captured: 5472x3648 | PayloadSize: 19961856 | PixelType: 17301514
2026-02-02 09:23:44,760 INFO [HikHardware] Frame Captured: 5472x3648 | PayloadSize: 19961856 | PixelType: 17301514
2026-02-02 09:23:45,327 INFO [HikHardware] Frame Captured: 5472x3648 | PayloadSize: 19961856 | PixelType: 17301514
2026-02-02 09:23:46,549 INFO [HikHardware] Frame Captured: 5472x3648 | PayloadSize: 19961856 | PixelType: 17301514
2026-02-02 09:23:47,069 INFO [HikHardware] Frame Captured: 5472x3648 | PayloadSize: 19961856 | PixelType: 17301514
2026-02-02 09:23:47,563 INFO [HikHardware] Frame Captured: 5472x3648 | PayloadSize: 19961856 | PixelType: 17301514
2026-02-02 09:23:48,008 INFO [HikHardware] Frame Captured: 5472x3648 | PayloadSize: 19961856 | PixelType: 17301514
2026-02-02 09:23:48,469 INFO [HikHardware] Frame Captured: 5472x3648 | PayloadSize: 19961856 | PixelType: 17301514
2026-02-02 09:23:48,930 INFO [HikHardware] Frame Captured: 5472x3648 | PayloadSize: 19961856 | PixelType: 17301514
2026-02-02 09:23:49,381 INFO [HikHardware] Frame Captured: 5472x3648 | PayloadSize: 19961856 | PixelType: 17301514
2026-02-02 09:23:49,832 INFO [HikHardware] Frame Captured: 5472x3648 | PayloadSize: 19961856 | PixelType: 17301514
2026-02-02 09:23:50,293 INFO [HikHardware] Frame Captured: 5472x3648 | PayloadSize: 19961856 | PixelType: 17301514
2026-02-02 09:23:50,738 INFO [HikHardware] Frame Captured: 5472x3648 | PayloadSize: 19961856 | PixelType: 17301514
2026-02-02 09:23:51,197 INFO [HikHardware] Frame Captured: 5472x3648 | PayloadSize: 19961856 | PixelType: 17301514
2026-02-02 09:23:51,646 INFO [HikHardware] Frame Captured: 5472x3648 | PayloadSize: 19961856 | PixelType: 17301514
2026-02-02 09:23:52,109 INFO [HikHardware] Frame Captured: 5472x3648 | PayloadSize: 19961856 | PixelType: 17301514
2026-02-02 09:23:52,564 INFO [HikHardware] Frame Captured: 5472x3648 | PayloadSize: 19961856 | PixelType: 17301514
2026-02-02 09:23:53,013 INFO [HikHardware] Frame Captured: 5472x3648 | PayloadSize: 19961856 | PixelType: 17301514
2026-02-02 09:23:53,471 INFO [HikHardware] Frame Captured: 5472x3648 | PayloadSize: 19961856 | PixelType: 17301514
2026-02-02 09:23:53,921 INFO [HikHardware] Frame Captured: 5472x3648 | PayloadSize: 19961856 | PixelType: 17301514
2026-02-02 09:23:54,383 INFO [HikHardware] Frame Captured: 5472x3648 | PayloadSize: 19961856 | PixelType: 17301514
2026-02-02 09:23:54,861 INFO [HikHardware] Frame Captured: 5472x3648 | PayloadSize: 19961856 | PixelType: 17301514
2026-02-02 09:23:55,316 INFO [HikHardware] Frame Captured: 5472x3648 | PayloadSize: 19961856 | PixelType: 17301514
2026-02-02 09:23:55,787 INFO [HikHardware] Frame Captured: 5472x3648 | PayloadSize: 19961856 | PixelType: 17301514
2026-02-02 09:23:56,259 INFO [HikHardware] Frame Captured: 5472x3648 | PayloadSize: 19961856 | PixelType: 17301514
2026-02-02 09:23:56,739 INFO [HikHardware] Frame Captured: 5472x3648 | PayloadSize: 19961856 | PixelType: 17301514
2026-02-02 09:23:57,248 INFO [HikHardware] Frame Captured: 5472x3648 | PayloadSize: 19961856 | PixelType: 17301514
2026-02-02 09:23:57,741 INFO [HikHardware] Frame Captured: 5472x3648 | PayloadSize: 19961856 | PixelType: 17301514
2026-02-02 09:23:58,191 INFO [HikHardware] Frame Captured: 5472x3648 | PayloadSize: 19961856 | PixelType: 17301514
2026-02-02 09:23:58,664 INFO [HikHardware] Frame Captured: 5472x3648 | PayloadSize: 19961856 | PixelType: 17301514
2026-02-02 09:23:59,137 INFO [HikHardware] Frame Captured: 5472x3648 | PayloadSize: 19961856 | PixelType: 17301514
2026-02-02 09:23:59,596 INFO [HikHardware] Frame Captured: 5472x3648 | PayloadSize: 19961856 | PixelType: 17301514
2026-02-02 09:24:00,053 INFO [HikHardware] Frame Captured: 5472x3648 | PayloadSize: 19961856 | PixelType: 17301514
2026-02-02 09:24:00,558 INFO [HikHardware] Frame Captured: 5472x3648 | PayloadSize: 19961856 | PixelType: 17301514
2026-02-02 09:24:01,029 INFO [HikHardware] Frame Captured: 5472x3648 | PayloadSize: 19961856 | PixelType: 17301514
2026-02-02 09:24:01,496 INFO [HikHardware] Frame Captured: 5472x3648 | PayloadSize: 19961856 | PixelType: 17301514
2026-02-02 09:24:01,952 INFO [HikHardware] Frame Captured: 5472x3648 | PayloadSize: 19961856 | PixelType: 17301514
2026-02-02 09:24:02,407 INFO [HikHardware] Frame Captured: 5472x3648 | PayloadSize: 19961856 | PixelType: 17301514
2026-02-02 09:24:02,877 INFO [HikHardware] Frame Captured: 5472x3648 | PayloadSize: 19961856 | PixelType: 17301514
2026-02-02 09:24:03,341 INFO [HikHardware] Frame Captured: 5472x3648 | PayloadSize: 19961856 | PixelType: 17301514
2026-02-02 09:24:03,810 INFO [HikHardware] Frame Captured: 5472x3648 | PayloadSize: 19961856 | PixelType: 17301514
2026-02-02 09:24:04,258 INFO [HikHardware] Frame Captured: 5472x3648 | PayloadSize: 19961856 | PixelType: 17301514
2026-02-02 09:24:04,715 INFO [HikHardware] Frame Captured: 5472x3648 | PayloadSize: 19961856 | PixelType: 17301514
2026-02-02 09:24:05,182 INFO [HikHardware] Frame Captured: 5472x3648 | PayloadSize: 19961856 | PixelType: 17301514
2026-02-02 09:24:05,671 INFO [HikHardware] Frame Captured: 5472x3648 | PayloadSize: 19961856 | PixelType: 17301514
2026-02-02 09:24:06,154 INFO [HikHardware] Frame Captured: 5472x3648 | PayloadSize: 19961856 | PixelType: 17301514
2026-02-02 09:24:06,632 INFO [HikHardware] Frame Captured: 5472x3648 | PayloadSize: 19961856 | PixelType: 17301514
2026-02-02 09:24:07,110 INFO [HikHardware] Frame Captured: 5472x3648 | PayloadSize: 19961856 | PixelType: 17301514
2026-02-02 09:24:07,585 INFO [HikHardware] Frame Captured: 5472x3648 | PayloadSize: 19961856 | PixelType: 17301514
2026-02-02 09:24:08,053 INFO [HikHardware] Frame Captured: 5472x3648 | PayloadSize: 19961856 | PixelType: 17301514
2026-02-02 09:24:08,519 INFO [HikHardware] Frame Captured: 5472x3648 | PayloadSize: 19961856 | PixelType: 17301514
2026-02-02 09:24:08,998 INFO [HikHardware] Frame Captured: 5472x3648 | PayloadSize: 19961856 | PixelType: 17301514
2026-02-02 09:24:09,473 INFO [HikHardware] Frame Captured: 5472x3648 | PayloadSize: 19961856 | PixelType: 17301514
2026-02-02 09:24:09,947 INFO [HikHardware] Frame Captured: 5472x3648 | PayloadSize: 19961856 | PixelType: 17301514
2026-02-02 09:24:10,434 INFO [HikHardware] Frame Captured: 5472x3648 | PayloadSize: 19961856 | PixelType: 17301514
2026-02-02 09:24:10,910 INFO [HikHardware] Frame Captured: 5472x3648 | PayloadSize: 19961856 | PixelType: 17301514
2026-02-02 09:24:11,390 INFO [HikHardware] Frame Captured: 5472x3648 | PayloadSize: 19961856 | PixelType: 17301514
2026-02-02 09:24:11,863 INFO [HikHardware] Frame Captured: 5472x3648 | PayloadSize: 19961856 | PixelType: 17301514
2026-02-02 09:24:12,349 INFO [HikHardware] Frame Captured: 5472x3648 | PayloadSize: 19961856 | PixelType: 17301514
2026-02-02 09:24:12,823 INFO [HikHardware] Frame Captured: 5472x3648 | PayloadSize: 19961856 | PixelType: 17301514
2026-02-02 09:24:13,308 INFO [HikHardware] Frame Captured: 5472x3648 | PayloadSize: 19961856 | PixelType: 17301514
2026-02-02 09:24:13,817 INFO [HikHardware] Frame Captured: 5472x3648 | PayloadSize: 19961856 | PixelType: 17301514
2026-02-02 09:24:14,318 INFO [HikHardware] Frame Captured: 5472x3648 | PayloadSize: 19961856 | PixelType: 17301514
2026-02-02 09:24:14,808 INFO [HikHardware] Frame Captured: 5472x3648 | PayloadSize: 19961856 | PixelType: 17301514
2026-02-02 09:24:15,306 INFO [HikHardware] Frame Captured: 5472x3648 | PayloadSize: 19961856 | PixelType: 17301514
2026-02-02 09:24:15,845 INFO [HikHardware] Frame Captured: 5472x3648 | PayloadSize: 19961856 | PixelType: 17301514
2026-02-02 09:24:16,372 INFO [HikHardware] Frame Captured: 5472x3648 | PayloadSize: 19961856 | PixelType: 17301514
2026-02-02 09:24:16,906 INFO [HikHardware] Frame Captured: 5472x3648 | PayloadSize: 19961856 | PixelType: 17301514
2026-02-02 09:24:17,438 INFO [HikHardware] Frame Captured: 5472x3648 | PayloadSize: 19961856 | PixelType: 17301514
2026-02-02 09:24:17,993 INFO [HikHardware] Frame Captured: 5472x3648 | PayloadSize: 19961856 | PixelType: 17301514
2026-02-02 09:24:18,515 INFO [HikHardware] Frame Captured: 5472x3648 | PayloadSize: 19961856 | PixelType: 17301514
2026-02-02 09:24:19,044 INFO [HikHardware] Frame Captured: 5472x3648 | PayloadSize: 19961856 | PixelType: 17301514
2026-02-02 09:24:19,558 INFO [HikHardware] Frame Captured: 5472x3648 | PayloadSize: 19961856 | PixelType: 17301514
2026-02-02 09:24:20,067 INFO [HikHardware] Frame Captured: 5472x3648 | PayloadSize: 19961856 | PixelType: 17301514
2026-02-02 09:24:20,716 INFO [HikHardware] Frame Captured: 5472x3648 | PayloadSize: 19961856 | PixelType: 17301514
2026-02-02 09:24:21,298 INFO [HikHardware] Frame Captured: 5472x3648 | PayloadSize: 19961856 | PixelType: 17301514
2026-02-02 09:24:21,911 INFO [HikHardware] Frame Captured: 5472x3648 | PayloadSize: 19961856 | PixelType: 17301514
2026-02-02 09:24:22,523 INFO [HikHardware] Frame Captured: 5472x3648 | PayloadSize: 19961856 | PixelType: 17301514
2026-02-02 09:24:23,098 INFO [HikHardware] Frame Captured: 5472x3648 | PayloadSize: 19961856 | PixelType: 17301514
2026-02-02 09:24:23,680 INFO [HikHardware] Frame Captured: 5472x3648 | PayloadSize: 19961856 | PixelType: 17301514
2026-02-02 09:24:24,227 INFO [HikHardware] Frame Captured: 5472x3648 | PayloadSize: 19961856 | PixelType: 17301514
2026-02-02 09:24:24,760 INFO [HikHardware] Frame Captured: 5472x3648 | PayloadSize: 19961856 | PixelType: 17301514
2026-02-02 09:24:25,326 INFO [HikHardware] Frame Captured: 5472x3648 | PayloadSize: 19961856 | PixelType: 17301514
2026-02-02 09:24:25,864 INFO [HikHardware] Frame Captured: 5472x3648 | PayloadSize: 19961856 | PixelType: 17301514
2026-02-02 09:24:26,403 INFO [HikHardware] Frame Captured: 5472x3648 | PayloadSize: 19961856 | PixelType: 17301514
2026-02-02 09:24:26,927 INFO [HikHardware] Frame Captured: 5472x3648 | PayloadSize: 19961856 | PixelType: 17301514
2026-02-02 09:24:27,492 INFO [HikHardware] Frame Captured: 5472x3648 | PayloadSize: 19961856 | PixelType: 17301514
2026-02-02 09:24:28,083 INFO [HikHardware] Frame Captured: 5472x3648 | PayloadSize: 19961856 | PixelType: 17301514
2026-02-02 09:24:28,589 INFO [HikHardware] Frame Captured: 5472x3648 | PayloadSize: 19961856 | PixelType: 17301514
2026-02-02 09:24:29,097 INFO [HikHardware] Frame Captured: 5472x3648 | PayloadSize: 19961856 | PixelType: 17301514
2026-02-02 09:24:29,571 INFO [HikHardware] Frame Captured: 5472x3648 | PayloadSize: 19961856 | PixelType: 17301514
2026-02-02 09:24:30,051 INFO [HikHardware] Frame Captured: 5472x3648 | PayloadSize: 19961856 | PixelType: 17301514
2026-02-02 09:24:30,531 INFO [HikHardware] Frame Captured: 5472x3648 | PayloadSize: 19961856 | PixelType: 17301514
2026-02-02 09:24:31,007 INFO [HikHardware] Frame Captured: 5472x3648 | PayloadSize: 19961856 | PixelType: 17301514
2026-02-02 09:24:31,498 INFO [HikHardware] Frame Captured: 5472x3648 | PayloadSize: 19961856 | PixelType: 17301514
2026-02-02 09:24:31,991 INFO [HikHardware] Frame Captured: 5472x3648 | PayloadSize: 19961856 | PixelType: 17301514
2026-02-02 09:24:32,494 INFO [HikHardware] Frame Captured: 5472x3648 | PayloadSize: 19961856 | PixelType: 17301514
2026-02-02 09:24:33,041 INFO [HikHardware] Frame Captured: 5472x3648 | PayloadSize: 19961856 | PixelType: 17301514
2026-02-02 09:24:33,574 INFO [HikHardware] Frame Captured: 5472x3648 | PayloadSize: 19961856 | PixelType: 17301514
2026-02-02 09:24:34,097 INFO [HikHardware] Frame Captured: 5472x3648 | PayloadSize: 19961856 | PixelType: 17301514
2026-02-02 09:24:34,607 INFO [HikHardware] Frame Captured: 5472x3648 | PayloadSize: 19961856 | PixelType: 17301514
2026-02-02 09:24:35,098 INFO [HikHardware] Frame Captured: 5472x3648 | PayloadSize: 19961856 | PixelType: 17301514
2026-02-02 09:24:35,610 INFO [HikHardware] Frame Captured: 5472x3648 | PayloadSize: 19961856 | PixelType: 17301514
2026-02-02 09:24:36,124 INFO [HikHardware] Frame Captured: 5472x3648 | PayloadSize: 19961856 | PixelType: 17301514
2026-02-02 09:24:36,623 INFO [HikHardware] Frame Captured: 5472x3648 | PayloadSize: 19961856 | PixelType: 17301514
2026-02-02 09:24:37,105 INFO [HikHardware] Frame Captured: 5472x3648 | PayloadSize: 19961856 | PixelType: 17301514
2026-02-02 09:24:37,582 INFO [HikHardware] Frame Captured: 5472x3648 | PayloadSize: 19961856 | PixelType: 17301514
2026-02-02 09:24:38,120 INFO [HikHardware] Frame Captured: 5472x3648 | PayloadSize: 19961856 | PixelType: 17301514
2026-02-02 09:24:38,632 INFO [HikHardware] Frame Captured: 5472x3648 | PayloadSize: 19961856 | PixelType: 17301514
2026-02-02 09:24:39,138 INFO [HikHardware] Frame Captured: 5472x3648 | PayloadSize: 19961856 | PixelType: 17301514
2026-02-02 09:24:39,640 INFO [HikHardware] Frame Captured: 5472x3648 | PayloadSize: 19961856 | PixelType: 17301514
2026-02-02 09:24:40,149 INFO [HikHardware] Frame Captured: 5472x3648 | PayloadSize: 19961856 | PixelType: 17301514
2026-02-02 09:24:40,662 INFO [HikHardware] Frame Captured: 5472x3648 | PayloadSize: 19961856 | PixelType: 17301514
2026-02-02 09:24:41,149 INFO [HikHardware] Frame Captured: 5472x3648 | PayloadSize: 19961856 | PixelType: 17301514
2026-02-02 09:24:41,663 INFO [HikHardware] Frame Captured: 5472x3648 | PayloadSize: 19961856 | PixelType: 17301514
2026-02-02 09:24:42,148 INFO [HikHardware] Frame Captured: 5472x3648 | PayloadSize: 19961856 | PixelType: 17301514
2026-02-02 09:24:42,636 INFO [HikHardware] Frame Captured: 5472x3648 | PayloadSize: 19961856 | PixelType: 17301514
2026-02-02 09:24:43,134 INFO [HikHardware] Frame Captured: 5472x3648 | PayloadSize: 19961856 | PixelType: 17301514
2026-02-02 09:24:43,620 INFO [HikHardware] Frame Captured: 5472x3648 | PayloadSize: 19961856 | PixelType: 17301514
2026-02-02 09:24:44,097 INFO [HikHardware] Frame Captured: 5472x3648 | PayloadSize: 19961856 | PixelType: 17301514
2026-02-02 09:24:44,615 INFO [HikHardware] Frame Captured: 5472x3648 | PayloadSize: 19961856 | PixelType: 17301514
2026-02-02 09:24:45,154 INFO [HikHardware] Frame Captured: 5472x3648 | PayloadSize: 19961856 | PixelType: 17301514
2026-02-02 09:24:45,665 INFO [HikHardware] Frame Captured: 5472x3648 | PayloadSize: 19961856 | PixelType: 17301514
2026-02-02 09:24:46,189 INFO [HikHardware] Frame Captured: 5472x3648 | PayloadSize: 19961856 | PixelType: 17301514
2026-02-02 09:24:46,708 INFO [HikHardware] Frame Captured: 5472x3648 | PayloadSize: 19961856 | PixelType: 17301514
2026-02-02 09:24:47,222 INFO [HikHardware] Frame Captured: 5472x3648 | PayloadSize: 19961856 | PixelType: 17301514
2026-02-02 09:24:47,729 INFO [HikHardware] Frame Captured: 5472x3648 | PayloadSize: 19961856 | PixelType: 17301514
2026-02-02 09:24:48,252 INFO [HikHardware] Frame Captured: 5472x3648 | PayloadSize: 19961856 | PixelType: 17301514
2026-02-02 09:24:48,788 INFO [HikHardware] Frame Captured: 5472x3648 | PayloadSize: 19961856 | PixelType: 17301514
2026-02-02 09:24:49,276 INFO [HikHardware] Frame Captured: 5472x3648 | PayloadSize: 19961856 | PixelType: 17301514
2026-02-02 09:24:49,792 INFO [HikHardware] Frame Captured: 5472x3648 | PayloadSize: 19961856 | PixelType: 17301514
2026-02-02 09:24:50,295 INFO [HikHardware] Frame Captured: 5472x3648 | PayloadSize: 19961856 | PixelType: 17301514
2026-02-02 09:24:50,796 INFO [HikHardware] Frame Captured: 5472x3648 | PayloadSize: 19961856 | PixelType: 17301514
2026-02-02 09:24:51,301 INFO [HikHardware] Frame Captured: 5472x3648 | PayloadSize: 19961856 | PixelType: 17301514
2026-02-02 09:24:51,829 INFO [HikHardware] Frame Captured: 5472x3648 | PayloadSize: 19961856 | PixelType: 17301514
2026-02-02 09:24:52,348 INFO [HikHardware] Frame Captured: 5472x3648 | PayloadSize: 19961856 | PixelType: 17301514
2026-02-02 09:24:52,866 INFO [HikHardware] Frame Captured: 5472x3648 | PayloadSize: 19961856 | PixelType: 17301514
2026-02-02 09:24:53,415 INFO [HikHardware] Frame Captured: 5472x3648 | PayloadSize: 19961856 | PixelType: 17301514
2026-02-02 09:24:53,932 INFO [HikHardware] Frame Captured: 5472x3648 | PayloadSize: 19961856 | PixelType: 17301514
2026-02-02 09:24:54,486 INFO [HikHardware] Frame Captured: 5472x3648 | PayloadSize: 19961856 | PixelType: 17301514
2026-02-02 09:24:54,978 INFO [HikHardware] Frame Captured: 5472x3648 | PayloadSize: 19961856 | PixelType: 17301514
2026-02-02 09:24:55,489 INFO [HikHardware] Frame Captured: 5472x3648 | PayloadSize: 19961856 | PixelType: 17301514
2026-02-02 09:24:56,131 INFO [HikHardware] Frame Captured: 5472x3648 | PayloadSize: 19961856 | PixelType: 17301514
2026-02-02 09:24:56,777 INFO [HikHardware] Frame Captured: 5472x3648 | PayloadSize: 19961856 | PixelType: 17301514
2026-02-02 09:24:57,317 INFO [HikHardware] Frame Captured: 5472x3648 | PayloadSize: 19961856 | PixelType: 17301514
2026-02-02 09:24:57,870 INFO [HikHardware] Frame Captured: 5472x3648 | PayloadSize: 19961856 | PixelType: 17301514
2026-02-02 09:24:58,396 INFO [HikHardware] Frame Captured: 5472x3648 | PayloadSize: 19961856 | PixelType: 17301514
2026-02-02 09:24:58,890 INFO [HikHardware] Frame Captured: 5472x3648 | PayloadSize: 19961856 | PixelType: 17301514
2026-02-02 09:24:59,376 INFO [HikHardware] Frame Captured: 5472x3648 | PayloadSize: 19961856 | PixelType: 17301514
2026-02-02 09:24:59,884 INFO [HikHardware] Frame Captured: 5472x3648 | PayloadSize: 19961856 | PixelType: 17301514
2026-02-02 09:25:00,388 INFO [HikHardware] Frame Captured: 5472x3648 | PayloadSize: 19961856 | PixelType: 17301514
2026-02-02 09:25:00,941 INFO [HikHardware] Frame Captured: 5472x3648 | PayloadSize: 19961856 | PixelType: 17301514
2026-02-02 09:25:01,489 INFO [HikHardware] Frame Captured: 5472x3648 | PayloadSize: 19961856 | PixelType: 17301514
2026-02-02 09:25:01,975 INFO [HikHardware] Frame Captured: 5472x3648 | PayloadSize: 19961856 | PixelType: 17301514
2026-02-02 09:25:02,478 INFO [HikHardware] Frame Captured: 5472x3648 | PayloadSize: 19961856 | PixelType: 17301514
2026-02-02 09:25:02,989 INFO [HikHardware] Frame Captured: 5472x3648 | PayloadSize: 19961856 | PixelType: 17301514
2026-02-02 09:25:03,466 INFO [HikHardware] Frame Captured: 5472x3648 | PayloadSize: 19961856 | PixelType: 17301514
2026-02-02 09:25:03,948 INFO [HikHardware] Frame Captured: 5472x3648 | PayloadSize: 19961856 | PixelType: 17301514
2026-02-02 09:25:04,429 INFO [HikHardware] Frame Captured: 5472x3648 | PayloadSize: 19961856 | PixelType: 17301514
2026-02-02 09:25:04,905 INFO [HikHardware] Frame Captured: 5472x3648 | PayloadSize: 19961856 | PixelType: 17301514
2026-02-02 09:25:05,415 INFO [HikHardware] Frame Captured: 5472x3648 | PayloadSize: 19961856 | PixelType: 17301514
2026-02-02 09:25:05,963 INFO [HikHardware] Frame Captured: 5472x3648 | PayloadSize: 19961856 | PixelType: 17301514
2026-02-02 09:25:06,525 INFO [HikHardware] Frame Captured: 5472x3648 | PayloadSize: 19961856 | PixelType: 17301514
2026-02-02 09:25:07,041 INFO [HikHardware] Frame Captured: 5472x3648 | PayloadSize: 19961856 | PixelType: 17301514
2026-02-02 09:25:07,521 INFO [HikHardware] Frame Captured: 5472x3648 | PayloadSize: 19961856 | PixelType: 17301514
2026-02-02 09:25:08,049 INFO [HikHardware] Frame Captured: 5472x3648 | PayloadSize: 19961856 | PixelType: 17301514
2026-02-02 09:25:08,585 INFO [HikHardware] Frame Captured: 5472x3648 | PayloadSize: 19961856 | PixelType: 17301514
2026-02-02 09:25:09,065 INFO [HikHardware] Frame Captured: 5472x3648 | PayloadSize: 19961856 | PixelType: 17301514
2026-02-02 09:25:09,534 INFO [HikHardware] Frame Captured: 5472x3648 | PayloadSize: 19961856 | PixelType: 17301514
2026-02-02 09:25:10,041 INFO [HikHardware] Frame Captured: 5472x3648 | PayloadSize: 19961856 | PixelType: 17301514
2026-02-02 09:25:10,559 INFO [HikHardware] Frame Captured: 5472x3648 | PayloadSize: 19961856 | PixelType: 17301514
2026-02-02 09:25:11,082 INFO [HikHardware] Frame Captured: 5472x3648 | PayloadSize: 19961856 | PixelType: 17301514
2026-02-02 09:25:11,605 INFO [HikHardware] Frame Captured: 5472x3648 | PayloadSize: 19961856 | PixelType: 17301514
2026-02-02 09:25:12,141 INFO [HikHardware] Frame Captured: 5472x3648 | PayloadSize: 19961856 | PixelType: 17301514
2026-02-02 09:25:12,650 INFO [HikHardware] Frame Captured: 5472x3648 | PayloadSize: 19961856 | PixelType: 17301514
2026-02-02 09:25:13,148 INFO [HikHardware] Frame Captured: 5472x3648 | PayloadSize: 19961856 | PixelType: 17301514
2026-02-02 09:25:13,657 INFO [HikHardware] Frame Captured: 5472x3648 | PayloadSize: 19961856 | PixelType: 17301514
2026-02-02 09:25:14,152 INFO [HikHardware] Frame Captured: 5472x3648 | PayloadSize: 19961856 | PixelType: 17301514
2026-02-02 09:25:14,663 INFO [HikHardware] Frame Captured: 5472x3648 | PayloadSize: 19961856 | PixelType: 17301514
2026-02-02 09:25:15,160 INFO [HikHardware] Frame Captured: 5472x3648 | PayloadSize: 19961856 | PixelType: 17301514
2026-02-02 09:25:15,666 INFO [HikHardware] Frame Captured: 5472x3648 | PayloadSize: 19961856 | PixelType: 17301514
2026-02-02 09:25:16,259 INFO [HikHardware] Frame Captured: 5472x3648 | PayloadSize: 19961856 | PixelType: 17301514
2026-02-02 09:25:16,860 INFO [HikHardware] Frame Captured: 5472x3648 | PayloadSize: 19961856 | PixelType: 17301514
2026-02-02 09:25:17,398 INFO [HikHardware] Frame Captured: 5472x3648 | PayloadSize: 19961856 | PixelType: 17301514
2026-02-02 09:25:17,904 INFO [HikHardware] Frame Captured: 5472x3648 | PayloadSize: 19961856 | PixelType: 17301514
2026-02-02 09:25:18,407 INFO [HikHardware] Frame Captured: 5472x3648 | PayloadSize: 19961856 | PixelType: 17301514
2026-02-02 09:25:18,899 INFO [HikHardware] Frame Captured: 5472x3648 | PayloadSize: 19961856 | PixelType: 17301514
2026-02-02 09:25:19,399 INFO [HikHardware] Frame Captured: 5472x3648 | PayloadSize: 19961856 | PixelType: 17301514
2026-02-02 09:25:19,871 INFO [HikHardware] Frame Captured: 5472x3648 | PayloadSize: 19961856 | PixelType: 17301514
2026-02-02 09:25:20,362 INFO [HikHardware] Frame Captured: 5472x3648 | PayloadSize: 19961856 | PixelType: 17301514
2026-02-02 09:25:20,854 INFO [HikHardware] Frame Captured: 5472x3648 | PayloadSize: 19961856 | PixelType: 17301514
2026-02-02 09:25:21,356 INFO [HikHardware] Frame Captured: 5472x3648 | PayloadSize: 19961856 | PixelType: 17301514
2026-02-02 09:25:21,844 INFO [HikHardware] Frame Captured: 5472x3648 | PayloadSize: 19961856 | PixelType: 17301514
2026-02-02 09:25:22,341 INFO [HikHardware] Frame Captured: 5472x3648 | PayloadSize: 19961856 | PixelType: 17301514
2026-02-02 09:25:22,826 INFO [HikHardware] Frame Captured: 5472x3648 | PayloadSize: 19961856 | PixelType: 17301514
2026-02-02 09:25:23,385 INFO [HikHardware] Frame Captured: 5472x3648 | PayloadSize: 19961856 | PixelType: 17301514
2026-02-02 09:25:23,972 INFO [HikHardware] Frame Captured: 5472x3648 | PayloadSize: 19961856 | PixelType: 17301514
2026-02-02 09:25:24,528 INFO [HikHardware] Frame Captured: 5472x3648 | PayloadSize: 19961856 | PixelType: 17301514
2026-02-02 09:25:25,087 INFO [HikHardware] Frame Captured: 5472x3648 | PayloadSize: 19961856 | PixelType: 17301514
2026-02-02 09:25:25,596 INFO [HikHardware] Frame Captured: 5472x3648 | PayloadSize: 19961856 | PixelType: 17301514
2026-02-02 09:25:26,114 INFO [HikHardware] Frame Captured: 5472x3648 | PayloadSize: 19961856 | PixelType: 17301514
2026-02-02 09:25:26,649 INFO [HikHardware] Frame Captured: 5472x3648 | PayloadSize: 19961856 | PixelType: 17301514
2026-02-02 09:25:27,167 INFO [HikHardware] Frame Captured: 5472x3648 | PayloadSize: 19961856 | PixelType: 17301514
2026-02-02 09:25:27,669 INFO [HikHardware] Frame Captured: 5472x3648 | PayloadSize: 19961856 | PixelType: 17301514
2026-02-02 09:25:28,183 INFO [HikHardware] Frame Captured: 5472x3648 | PayloadSize: 19961856 | PixelType: 17301514
2026-02-02 09:25:28,693 INFO [HikHardware] Frame Captured: 5472x3648 | PayloadSize: 19961856 | PixelType: 17301514
2026-02-02 09:25:29,156 INFO [HikHardware] Frame Captured: 5472x3648 | PayloadSize: 19961856 | PixelType: 17301514
2026-02-02 09:25:29,621 INFO [HikHardware] Frame Captured: 5472x3648 | PayloadSize: 19961856 | PixelType: 17301514
2026-02-02 09:25:30,104 INFO [HikHardware] Frame Captured: 5472x3648 | PayloadSize: 19961856 | PixelType: 17301514
2026-02-02 09:25:30,587 INFO [HikHardware] Frame Captured: 5472x3648 | PayloadSize: 19961856 | PixelType: 17301514
2026-02-02 09:25:31,072 INFO [HikHardware] Frame Captured: 5472x3648 | PayloadSize: 19961856 | PixelType: 17301514
2026-02-02 09:25:31,554 INFO [HikHardware] Frame Captured: 5472x3648 | PayloadSize: 19961856 | PixelType: 17301514
2026-02-02 09:25:32,046 INFO [HikHardware] Frame Captured: 5472x3648 | PayloadSize: 19961856 | PixelType: 17301514
2026-02-02 09:25:32,588 INFO [HikHardware] Frame Captured: 5472x3648 | PayloadSize: 19961856 | PixelType: 17301514
2026-02-02 09:25:33,087 INFO [HikHardware] Frame Captured: 5472x3648 | PayloadSize: 19961856 | PixelType: 17301514
2026-02-02 09:25:33,628 INFO [HikHardware] Frame Captured: 5472x3648 | PayloadSize: 19961856 | PixelType: 17301514
2026-02-02 09:25:34,101 INFO [HikHardware] Frame Captured: 5472x3648 | PayloadSize: 19961856 | PixelType: 17301514
2026-02-02 09:25:34,607 INFO [HikHardware] Frame Captured: 5472x3648 | PayloadSize: 19961856 | PixelType: 17301514
2026-02-02 09:25:35,102 INFO [HikHardware] Frame Captured: 5472x3648 | PayloadSize: 19961856 | PixelType: 17301514
2026-02-02 09:25:35,584 INFO [HikHardware] Frame Captured: 5472x3648 | PayloadSize: 19961856 | PixelType: 17301514
2026-02-02 09:25:36,073 INFO [HikHardware] Frame Captured: 5472x3648 | PayloadSize: 19961856 | PixelType: 17301514
2026-02-02 09:25:36,594 INFO [HikHardware] Frame Captured: 5472x3648 | PayloadSize: 19961856 | PixelType: 17301514
2026-02-02 09:25:37,103 INFO [HikHardware] Frame Captured: 5472x3648 | PayloadSize: 19961856 | PixelType: 17301514
2026-02-02 09:25:37,689 INFO [HikHardware] Frame Captured: 5472x3648 | PayloadSize: 19961856 | PixelType: 17301514
2026-02-02 09:25:38,216 INFO [HikHardware] Frame Captured: 5472x3648 | PayloadSize: 19961856 | PixelType: 17301514
2026-02-02 09:25:38,719 INFO [HikHardware] Frame Captured: 5472x3648 | PayloadSize: 19961856 | PixelType: 17301514
2026-02-02 09:25:39,211 INFO [HikHardware] Frame Captured: 5472x3648 | PayloadSize: 19961856 | PixelType: 17301514
2026-02-02 09:25:39,710 INFO [HikHardware] Frame Captured: 5472x3648 | PayloadSize: 19961856 | PixelType: 17301514
2026-02-02 09:25:40,227 INFO [HikHardware] Frame Captured: 5472x3648 | PayloadSize: 19961856 | PixelType: 17301514
2026-02-02 09:25:40,735 INFO [HikHardware] Frame Captured: 5472x3648 | PayloadSize: 19961856 | PixelType: 17301514
2026-02-02 09:25:41,255 INFO [HikHardware] Frame Captured: 5472x3648 | PayloadSize: 19961856 | PixelType: 17301514
2026-02-02 09:25:41,759 INFO [HikHardware] Frame Captured: 5472x3648 | PayloadSize: 19961856 | PixelType: 17301514
2026-02-02 09:25:42,267 INFO [HikHardware] Frame Captured: 5472x3648 | PayloadSize: 19961856 | PixelType: 17301514
2026-02-02 09:25:42,769 INFO [HikHardware] Frame Captured: 5472x3648 | PayloadSize: 19961856 | PixelType: 17301514
2026-02-02 09:25:43,334 INFO [HikHardware] Frame Captured: 5472x3648 | PayloadSize: 19961856 | PixelType: 17301514
2026-02-02 09:25:43,867 INFO [HikHardware] Frame Captured: 5472x3648 | PayloadSize: 19961856 | PixelType: 17301514
2026-02-02 09:25:44,368 INFO [HikHardware] Frame Captured: 5472x3648 | PayloadSize: 19961856 | PixelType: 17301514
2026-02-02 09:25:44,848 INFO [HikHardware] Frame Captured: 5472x3648 | PayloadSize: 19961856 | PixelType: 17301514
2026-02-02 09:25:45,337 INFO [HikHardware] Frame Captured: 5472x3648 | PayloadSize: 19961856 | PixelType: 17301514
2026-02-02 09:25:45,831 INFO [HikHardware] Frame Captured: 5472x3648 | PayloadSize: 19961856 | PixelType: 17301514
2026-02-02 09:25:46,352 INFO [HikHardware] Frame Captured: 5472x3648 | PayloadSize: 19961856 | PixelType: 17301514
2026-02-02 09:25:46,894 INFO [HikHardware] Frame Captured: 5472x3648 | PayloadSize: 19961856 | PixelType: 17301514
2026-02-02 09:25:47,408 INFO [HikHardware] Frame Captured: 5472x3648 | PayloadSize: 19961856 | PixelType: 17301514
2026-02-02 09:25:47,929 INFO [HikHardware] Frame Captured: 5472x3648 | PayloadSize: 19961856 | PixelType: 17301514
2026-02-02 09:25:48,515 INFO [HikHardware] Frame Captured: 5472x3648 | PayloadSize: 19961856 | PixelType: 17301514
2026-02-02 09:25:49,016 INFO [HikHardware] Frame Captured: 5472x3648 | PayloadSize: 19961856 | PixelType: 17301514
2026-02-02 09:25:49,468 INFO [HikHardware] Frame Captured: 5472x3648 | PayloadSize: 19961856 | PixelType: 17301514
2026-02-02 09:25:49,932 INFO [HikHardware] Frame Captured: 5472x3648 | PayloadSize: 19961856 | PixelType: 17301514
2026-02-02 09:25:50,397 INFO [HikHardware] Frame Captured: 5472x3648 | PayloadSize: 19961856 | PixelType: 17301514
2026-02-02 09:25:50,882 INFO [HikHardware] Frame Captured: 5472x3648 | PayloadSize: 19961856 | PixelType: 17301514
2026-02-02 09:25:51,389 INFO [HikHardware] Frame Captured: 5472x3648 | PayloadSize: 19961856 | PixelType: 17301514
2026-02-02 09:25:51,894 INFO [HikHardware] Frame Captured: 5472x3648 | PayloadSize: 19961856 | PixelType: 17301514
2026-02-02 09:25:52,365 INFO [HikHardware] Frame Captured: 5472x3648 | PayloadSize: 19961856 | PixelType: 17301514
2026-02-02 09:25:53,009 INFO [HikHardware] Frame Captured: 5472x3648 | PayloadSize: 19961856 | PixelType: 17301514
2026-02-02 09:25:53,510 INFO [HikHardware] Frame Captured: 5472x3648 | PayloadSize: 19961856 | PixelType: 17301514
2026-02-02 09:25:53,974 INFO [HikHardware] Frame Captured: 5472x3648 | PayloadSize: 19961856 | PixelType: 17301514
2026-02-02 09:25:54,462 INFO [HikHardware] Frame Captured: 5472x3648 | PayloadSize: 19961856 | PixelType: 17301514
2026-02-02 09:25:54,912 INFO [HikHardware] Frame Captured: 5472x3648 | PayloadSize: 19961856 | PixelType: 17301514
2026-02-02 09:25:55,360 INFO [HikHardware] Frame Captured: 5472x3648 | PayloadSize: 19961856 | PixelType: 17301514
2026-02-02 09:25:55,813 INFO [HikHardware] Frame Captured: 5472x3648 | PayloadSize: 19961856 | PixelType: 17301514
2026-02-02 09:25:56,288 INFO [HikHardware] Frame Captured: 5472x3648 | PayloadSize: 19961856 | PixelType: 17301514
2026-02-02 09:25:56,746 INFO [HikHardware] Frame Captured: 5472x3648 | PayloadSize: 19961856 | PixelType: 17301514
2026-02-02 09:25:57,225 INFO [HikHardware] Frame Captured: 5472x3648 | PayloadSize: 19961856 | PixelType: 17301514
2026-02-02 09:25:57,712 INFO [HikHardware] Frame Captured: 5472x3648 | PayloadSize: 19961856 | PixelType: 17301514
2026-02-02 09:25:58,188 INFO [HikHardware] Frame Captured: 5472x3648 | PayloadSize: 19961856 | PixelType: 17301514
2026-02-02 09:25:58,663 INFO [HikHardware] Frame Captured: 5472x3648 | PayloadSize: 19961856 | PixelType: 17301514
2026-02-02 09:25:59,173 INFO [HikHardware] Frame Captured: 5472x3648 | PayloadSize: 19961856 | PixelType: 17301514
2026-02-02 09:25:59,633 INFO [HikHardware] Frame Captured: 5472x3648 | PayloadSize: 19961856 | PixelType: 17301514
2026-02-02 09:26:00,084 INFO [HikHardware] Frame Captured: 5472x3648 | PayloadSize: 19961856 | PixelType: 17301514
2026-02-02 09:26:00,545 INFO [HikHardware] Frame Captured: 5472x3648 | PayloadSize: 19961856 | PixelType: 17301514
2026-02-02 09:26:01,044 INFO [HikHardware] Frame Captured: 5472x3648 | PayloadSize: 19961856 | PixelType: 17301514
2026-02-02 09:26:01,504 INFO [HikHardware] Frame Captured: 5472x3648 | PayloadSize: 19961856 | PixelType: 17301514
2026-02-02 09:26:01,955 INFO [HikHardware] Frame Captured: 5472x3648 | PayloadSize: 19961856 | PixelType: 17301514
2026-02-02 09:26:02,418 INFO [HikHardware] Frame Captured: 5472x3648 | PayloadSize: 19961856 | PixelType: 17301514
2026-02-02 09:26:02,885 INFO [HikHardware] Frame Captured: 5472x3648 | PayloadSize: 19961856 | PixelType: 17301514
2026-02-02 09:26:03,336 INFO [HikHardware] Frame Captured: 5472x3648 | PayloadSize: 19961856 | PixelType: 17301514
2026-02-02 09:26:03,809 INFO [HikHardware] Frame Captured: 5472x3648 | PayloadSize: 19961856 | PixelType: 17301514
2026-02-02 09:26:04,265 INFO [HikHardware] Frame Captured: 5472x3648 | PayloadSize: 19961856 | PixelType: 17301514
2026-02-02 09:26:04,710 INFO [HikHardware] Frame Captured: 5472x3648 | PayloadSize: 19961856 | PixelType: 17301514
2026-02-02 09:26:05,167 INFO [HikHardware] Frame Captured: 5472x3648 | PayloadSize: 19961856 | PixelType: 17301514
2026-02-02 09:26:05,634 INFO [HikHardware] Frame Captured: 5472x3648 | PayloadSize: 19961856 | PixelType: 17301514
2026-02-02 09:26:06,092 INFO [HikHardware] Frame Captured: 5472x3648 | PayloadSize: 19961856 | PixelType: 17301514
2026-02-02 09:26:06,565 INFO [HikHardware] Frame Captured: 5472x3648 | PayloadSize: 19961856 | PixelType: 17301514
2026-02-02 09:26:07,043 INFO [HikHardware] Frame Captured: 5472x3648 | PayloadSize: 19961856 | PixelType: 17301514
2026-02-02 09:26:07,534 INFO [HikHardware] Frame Captured: 5472x3648 | PayloadSize: 19961856 | PixelType: 17301514
2026-02-02 09:26:07,995 INFO [HikHardware] Frame Captured: 5472x3648 | PayloadSize: 19961856 | PixelType: 17301514
2026-02-02 09:26:08,475 INFO [HikHardware] Frame Captured: 5472x3648 | PayloadSize: 19961856 | PixelType: 17301514
2026-02-02 09:26:08,931 INFO [HikHardware] Frame Captured: 5472x3648 | PayloadSize: 19961856 | PixelType: 17301514
2026-02-02 09:26:09,377 INFO [HikHardware] Frame Captured: 5472x3648 | PayloadSize: 19961856 | PixelType: 17301514
2026-02-02 09:26:09,825 INFO [HikHardware] Frame Captured: 5472x3648 | PayloadSize: 19961856 | PixelType: 17301514
2026-02-02 09:26:10,280 INFO [HikHardware] Frame Captured: 5472x3648 | PayloadSize: 19961856 | PixelType: 17301514
2026-02-02 09:26:10,751 INFO [HikHardware] Frame Captured: 5472x3648 | PayloadSize: 19961856 | PixelType: 17301514
2026-02-02 09:26:11,223 INFO [HikHardware] Frame Captured: 5472x3648 | PayloadSize: 19961856 | PixelType: 17301514
2026-02-02 09:26:11,692 INFO [HikHardware] Frame Captured: 5472x3648 | PayloadSize: 19961856 | PixelType: 17301514
2026-02-02 09:26:12,153 INFO [HikHardware] Frame Captured: 5472x3648 | PayloadSize: 19961856 | PixelType: 17301514
2026-02-02 09:26:12,617 INFO [HikHardware] Frame Captured: 5472x3648 | PayloadSize: 19961856 | PixelType: 17301514
2026-02-02 09:26:13,081 INFO [HikHardware] Frame Captured: 5472x3648 | PayloadSize: 19961856 | PixelType: 17301514
2026-02-02 09:26:13,548 INFO [HikHardware] Frame Captured: 5472x3648 | PayloadSize: 19961856 | PixelType: 17301514
2026-02-02 09:26:14,026 INFO [HikHardware] Frame Captured: 5472x3648 | PayloadSize: 19961856 | PixelType: 17301514
2026-02-02 09:26:14,478 INFO [HikHardware] Frame Captured: 5472x3648 | PayloadSize: 19961856 | PixelType: 17301514
2026-02-02 09:26:14,925 INFO [HikHardware] Frame Captured: 5472x3648 | PayloadSize: 19961856 | PixelType: 17301514
2026-02-02 09:26:15,404 INFO [HikHardware] Frame Captured: 5472x3648 | PayloadSize: 19961856 | PixelType: 17301514
2026-02-02 09:26:15,853 INFO [HikHardware] Frame Captured: 5472x3648 | PayloadSize: 19961856 | PixelType: 17301514
2026-02-02 09:26:16,299 INFO [HikHardware] Frame Captured: 5472x3648 | PayloadSize: 19961856 | PixelType: 17301514
2026-02-02 09:26:16,771 INFO [HikHardware] Frame Captured: 5472x3648 | PayloadSize: 19961856 | PixelType: 17301514
2026-02-02 09:26:17,286 INFO [HikHardware] Frame Captured: 5472x3648 | PayloadSize: 19961856 | PixelType: 17301514
2026-02-02 09:26:17,753 INFO [HikHardware] Frame Captured: 5472x3648 | PayloadSize: 19961856 | PixelType: 17301514
2026-02-02 09:26:18,235 INFO [HikHardware] Frame Captured: 5472x3648 | PayloadSize: 19961856 | PixelType: 17301514
2026-02-02 09:26:18,764 INFO [HikHardware] Frame Captured: 5472x3648 | PayloadSize: 19961856 | PixelType: 17301514
2026-02-02 09:26:19,249 INFO [HikHardware] Frame Captured: 5472x3648 | PayloadSize: 19961856 | PixelType: 17301514
2026-02-02 09:26:19,699 INFO [HikHardware] Frame Captured: 5472x3648 | PayloadSize: 19961856 | PixelType: 17301514
2026-02-02 09:26:20,161 INFO [HikHardware] Frame Captured: 5472x3648 | PayloadSize: 19961856 | PixelType: 17301514
2026-02-02 09:26:20,639 INFO [HikHardware] Frame Captured: 5472x3648 | PayloadSize: 19961856 | PixelType: 17301514
2026-02-02 09:26:21,130 INFO [HikHardware] Frame Captured: 5472x3648 | PayloadSize: 19961856 | PixelType: 17301514
2026-02-02 09:26:21,620 INFO [HikHardware] Frame Captured: 5472x3648 | PayloadSize: 19961856 | PixelType: 17301514
2026-02-02 09:26:22,130 INFO [HikHardware] Frame Captured: 5472x3648 | PayloadSize: 19961856 | PixelType: 17301514
2026-02-02 09:26:22,609 INFO [HikHardware] Frame Captured: 5472x3648 | PayloadSize: 19961856 | PixelType: 17301514
2026-02-02 09:26:23,085 INFO [HikHardware] Frame Captured: 5472x3648 | PayloadSize: 19961856 | PixelType: 17301514
2026-02-02 09:26:23,556 INFO [HikHardware] Frame Captured: 5472x3648 | PayloadSize: 19961856 | PixelType: 17301514
2026-02-02 09:26:24,017 INFO [HikHardware] Frame Captured: 5472x3648 | PayloadSize: 19961856 | PixelType: 17301514
2026-02-02 09:26:24,516 INFO [HikHardware] Frame Captured: 5472x3648 | PayloadSize: 19961856 | PixelType: 17301514
2026-02-02 09:26:24,984 INFO [HikHardware] Frame Captured: 5472x3648 | PayloadSize: 19961856 | PixelType: 17301514
2026-02-02 09:26:25,471 INFO [HikHardware] Frame Captured: 5472x3648 | PayloadSize: 19961856 | PixelType: 17301514
2026-02-02 09:26:25,929 INFO [HikHardware] Frame Captured: 5472x3648 | PayloadSize: 19961856 | PixelType: 17301514
2026-02-02 09:26:26,434 INFO [HikHardware] Frame Captured: 5472x3648 | PayloadSize: 19961856 | PixelType: 17301514
2026-02-02 09:26:27,047 INFO [HikHardware] Frame Captured: 5472x3648 | PayloadSize: 19961856 | PixelType: 17301514
2026-02-02 09:26:27,652 INFO [HikHardware] Frame Captured: 5472x3648 | PayloadSize: 19961856 | PixelType: 17301514
2026-02-02 09:26:28,224 INFO [HikHardware] Frame Captured: 5472x3648 | PayloadSize: 19961856 | PixelType: 17301514
2026-02-02 09:26:28,772 INFO [HikHardware] Frame Captured: 5472x3648 | PayloadSize: 19961856 | PixelType: 17301514
2026-02-02 09:26:29,345 INFO [HikHardware] Frame Captured: 5472x3648 | PayloadSize: 19961856 | PixelType: 17301514
2026-02-02 09:26:29,886 INFO [HikHardware] Frame Captured: 5472x3648 | PayloadSize: 19961856 | PixelType: 17301514
2026-02-02 09:26:30,401 INFO [HikHardware] Frame Captured: 5472x3648 | PayloadSize: 19961856 | PixelType: 17301514
2026-02-02 09:26:30,918 INFO [HikHardware] Frame Captured: 5472x3648 | PayloadSize: 19961856 | PixelType: 17301514
2026-02-02 09:26:31,425 INFO [HikHardware] Frame Captured: 5472x3648 | PayloadSize: 19961856 | PixelType: 17301514
2026-02-02 09:26:31,938 INFO [HikHardware] Frame Captured: 5472x3648 | PayloadSize: 19961856 | PixelType: 17301514
2026-02-02 09:26:32,453 INFO [HikHardware] Frame Captured: 5472x3648 | PayloadSize: 19961856 | PixelType: 17301514
2026-02-02 09:26:32,990 INFO [HikHardware] Frame Captured: 5472x3648 | PayloadSize: 19961856 | PixelType: 17301514
2026-02-02 09:26:33,501 INFO [HikHardware] Frame Captured: 5472x3648 | PayloadSize: 19961856 | PixelType: 17301514
2026-02-02 09:26:34,040 INFO [HikHardware] Frame Captured: 5472x3648 | PayloadSize: 19961856 | PixelType: 17301514
2026-02-02 09:26:34,558 INFO [HikHardware] Frame Captured: 5472x3648 | PayloadSize: 19961856 | PixelType: 17301514
2026-02-02 09:26:35,063 INFO [HikHardware] Frame Captured: 5472x3648 | PayloadSize: 19961856 | PixelType: 17301514
2026-02-02 09:26:35,583 INFO [HikHardware] Frame Captured: 5472x3648 | PayloadSize: 19961856 | PixelType: 17301514
2026-02-02 09:26:36,092 INFO [HikHardware] Frame Captured: 5472x3648 | PayloadSize: 19961856 | PixelType: 17301514
2026-02-02 09:26:36,595 INFO [HikHardware] Frame Captured: 5472x3648 | PayloadSize: 19961856 | PixelType: 17301514
2026-02-02 09:26:37,117 INFO [HikHardware] Frame Captured: 5472x3648 | PayloadSize: 19961856 | PixelType: 17301514
2026-02-02 09:26:37,632 INFO [HikHardware] Frame Captured: 5472x3648 | PayloadSize: 19961856 | PixelType: 17301514
2026-02-02 09:26:38,143 INFO [HikHardware] Frame Captured: 5472x3648 | PayloadSize: 19961856 | PixelType: 17301514
2026-02-02 09:26:38,666 INFO [HikHardware] Frame Captured: 5472x3648 | PayloadSize: 19961856 | PixelType: 17301514
2026-02-02 09:26:39,137 INFO [HikHardware] Frame Captured: 5472x3648 | PayloadSize: 19961856 | PixelType: 17301514
2026-02-02 09:26:39,618 INFO [HikHardware] Frame Captured: 5472x3648 | PayloadSize: 19961856 | PixelType: 17301514
2026-02-02 09:26:40,113 INFO [HikHardware] Frame Captured: 5472x3648 | PayloadSize: 19961856 | PixelType: 17301514
2026-02-02 09:26:40,594 INFO [HikHardware] Frame Captured: 5472x3648 | PayloadSize: 19961856 | PixelType: 17301514
2026-02-02 09:26:41,092 INFO [HikHardware] Frame Captured: 5472x3648 | PayloadSize: 19961856 | PixelType: 17301514
2026-02-02 09:26:41,586 INFO [HikHardware] Frame Captured: 5472x3648 | PayloadSize: 19961856 | PixelType: 17301514
2026-02-02 09:26:42,090 INFO [HikHardware] Frame Captured: 5472x3648 | PayloadSize: 19961856 | PixelType: 17301514
2026-02-02 09:26:42,681 INFO [HikHardware] Frame Captured: 5472x3648 | PayloadSize: 19961856 | PixelType: 17301514
2026-02-02 09:26:43,267 INFO [HikHardware] Frame Captured: 5472x3648 | PayloadSize: 19961856 | PixelType: 17301514
2026-02-02 09:26:43,870 INFO [HikHardware] Frame Captured: 5472x3648 | PayloadSize: 19961856 | PixelType: 17301514
2026-02-02 09:26:44,429 INFO [HikHardware] Frame Captured: 5472x3648 | PayloadSize: 19961856 | PixelType: 17301514
2026-02-02 09:26:44,968 INFO [HikHardware] Frame Captured: 5472x3648 | PayloadSize: 19961856 | PixelType: 17301514
2026-02-02 09:26:45,481 INFO [HikHardware] Frame Captured: 5472x3648 | PayloadSize: 19961856 | PixelType: 17301514
2026-02-02 09:26:46,007 INFO [HikHardware] Frame Captured: 5472x3648 | PayloadSize: 19961856 | PixelType: 17301514
2026-02-02 09:26:46,569 INFO [HikHardware] Frame Captured: 5472x3648 | PayloadSize: 19961856 | PixelType: 17301514
2026-02-02 09:26:47,118 INFO [HikHardware] Frame Captured: 5472x3648 | PayloadSize: 19961856 | PixelType: 17301514
2026-02-02 09:26:47,655 INFO [HikHardware] Frame Captured: 5472x3648 | PayloadSize: 19961856 | PixelType: 17301514
2026-02-02 09:26:48,178 INFO [HikHardware] Frame Captured: 5472x3648 | PayloadSize: 19961856 | PixelType: 17301514
2026-02-02 09:26:48,720 INFO [HikHardware] Frame Captured: 5472x3648 | PayloadSize: 19961856 | PixelType: 17301514
2026-02-02 09:26:49,254 INFO [HikHardware] Frame Captured: 5472x3648 | PayloadSize: 19961856 | PixelType: 17301514
2026-02-02 09:26:49,783 INFO [HikHardware] Frame Captured: 5472x3648 | PayloadSize: 19961856 | PixelType: 17301514
2026-02-02 09:26:50,281 INFO [HikHardware] Frame Captured: 5472x3648 | PayloadSize: 19961856 | PixelType: 17301514
2026-02-02 09:26:50,785 INFO [HikHardware] Frame Captured: 5472x3648 | PayloadSize: 19961856 | PixelType: 17301514
2026-02-02 09:26:51,267 INFO [HikHardware] Frame Captured: 5472x3648 | PayloadSize: 19961856 | PixelType: 17301514
2026-02-02 09:26:51,758 INFO [HikHardware] Frame Captured: 5472x3648 | PayloadSize: 19961856 | PixelType: 17301514
2026-02-02 09:26:52,239 INFO [HikHardware] Frame Captured: 5472x3648 | PayloadSize: 19961856 | PixelType: 17301514
2026-02-02 09:26:52,768 INFO [HikHardware] Frame Captured: 5472x3648 | PayloadSize: 19961856 | PixelType: 17301514
2026-02-02 09:26:53,293 INFO [HikHardware] Frame Captured: 5472x3648 | PayloadSize: 19961856 | PixelType: 17301514
2026-02-02 09:26:53,815 INFO [HikHardware] Frame Captured: 5472x3648 | PayloadSize: 19961856 | PixelType: 17301514
2026-02-02 09:26:54,333 INFO [HikHardware] Frame Captured: 5472x3648 | PayloadSize: 19961856 | PixelType: 17301514
2026-02-02 09:26:54,841 INFO [HikHardware] Frame Captured: 5472x3648 | PayloadSize: 19961856 | PixelType: 17301514
2026-02-02 09:26:55,367 INFO [HikHardware] Frame Captured: 5472x3648 | PayloadSize: 19961856 | PixelType: 17301514
2026-02-02 09:26:55,905 INFO [HikHardware] Frame Captured: 5472x3648 | PayloadSize: 19961856 | PixelType: 17301514
2026-02-02 09:26:56,416 INFO [HikHardware] Frame Captured: 5472x3648 | PayloadSize: 19961856 | PixelType: 17301514
2026-02-02 09:26:56,917 INFO [HikHardware] Frame Captured: 5472x3648 | PayloadSize: 19961856 | PixelType: 17301514
2026-02-02 09:26:57,460 INFO [HikHardware] Frame Captured: 5472x3648 | PayloadSize: 19961856 | PixelType: 17301514
2026-02-02 09:26:58,072 INFO [HikHardware] Frame Captured: 5472x3648 | PayloadSize: 19961856 | PixelType: 17301514
2026-02-02 09:26:58,616 INFO [HikHardware] Frame Captured: 5472x3648 | PayloadSize: 19961856 | PixelType: 17301514
2026-02-02 09:26:59,225 INFO [HikHardware] Frame Captured: 5472x3648 | PayloadSize: 19961856 | PixelType: 17301514
2026-02-02 09:26:59,789 INFO [HikHardware] Frame Captured: 5472x3648 | PayloadSize: 19961856 | PixelType: 17301514
2026-02-02 09:27:00,340 INFO [HikHardware] Frame Captured: 5472x3648 | PayloadSize: 19961856 | PixelType: 17301514
2026-02-02 09:27:00,868 INFO [HikHardware] Frame Captured: 5472x3648 | PayloadSize: 19961856 | PixelType: 17301514
2026-02-02 09:27:01,442 INFO [HikHardware] Frame Captured: 5472x3648 | PayloadSize: 19961856 | PixelType: 17301514
2026-02-02 09:27:02,005 INFO [HikHardware] Frame Captured: 5472x3648 | PayloadSize: 19961856 | PixelType: 17301514
2026-02-02 09:27:02,516 INFO [HikHardware] Frame Captured: 5472x3648 | PayloadSize: 19961856 | PixelType: 17301514
2026-02-02 09:27:03,040 INFO [HikHardware] Frame Captured: 5472x3648 | PayloadSize: 19961856 | PixelType: 17301514
2026-02-02 09:27:03,572 INFO [HikHardware] Frame Captured: 5472x3648 | PayloadSize: 19961856 | PixelType: 17301514
2026-02-02 09:27:04,113 INFO [HikHardware] Frame Captured: 5472x3648 | PayloadSize: 19961856 | PixelType: 17301514
2026-02-02 09:27:04,684 INFO [HikHardware] Frame Captured: 5472x3648 | PayloadSize: 19961856 | PixelType: 17301514
2026-02-02 09:27:05,200 INFO [HikHardware] Frame Captured: 5472x3648 | PayloadSize: 19961856 | PixelType: 17301514
2026-02-02 09:27:05,762 INFO [HikHardware] Frame Captured: 5472x3648 | PayloadSize: 19961856 | PixelType: 17301514
2026-02-02 09:27:06,341 INFO [HikHardware] Frame Captured: 5472x3648 | PayloadSize: 19961856 | PixelType: 17301514
2026-02-02 09:27:06,874 INFO [HikHardware] Frame Captured: 5472x3648 | PayloadSize: 19961856 | PixelType: 17301514
2026-02-02 09:27:07,409 INFO [HikHardware] Frame Captured: 5472x3648 | PayloadSize: 19961856 | PixelType: 17301514
2026-02-02 09:27:07,956 INFO [HikHardware] Frame Captured: 5472x3648 | PayloadSize: 19961856 | PixelType: 17301514
2026-02-02 09:27:08,523 INFO [HikHardware] Frame Captured: 5472x3648 | PayloadSize: 19961856 | PixelType: 17301514
2026-02-02 09:27:09,080 INFO [HikHardware] Frame Captured: 5472x3648 | PayloadSize: 19961856 | PixelType: 17301514
2026-02-02 09:27:09,616 INFO [HikHardware] Frame Captured: 5472x3648 | PayloadSize: 19961856 | PixelType: 17301514
2026-02-02 09:27:10,115 INFO [HikHardware] Frame Captured: 5472x3648 | PayloadSize: 19961856 | PixelType: 17301514
2026-02-02 09:27:10,603 INFO [HikHardware] Frame Captured: 5472x3648 | PayloadSize: 19961856 | PixelType: 17301514
2026-02-02 09:27:11,079 INFO [HikHardware] Frame Captured: 5472x3648 | PayloadSize: 19961856 | PixelType: 17301514
2026-02-02 09:27:11,574 INFO [HikHardware] Frame Captured: 5472x3648 | PayloadSize: 19961856 | PixelType: 17301514
2026-02-02 09:27:12,101 INFO [HikHardware] Frame Captured: 5472x3648 | PayloadSize: 19961856 | PixelType: 17301514
2026-02-02 09:27:12,606 INFO [HikHardware] Frame Captured: 5472x3648 | PayloadSize: 19961856 | PixelType: 17301514
2026-02-02 09:27:13,109 INFO [HikHardware] Frame Captured: 5472x3648 | PayloadSize: 19961856 | PixelType: 17301514
2026-02-02 09:27:13,585 INFO [HikHardware] Frame Captured: 5472x3648 | PayloadSize: 19961856 | PixelType: 17301514
2026-02-02 09:27:14,088 INFO [HikHardware] Frame Captured: 5472x3648 | PayloadSize: 19961856 | PixelType: 17301514
2026-02-02 09:27:14,634 INFO [HikHardware] Frame Captured: 5472x3648 | PayloadSize: 19961856 | PixelType: 17301514
2026-02-02 09:27:15,151 INFO [HikHardware] Frame Captured: 5472x3648 | PayloadSize: 19961856 | PixelType: 17301514
2026-02-02 09:27:15,637 INFO [HikHardware] Frame Captured: 5472x3648 | PayloadSize: 19961856 | PixelType: 17301514
2026-02-02 09:27:16,116 INFO [HikHardware] Frame Captured: 5472x3648 | PayloadSize: 19961856 | PixelType: 17301514
2026-02-02 09:27:16,603 INFO [HikHardware] Frame Captured: 5472x3648 | PayloadSize: 19961856 | PixelType: 17301514
2026-02-02 09:27:17,099 INFO [HikHardware] Frame Captured: 5472x3648 | PayloadSize: 19961856 | PixelType: 17301514
2026-02-02 09:27:17,613 INFO [HikHardware] Frame Captured: 5472x3648 | PayloadSize: 19961856 | PixelType: 17301514
2026-02-02 09:27:18,139 INFO [HikHardware] Frame Captured: 5472x3648 | PayloadSize: 19961856 | PixelType: 17301514
2026-02-02 09:27:18,734 INFO [HikHardware] Frame Captured: 5472x3648 | PayloadSize: 19961856 | PixelType: 17301514
2026-02-02 09:27:19,272 INFO [HikHardware] Frame Captured: 5472x3648 | PayloadSize: 19961856 | PixelType: 17301514
2026-02-02 09:27:19,782 INFO [HikHardware] Frame Captured: 5472x3648 | PayloadSize: 19961856 | PixelType: 17301514
2026-02-02 09:27:20,285 INFO [HikHardware] Frame Captured: 5472x3648 | PayloadSize: 19961856 | PixelType: 17301514
2026-02-02 09:27:20,748 INFO [HikHardware] Frame Captured: 5472x3648 | PayloadSize: 19961856 | PixelType: 17301514
2026-02-02 09:27:21,244 INFO [HikHardware] Frame Captured: 5472x3648 | PayloadSize: 19961856 | PixelType: 17301514
2026-02-02 09:27:21,755 INFO [HikHardware] Frame Captured: 5472x3648 | PayloadSize: 19961856 | PixelType: 17301514
2026-02-02 09:27:22,285 INFO [HikHardware] Frame Captured: 5472x3648 | PayloadSize: 19961856 | PixelType: 17301514
2026-02-02 09:27:22,806 INFO [HikHardware] Frame Captured: 5472x3648 | PayloadSize: 19961856 | PixelType: 17301514
2026-02-02 09:27:23,339 INFO [HikHardware] Frame Captured: 5472x3648 | PayloadSize: 19961856 | PixelType: 17301514
2026-02-02 09:27:23,869 INFO [HikHardware] Frame Captured: 5472x3648 | PayloadSize: 19961856 | PixelType: 17301514
2026-02-02 09:27:24,383 INFO [HikHardware] Frame Captured: 5472x3648 | PayloadSize: 19961856 | PixelType: 17301514
2026-02-02 09:27:24,931 INFO [HikHardware] Frame Captured: 5472x3648 | PayloadSize: 19961856 | PixelType: 17301514
2026-02-02 09:27:25,456 INFO [HikHardware] Frame Captured: 5472x3648 | PayloadSize: 19961856 | PixelType: 17301514
2026-02-02 09:27:26,000 INFO [HikHardware] Frame Captured: 5472x3648 | PayloadSize: 19961856 | PixelType: 17301514
2026-02-02 09:27:26,530 INFO [HikHardware] Frame Captured: 5472x3648 | PayloadSize: 19961856 | PixelType: 17301514
2026-02-02 09:27:27,067 INFO [HikHardware] Frame Captured: 5472x3648 | PayloadSize: 19961856 | PixelType: 17301514
2026-02-02 09:27:27,642 INFO [HikHardware] Frame Captured: 5472x3648 | PayloadSize: 19961856 | PixelType: 17301514
2026-02-02 09:27:28,232 INFO [HikHardware] Frame Captured: 5472x3648 | PayloadSize: 19961856 | PixelType: 17301514
2026-02-02 09:27:28,830 INFO [HikHardware] Frame Captured: 5472x3648 | PayloadSize: 19961856 | PixelType: 17301514
2026-02-02 09:27:29,422 INFO [HikHardware] Frame Captured: 5472x3648 | PayloadSize: 19961856 | PixelType: 17301514
2026-02-02 09:27:29,934 INFO [HikHardware] Frame Captured: 5472x3648 | PayloadSize: 19961856 | PixelType: 17301514
2026-02-02 09:27:30,417 INFO [HikHardware] Frame Captured: 5472x3648 | PayloadSize: 19961856 | PixelType: 17301514
2026-02-02 09:27:30,921 INFO [HikHardware] Frame Captured: 5472x3648 | PayloadSize: 19961856 | PixelType: 17301514
2026-02-02 09:27:31,442 INFO [HikHardware] Frame Captured: 5472x3648 | PayloadSize: 19961856 | PixelType: 17301514
2026-02-02 09:27:31,947 INFO [HikHardware] Frame Captured: 5472x3648 | PayloadSize: 19961856 | PixelType: 17301514
2026-02-02 09:27:32,444 INFO [HikHardware] Frame Captured: 5472x3648 | PayloadSize: 19961856 | PixelType: 17301514
2026-02-02 09:27:32,928 INFO [HikHardware] Frame Captured: 5472x3648 | PayloadSize: 19961856 | PixelType: 17301514
2026-02-02 09:27:33,420 INFO [HikHardware] Frame Captured: 5472x3648 | PayloadSize: 19961856 | PixelType: 17301514
2026-02-02 09:27:33,935 INFO [HikHardware] Frame Captured: 5472x3648 | PayloadSize: 19961856 | PixelType: 17301514
2026-02-02 09:27:34,485 INFO [HikHardware] Frame Captured: 5472x3648 | PayloadSize: 19961856 | PixelType: 17301514
2026-02-02 09:27:35,010 INFO [HikHardware] Frame Captured: 5472x3648 | PayloadSize: 19961856 | PixelType: 17301514
2026-02-02 09:27:35,528 INFO [HikHardware] Frame Captured: 5472x3648 | PayloadSize: 19961856 | PixelType: 17301514
2026-02-02 09:27:36,050 INFO [HikHardware] Frame Captured: 5472x3648 | PayloadSize: 19961856 | PixelType: 17301514
2026-02-02 09:27:36,585 INFO [HikHardware] Frame Captured: 5472x3648 | PayloadSize: 19961856 | PixelType: 17301514
2026-02-02 09:27:37,062 INFO [HikHardware] Frame Captured: 5472x3648 | PayloadSize: 19961856 | PixelType: 17301514
2026-02-02 09:27:37,600 INFO [HikHardware] Frame Captured: 5472x3648 | PayloadSize: 19961856 | PixelType: 17301514
2026-02-02 09:27:38,127 INFO [HikHardware] Frame Captured: 5472x3648 | PayloadSize: 19961856 | PixelType: 17301514
2026-02-02 09:27:38,698 INFO [HikHardware] Frame Captured: 5472x3648 | PayloadSize: 19961856 | PixelType: 17301514
2026-02-02 09:27:39,227 INFO [HikHardware] Frame Captured: 5472x3648 | PayloadSize: 19961856 | PixelType: 17301514
2026-02-02 09:27:39,768 INFO [HikHardware] Frame Captured: 5472x3648 | PayloadSize: 19961856 | PixelType: 17301514
2026-02-02 09:27:40,271 INFO [HikHardware] Frame Captured: 5472x3648 | PayloadSize: 19961856 | PixelType: 17301514
2026-02-02 09:27:40,816 INFO [HikHardware] Frame Captured: 5472x3648 | PayloadSize: 19961856 | PixelType: 17301514
2026-02-02 09:27:41,294 INFO [HikHardware] Frame Captured: 5472x3648 | PayloadSize: 19961856 | PixelType: 17301514
2026-02-02 09:27:41,754 INFO [HikHardware] Frame Captured: 5472x3648 | PayloadSize: 19961856 | PixelType: 17301514
2026-02-02 09:27:42,232 INFO [HikHardware] Frame Captured: 5472x3648 | PayloadSize: 19961856 | PixelType: 17301514
2026-02-02 09:27:42,730 INFO [HikHardware] Frame Captured: 5472x3648 | PayloadSize: 19961856 | PixelType: 17301514
2026-02-02 09:27:43,304 INFO [HikHardware] Frame Captured: 5472x3648 | PayloadSize: 19961856 | PixelType: 17301514
2026-02-02 09:27:43,788 INFO [HikHardware] Frame Captured: 5472x3648 | PayloadSize: 19961856 | PixelType: 17301514
2026-02-02 09:27:44,310 INFO [HikHardware] Frame Captured: 5472x3648 | PayloadSize: 19961856 | PixelType: 17301514
2026-02-02 09:27:44,830 INFO [HikHardware] Frame Captured: 5472x3648 | PayloadSize: 19961856 | PixelType: 17301514
2026-02-02 09:27:45,326 INFO [HikHardware] Frame Captured: 5472x3648 | PayloadSize: 19961856 | PixelType: 17301514
2026-02-02 09:27:45,810 INFO [HikHardware] Frame Captured: 5472x3648 | PayloadSize: 19961856 | PixelType: 17301514
2026-02-02 09:27:46,333 INFO [HikHardware] Frame Captured: 5472x3648 | PayloadSize: 19961856 | PixelType: 17301514
2026-02-02 09:27:46,849 INFO [HikHardware] Frame Captured: 5472x3648 | PayloadSize: 19961856 | PixelType: 17301514
2026-02-02 09:27:47,368 INFO [HikHardware] Frame Captured: 5472x3648 | PayloadSize: 19961856 | PixelType: 17301514
2026-02-02 09:27:47,912 INFO [HikHardware] Frame Captured: 5472x3648 | PayloadSize: 19961856 | PixelType: 17301514
2026-02-02 09:27:48,482 INFO [HikHardware] Frame Captured: 5472x3648 | PayloadSize: 19961856 | PixelType: 17301514
2026-02-02 09:27:49,058 INFO [HikHardware] Frame Captured: 5472x3648 | PayloadSize: 19961856 | PixelType: 17301514
2026-02-02 09:27:49,582 INFO [HikHardware] Frame Captured: 5472x3648 | PayloadSize: 19961856 | PixelType: 17301514
2026-02-02 09:27:50,077 INFO [HikHardware] Frame Captured: 5472x3648 | PayloadSize: 19961856 | PixelType: 17301514
2026-02-02 09:27:50,605 INFO [HikHardware] Frame Captured: 5472x3648 | PayloadSize: 19961856 | PixelType: 17301514
2026-02-02 09:27:51,108 INFO [HikHardware] Frame Captured: 5472x3648 | PayloadSize: 19961856 | PixelType: 17301514
2026-02-02 09:27:51,603 INFO [HikHardware] Frame Captured: 5472x3648 | PayloadSize: 19961856 | PixelType: 17301514
2026-02-02 09:27:52,101 INFO [HikHardware] Frame Captured: 5472x3648 | PayloadSize: 19961856 | PixelType: 17301514
2026-02-02 09:27:52,621 INFO [HikHardware] Frame Captured: 5472x3648 | PayloadSize: 19961856 | PixelType: 17301514
2026-02-02 09:27:53,132 INFO [HikHardware] Frame Captured: 5472x3648 | PayloadSize: 19961856 | PixelType: 17301514
2026-02-02 09:27:53,650 INFO [HikHardware] Frame Captured: 5472x3648 | PayloadSize: 19961856 | PixelType: 17301514
2026-02-02 09:27:54,198 INFO [HikHardware] Frame Captured: 5472x3648 | PayloadSize: 19961856 | PixelType: 17301514
2026-02-02 09:27:54,736 INFO [HikHardware] Frame Captured: 5472x3648 | PayloadSize: 19961856 | PixelType: 17301514
2026-02-02 09:27:55,250 INFO [HikHardware] Frame Captured: 5472x3648 | PayloadSize: 19961856 | PixelType: 17301514
2026-02-02 09:27:55,762 INFO [HikHardware] Frame Captured: 5472x3648 | PayloadSize: 19961856 | PixelType: 17301514
2026-02-02 09:27:56,262 INFO [HikHardware] Frame Captured: 5472x3648 | PayloadSize: 19961856 | PixelType: 17301514
2026-02-02 09:27:56,768 INFO [HikHardware] Frame Captured: 5472x3648 | PayloadSize: 19961856 | PixelType: 17301514
2026-02-02 09:27:57,289 INFO [HikHardware] Frame Captured: 5472x3648 | PayloadSize: 19961856 | PixelType: 17301514
2026-02-02 09:27:57,785 INFO [HikHardware] Frame Captured: 5472x3648 | PayloadSize: 19961856 | PixelType: 17301514
2026-02-02 09:27:58,303 INFO [HikHardware] Frame Captured: 5472x3648 | PayloadSize: 19961856 | PixelType: 17301514
2026-02-02 09:27:58,821 INFO [HikHardware] Frame Captured: 5472x3648 | PayloadSize: 19961856 | PixelType: 17301514
2026-02-02 09:27:59,395 INFO [HikHardware] Frame Captured: 5472x3648 | PayloadSize: 19961856 | PixelType: 17301514
2026-02-02 09:27:59,879 INFO [HikHardware] Frame Captured: 5472x3648 | PayloadSize: 19961856 | PixelType: 17301514
2026-02-02 09:28:00,381 INFO [HikHardware] Frame Captured: 5472x3648 | PayloadSize: 19961856 | PixelType: 17301514
2026-02-02 09:28:00,882 INFO [HikHardware] Frame Captured: 5472x3648 | PayloadSize: 19961856 | PixelType: 17301514
2026-02-02 09:28:01,372 INFO [HikHardware] Frame Captured: 5472x3648 | PayloadSize: 19961856 | PixelType: 17301514
2026-02-02 09:28:02,058 INFO [HikHardware] Frame Captured: 5472x3648 | PayloadSize: 19961856 | PixelType: 17301514
2026-02-02 09:28:02,570 INFO [HikHardware] Frame Captured: 5472x3648 | PayloadSize: 19961856 | PixelType: 17301514
2026-02-02 09:28:03,055 INFO [HikHardware] Frame Captured: 5472x3648 | PayloadSize: 19961856 | PixelType: 17301514
2026-02-02 09:28:03,505 INFO [HikHardware] Frame Captured: 5472x3648 | PayloadSize: 19961856 | PixelType: 17301514
2026-02-02 09:28:03,966 INFO [HikHardware] Frame Captured: 5472x3648 | PayloadSize: 19961856 | PixelType: 17301514
2026-02-02 09:28:04,433 INFO [HikHardware] Frame Captured: 5472x3648 | PayloadSize: 19961856 | PixelType: 17301514
2026-02-02 09:28:04,880 INFO [HikHardware] Frame Captured: 5472x3648 | PayloadSize: 19961856 | PixelType: 17301514
2026-02-02 09:28:05,338 INFO [HikHardware] Frame Captured: 5472x3648 | PayloadSize: 19961856 | PixelType: 17301514
2026-02-02 09:28:05,798 INFO [HikHardware] Frame Captured: 5472x3648 | PayloadSize: 19961856 | PixelType: 17301514
2026-02-02 09:28:06,260 INFO [HikHardware] Frame Captured: 5472x3648 | PayloadSize: 19961856 | PixelType: 17301514
2026-02-02 09:28:06,707 INFO [HikHardware] Frame Captured: 5472x3648 | PayloadSize: 19961856 | PixelType: 17301514
2026-02-02 09:28:07,153 INFO [HikHardware] Frame Captured: 5472x3648 | PayloadSize: 19961856 | PixelType: 17301514
2026-02-02 09:28:07,610 INFO [HikHardware] Frame Captured: 5472x3648 | PayloadSize: 19961856 | PixelType: 17301514
2026-02-02 09:28:08,082 INFO [HikHardware] Frame Captured: 5472x3648 | PayloadSize: 19961856 | PixelType: 17301514
2026-02-02 09:28:08,542 INFO [HikHardware] Frame Captured: 5472x3648 | PayloadSize: 19961856 | PixelType: 17301514
2026-02-02 09:28:09,031 INFO [HikHardware] Frame Captured: 5472x3648 | PayloadSize: 19961856 | PixelType: 17301514
2026-02-02 09:28:09,564 INFO [HikHardware] Frame Captured: 5472x3648 | PayloadSize: 19961856 | PixelType: 17301514
2026-02-02 09:28:10,050 INFO [HikHardware] Frame Captured: 5472x3648 | PayloadSize: 19961856 | PixelType: 17301514
2026-02-02 09:28:10,540 INFO [HikHardware] Frame Captured: 5472x3648 | PayloadSize: 19961856 | PixelType: 17301514
2026-02-02 09:28:11,007 INFO [HikHardware] Frame Captured: 5472x3648 | PayloadSize: 19961856 | PixelType: 17301514
2026-02-02 09:28:11,453 INFO [HikHardware] Frame Captured: 5472x3648 | PayloadSize: 19961856 | PixelType: 17301514
2026-02-02 09:28:11,907 INFO [HikHardware] Frame Captured: 5472x3648 | PayloadSize: 19961856 | PixelType: 17301514
2026-02-02 09:28:12,356 INFO [HikHardware] Frame Captured: 5472x3648 | PayloadSize: 19961856 | PixelType: 17301514
2026-02-02 09:28:12,824 INFO [HikHardware] Frame Captured: 5472x3648 | PayloadSize: 19961856 | PixelType: 17301514
2026-02-02 09:28:13,290 INFO [HikHardware] Frame Captured: 5472x3648 | PayloadSize: 19961856 | PixelType: 17301514
2026-02-02 09:28:13,742 INFO [HikHardware] Frame Captured: 5472x3648 | PayloadSize: 19961856 | PixelType: 17301514
2026-02-02 09:28:14,202 INFO [HikHardware] Frame Captured: 5472x3648 | PayloadSize: 19961856 | PixelType: 17301514
2026-02-02 09:28:14,671 INFO [HikHardware] Frame Captured: 5472x3648 | PayloadSize: 19961856 | PixelType: 17301514
2026-02-02 09:28:15,189 INFO [HikHardware] Frame Captured: 5472x3648 | PayloadSize: 19961856 | PixelType: 17301514
2026-02-02 09:28:15,721 INFO [HikHardware] Frame Captured: 5472x3648 | PayloadSize: 19961856 | PixelType: 17301514
2026-02-02 09:28:16,548 INFO [HikHardware] Frame Captured: 5472x3648 | PayloadSize: 19961856 | PixelType: 17301514
2026-02-02 09:28:17,191 INFO [HikHardware] Frame Captured: 5472x3648 | PayloadSize: 19961856 | PixelType: 17301514
2026-02-02 09:28:17,816 INFO [HikHardware] Frame Captured: 5472x3648 | PayloadSize: 19961856 | PixelType: 17301514
2026-02-02 09:28:18,436 INFO [HikHardware] Frame Captured: 5472x3648 | PayloadSize: 19961856 | PixelType: 17301514
2026-02-02 09:28:19,065 INFO [HikHardware] Frame Captured: 5472x3648 | PayloadSize: 19961856 | PixelType: 17301514
2026-02-02 09:28:19,666 INFO [HikHardware] Frame Captured: 5472x3648 | PayloadSize: 19961856 | PixelType: 17301514
2026-02-02 09:28:20,271 INFO [HikHardware] Frame Captured: 5472x3648 | PayloadSize: 19961856 | PixelType: 17301514
2026-02-02 09:28:20,787 INFO [HikHardware] Frame Captured: 5472x3648 | PayloadSize: 19961856 | PixelType: 17301514
2026-02-02 09:28:21,501 INFO [HikHardware] Frame Captured: 5472x3648 | PayloadSize: 19961856 | PixelType: 17301514
2026-02-02 09:28:22,099 INFO [HikHardware] Frame Captured: 5472x3648 | PayloadSize: 19961856 | PixelType: 17301514
2026-02-02 09:28:22,685 INFO [HikHardware] Frame Captured: 5472x3648 | PayloadSize: 19961856 | PixelType: 17301514
2026-02-02 09:28:23,273 INFO [HikHardware] Frame Captured: 5472x3648 | PayloadSize: 19961856 | PixelType: 17301514
2026-02-02 09:28:23,877 INFO [HikHardware] Frame Captured: 5472x3648 | PayloadSize: 19961856 | PixelType: 17301514
2026-02-02 09:28:24,398 INFO [HikHardware] Frame Captured: 5472x3648 | PayloadSize: 19961856 | PixelType: 17301514
2026-02-02 09:28:24,927 INFO [HikHardware] Frame Captured: 5472x3648 | PayloadSize: 19961856 | PixelType: 17301514
2026-02-02 09:28:25,439 INFO [HikHardware] Frame Captured: 5472x3648 | PayloadSize: 19961856 | PixelType: 17301514
2026-02-02 09:28:25,999 INFO [HikHardware] Frame Captured: 5472x3648 | PayloadSize: 19961856 | PixelType: 17301514
2026-02-02 09:28:26,550 INFO [HikHardware] Frame Captured: 5472x3648 | PayloadSize: 19961856 | PixelType: 17301514
2026-02-02 09:28:27,073 INFO [HikHardware] Frame Captured: 5472x3648 | PayloadSize: 19961856 | PixelType: 17301514
2026-02-02 09:28:27,598 INFO [HikHardware] Frame Captured: 5472x3648 | PayloadSize: 19961856 | PixelType: 17301514
2026-02-02 09:28:28,163 INFO [HikHardware] Frame Captured: 5472x3648 | PayloadSize: 19961856 | PixelType: 17301514
2026-02-02 09:28:28,717 INFO [HikHardware] Frame Captured: 5472x3648 | PayloadSize: 19961856 | PixelType: 17301514
2026-02-02 09:28:29,284 INFO [HikHardware] Frame Captured: 5472x3648 | PayloadSize: 19961856 | PixelType: 17301514
2026-02-02 09:28:29,817 INFO [HikHardware] Frame Captured: 5472x3648 | PayloadSize: 19961856 | PixelType: 17301514
2026-02-02 09:28:30,295 INFO [HikHardware] Frame Captured: 5472x3648 | PayloadSize: 19961856 | PixelType: 17301514
2026-02-02 09:28:30,772 INFO [HikHardware] Frame Captured: 5472x3648 | PayloadSize: 19961856 | PixelType: 17301514
2026-02-02 09:28:30,867 INFO [CaptureService] Stopping live preview...
2026-02-02 09:28:30,869 INFO [HikHardware] Camera 1 stopping preview stream...
2026-02-02 09:28:30,913 INFO [Main] UI: Snap Triggered
2026-02-02 09:28:30,915 INFO [CaptureService] Trigger received! Batch capture (Save=False).
2026-02-02 09:28:31,247 INFO [HikHardware] Frame Captured: 5472x3648 | PayloadSize: 19961856 | PixelType: 17301514
2026-02-02 09:28:32,379 INFO [Main] UI: Confirm Triggered
2026-02-02 09:28:32,380 INFO [CaptureService] Confirming save for pending captures...
2026-02-02 09:28:32,694 INFO [FileService] Saved image to C:/Users/W00273/Downloads\TEST000002_20260202\TEST000002_20260202_003.jpg (Q=80)
2026-02-02 09:28:32,698 INFO [CaptureService] Starting live preview for all cameras...
2026-02-02 09:28:32,700 INFO [UploadService] Uploading C:/Users/W00273/Downloads\TEST000002_20260202\TEST000002_20260202_003.jpg (Attempt 1/3)...
2026-02-02 09:28:32,700 INFO [HikHardware] Camera 1 starting preview stream...
2026-02-02 09:28:33,033 INFO [HikHardware] Frame Captured: 5472x3648 | PayloadSize: 19961856 | PixelType: 17301514
2026-02-02 09:28:33,235 INFO [FileService] Copied C:/Users/W00273/Downloads\TEST000002_20260202\TEST000002_20260202_003.jpg -> D:\AutoPhote-main\Server_Storage\TEST000002_20260202\TEST000002_20260202_003.jpg
2026-02-02 09:28:33,237 INFO [UploadService] Upload success (Copied): C:/Users/W00273/Downloads\TEST000002_20260202\TEST000002_20260202_003.jpg
2026-02-02 09:28:33,484 INFO [HikHardware] Frame Captured: 5472x3648 | PayloadSize: 19961856 | PixelType: 17301514
2026-02-02 09:28:33,929 INFO [HikHardware] Frame Captured: 5472x3648 | PayloadSize: 19961856 | PixelType: 17301514
2026-02-02 09:28:34,382 INFO [HikHardware] Frame Captured: 5472x3648 | PayloadSize: 19961856 | PixelType: 17301514
2026-02-02 09:28:34,845 INFO [HikHardware] Frame Captured: 5472x3648 | PayloadSize: 19961856 | PixelType: 17301514
2026-02-02 09:28:35,357 INFO [HikHardware] Frame Captured: 5472x3648 | PayloadSize: 19961856 | PixelType: 17301514
2026-02-02 09:28:35,906 INFO [HikHardware] Frame Captured: 5472x3648 | PayloadSize: 19961856 | PixelType: 17301514
2026-02-02 09:28:36,442 INFO [HikHardware] Frame Captured: 5472x3648 | PayloadSize: 19961856 | PixelType: 17301514
2026-02-02 09:28:36,962 INFO [HikHardware] Frame Captured: 5472x3648 | PayloadSize: 19961856 | PixelType: 17301514
2026-02-02 09:28:37,569 INFO [HikHardware] Frame Captured: 5472x3648 | PayloadSize: 19961856 | PixelType: 17301514
2026-02-02 09:28:38,155 INFO [HikHardware] Frame Captured: 5472x3648 | PayloadSize: 19961856 | PixelType: 17301514
2026-02-02 09:28:38,760 INFO [HikHardware] Frame Captured: 5472x3648 | PayloadSize: 19961856 | PixelType: 17301514
2026-02-02 09:28:39,855 INFO [HikHardware] Frame Captured: 5472x3648 | PayloadSize: 19961856 | PixelType: 17301514
2026-02-02 09:28:40,441 INFO [HikHardware] Frame Captured: 5472x3648 | PayloadSize: 19961856 | PixelType: 17301514
2026-02-02 09:28:40,972 INFO [HikHardware] Frame Captured: 5472x3648 | PayloadSize: 19961856 | PixelType: 17301514
2026-02-02 09:28:41,490 INFO [HikHardware] Frame Captured: 5472x3648 | PayloadSize: 19961856 | PixelType: 17301514
2026-02-02 09:28:41,993 INFO [HikHardware] Frame Captured: 5472x3648 | PayloadSize: 19961856 | PixelType: 17301514
2026-02-02 09:28:42,479 INFO [HikHardware] Frame Captured: 5472x3648 | PayloadSize: 19961856 | PixelType: 17301514
2026-02-02 09:28:42,973 INFO [HikHardware] Frame Captured: 5472x3648 | PayloadSize: 19961856 | PixelType: 17301514
2026-02-02 09:28:43,473 INFO [HikHardware] Frame Captured: 5472x3648 | PayloadSize: 19961856 | PixelType: 17301514
2026-02-02 09:28:43,968 INFO [HikHardware] Frame Captured: 5472x3648 | PayloadSize: 19961856 | PixelType: 17301514
2026-02-02 09:28:44,458 INFO [HikHardware] Frame Captured: 5472x3648 | PayloadSize: 19961856 | PixelType: 17301514
2026-02-02 09:28:44,951 INFO [HikHardware] Frame Captured: 5472x3648 | PayloadSize: 19961856 | PixelType: 17301514
2026-02-02 09:28:45,453 INFO [HikHardware] Frame Captured: 5472x3648 | PayloadSize: 19961856 | PixelType: 17301514
2026-02-02 09:28:45,932 INFO [HikHardware] Frame Captured: 5472x3648 | PayloadSize: 19961856 | PixelType: 17301514
2026-02-02 09:28:46,413 INFO [HikHardware] Frame Captured: 5472x3648 | PayloadSize: 19961856 | PixelType: 17301514
2026-02-02 09:28:46,857 INFO [HikHardware] Frame Captured: 5472x3648 | PayloadSize: 19961856 | PixelType: 17301514
2026-02-02 09:28:47,320 INFO [HikHardware] Frame Captured: 5472x3648 | PayloadSize: 19961856 | PixelType: 17301514
2026-02-02 09:28:47,770 INFO [HikHardware] Frame Captured: 5472x3648 | PayloadSize: 19961856 | PixelType: 17301514
2026-02-02 09:28:48,255 INFO [HikHardware] Frame Captured: 5472x3648 | PayloadSize: 19961856 | PixelType: 17301514
2026-02-02 09:28:48,750 INFO [HikHardware] Frame Captured: 5472x3648 | PayloadSize: 19961856 | PixelType: 17301514
2026-02-02 09:28:49,241 INFO [HikHardware] Frame Captured: 5472x3648 | PayloadSize: 19961856 | PixelType: 17301514
2026-02-02 09:28:49,813 INFO [HikHardware] Frame Captured: 5472x3648 | PayloadSize: 19961856 | PixelType: 17301514
2026-02-02 09:28:50,365 INFO [HikHardware] Frame Captured: 5472x3648 | PayloadSize: 19961856 | PixelType: 17301514
2026-02-02 09:28:50,909 INFO [HikHardware] Frame Captured: 5472x3648 | PayloadSize: 19961856 | PixelType: 17301514
2026-02-02 09:28:51,398 INFO [HikHardware] Frame Captured: 5472x3648 | PayloadSize: 19961856 | PixelType: 17301514
2026-02-02 09:28:51,935 INFO [HikHardware] Frame Captured: 5472x3648 | PayloadSize: 19961856 | PixelType: 17301514
2026-02-02 09:28:52,469 INFO [HikHardware] Frame Captured: 5472x3648 | PayloadSize: 19961856 | PixelType: 17301514
2026-02-02 09:28:52,985 INFO [HikHardware] Frame Captured: 5472x3648 | PayloadSize: 19961856 | PixelType: 17301514
2026-02-02 09:28:53,469 INFO [HikHardware] Frame Captured: 5472x3648 | PayloadSize: 19961856 | PixelType: 17301514
2026-02-02 09:28:53,966 INFO [HikHardware] Frame Captured: 5472x3648 | PayloadSize: 19961856 | PixelType: 17301514
2026-02-02 09:28:54,456 INFO [HikHardware] Frame Captured: 5472x3648 | PayloadSize: 19961856 | PixelType: 17301514
2026-02-02 09:28:54,962 INFO [HikHardware] Frame Captured: 5472x3648 | PayloadSize: 19961856 | PixelType: 17301514
2026-02-02 09:28:55,499 INFO [HikHardware] Frame Captured: 5472x3648 | PayloadSize: 19961856 | PixelType: 17301514
2026-02-02 09:28:55,999 INFO [HikHardware] Frame Captured: 5472x3648 | PayloadSize: 19961856 | PixelType: 17301514
2026-02-02 09:28:56,535 INFO [HikHardware] Frame Captured: 5472x3648 | PayloadSize: 19961856 | PixelType: 17301514
2026-02-02 09:28:57,076 INFO [HikHardware] Frame Captured: 5472x3648 | PayloadSize: 19961856 | PixelType: 17301514
2026-02-02 09:28:57,583 INFO [HikHardware] Frame Captured: 5472x3648 | PayloadSize: 19961856 | PixelType: 17301514
2026-02-02 09:28:58,092 INFO [HikHardware] Frame Captured: 5472x3648 | PayloadSize: 19961856 | PixelType: 17301514
2026-02-02 09:28:58,604 INFO [HikHardware] Frame Captured: 5472x3648 | PayloadSize: 19961856 | PixelType: 17301514
2026-02-02 09:28:59,155 INFO [HikHardware] Frame Captured: 5472x3648 | PayloadSize: 19961856 | PixelType: 17301514
2026-02-02 09:28:59,813 INFO [HikHardware] Frame Captured: 5472x3648 | PayloadSize: 19961856 | PixelType: 17301514
2026-02-02 09:29:00,473 INFO [HikHardware] Frame Captured: 5472x3648 | PayloadSize: 19961856 | PixelType: 17301514
2026-02-02 09:29:01,154 INFO [HikHardware] Frame Captured: 5472x3648 | PayloadSize: 19961856 | PixelType: 17301514
2026-02-02 09:29:01,700 INFO [HikHardware] Frame Captured: 5472x3648 | PayloadSize: 19961856 | PixelType: 17301514
2026-02-02 09:29:02,236 INFO [HikHardware] Frame Captured: 5472x3648 | PayloadSize: 19961856 | PixelType: 17301514
2026-02-02 09:29:02,783 INFO [HikHardware] Frame Captured: 5472x3648 | PayloadSize: 19961856 | PixelType: 17301514
2026-02-02 09:29:03,247 INFO [HikHardware] Frame Captured: 5472x3648 | PayloadSize: 19961856 | PixelType: 17301514
2026-02-02 09:29:03,776 INFO [HikHardware] Frame Captured: 5472x3648 | PayloadSize: 19961856 | PixelType: 17301514
2026-02-02 09:29:04,238 INFO [HikHardware] Frame Captured: 5472x3648 | PayloadSize: 19961856 | PixelType: 17301514
2026-02-02 09:29:04,748 INFO [HikHardware] Frame Captured: 5472x3648 | PayloadSize: 19961856 | PixelType: 17301514
2026-02-02 09:29:05,258 INFO [HikHardware] Frame Captured: 5472x3648 | PayloadSize: 19961856 | PixelType: 17301514
2026-02-02 09:29:05,739 INFO [HikHardware] Frame Captured: 5472x3648 | PayloadSize: 19961856 | PixelType: 17301514
2026-02-02 09:29:06,250 INFO [HikHardware] Frame Captured: 5472x3648 | PayloadSize: 19961856 | PixelType: 17301514
2026-02-02 09:29:06,764 INFO [HikHardware] Frame Captured: 5472x3648 | PayloadSize: 19961856 | PixelType: 17301514
2026-02-02 09:29:07,238 INFO [HikHardware] Frame Captured: 5472x3648 | PayloadSize: 19961856 | PixelType: 17301514
2026-02-02 09:29:07,774 INFO [HikHardware] Frame Captured: 5472x3648 | PayloadSize: 19961856 | PixelType: 17301514
2026-02-02 09:29:08,306 INFO [HikHardware] Frame Captured: 5472x3648 | PayloadSize: 19961856 | PixelType: 17301514
2026-02-02 09:29:08,824 INFO [HikHardware] Frame Captured: 5472x3648 | PayloadSize: 19961856 | PixelType: 17301514
2026-02-02 09:29:09,353 INFO [HikHardware] Frame Captured: 5472x3648 | PayloadSize: 19961856 | PixelType: 17301514
2026-02-02 09:29:09,906 INFO [HikHardware] Frame Captured: 5472x3648 | PayloadSize: 19961856 | PixelType: 17301514
2026-02-02 09:29:10,395 INFO [HikHardware] Frame Captured: 5472x3648 | PayloadSize: 19961856 | PixelType: 17301514
2026-02-02 09:29:10,931 INFO [HikHardware] Frame Captured: 5472x3648 | PayloadSize: 19961856 | PixelType: 17301514
2026-02-02 09:29:11,434 INFO [HikHardware] Frame Captured: 5472x3648 | PayloadSize: 19961856 | PixelType: 17301514
2026-02-02 09:29:11,946 INFO [HikHardware] Frame Captured: 5472x3648 | PayloadSize: 19961856 | PixelType: 17301514
2026-02-02 09:29:12,488 INFO [HikHardware] Frame Captured: 5472x3648 | PayloadSize: 19961856 | PixelType: 17301514
2026-02-02 09:29:13,004 INFO [HikHardware] Frame Captured: 5472x3648 | PayloadSize: 19961856 | PixelType: 17301514
2026-02-02 09:29:13,490 INFO [HikHardware] Frame Captured: 5472x3648 | PayloadSize: 19961856 | PixelType: 17301514
2026-02-02 09:29:14,018 INFO [HikHardware] Frame Captured: 5472x3648 | PayloadSize: 19961856 | PixelType: 17301514
2026-02-02 09:29:14,496 INFO [HikHardware] Frame Captured: 5472x3648 | PayloadSize: 19961856 | PixelType: 17301514
2026-02-02 09:29:14,982 INFO [HikHardware] Frame Captured: 5472x3648 | PayloadSize: 19961856 | PixelType: 17301514
2026-02-02 09:29:15,480 INFO [HikHardware] Frame Captured: 5472x3648 | PayloadSize: 19961856 | PixelType: 17301514
2026-02-02 09:29:15,966 INFO [HikHardware] Frame Captured: 5472x3648 | PayloadSize: 19961856 | PixelType: 17301514
2026-02-02 09:29:16,516 INFO [HikHardware] Frame Captured: 5472x3648 | PayloadSize: 19961856 | PixelType: 17301514
2026-02-02 09:29:17,009 INFO [HikHardware] Frame Captured: 5472x3648 | PayloadSize: 19961856 | PixelType: 17301514
2026-02-02 09:29:17,529 INFO [HikHardware] Frame Captured: 5472x3648 | PayloadSize: 19961856 | PixelType: 17301514
2026-02-02 09:29:18,054 INFO [HikHardware] Frame Captured: 5472x3648 | PayloadSize: 19961856 | PixelType: 17301514
2026-02-02 09:29:18,597 INFO [HikHardware] Frame Captured: 5472x3648 | PayloadSize: 19961856 | PixelType: 17301514
2026-02-02 09:29:19,204 INFO [HikHardware] Frame Captured: 5472x3648 | PayloadSize: 19961856 | PixelType: 17301514
2026-02-02 09:29:19,808 INFO [HikHardware] Frame Captured: 5472x3648 | PayloadSize: 19961856 | PixelType: 17301514
2026-02-02 09:29:20,442 INFO [HikHardware] Frame Captured: 5472x3648 | PayloadSize: 19961856 | PixelType: 17301514
2026-02-02 09:29:20,983 INFO [HikHardware] Frame Captured: 5472x3648 | PayloadSize: 19961856 | PixelType: 17301514
2026-02-02 09:29:21,534 INFO [HikHardware] Frame Captured: 5472x3648 | PayloadSize: 19961856 | PixelType: 17301514
2026-02-02 09:29:22,027 INFO [HikHardware] Frame Captured: 5472x3648 | PayloadSize: 19961856 | PixelType: 17301514
2026-02-02 09:29:22,540 INFO [HikHardware] Frame Captured: 5472x3648 | PayloadSize: 19961856 | PixelType: 17301514
2026-02-02 09:29:23,036 INFO [HikHardware] Frame Captured: 5472x3648 | PayloadSize: 19961856 | PixelType: 17301514
2026-02-02 09:29:23,512 INFO [HikHardware] Frame Captured: 5472x3648 | PayloadSize: 19961856 | PixelType: 17301514
2026-02-02 09:29:24,013 INFO [HikHardware] Frame Captured: 5472x3648 | PayloadSize: 19961856 | PixelType: 17301514
2026-02-02 09:29:24,526 INFO [HikHardware] Frame Captured: 5472x3648 | PayloadSize: 19961856 | PixelType: 17301514
2026-02-02 09:29:25,039 INFO [HikHardware] Frame Captured: 5472x3648 | PayloadSize: 19961856 | PixelType: 17301514
2026-02-02 09:29:25,570 INFO [HikHardware] Frame Captured: 5472x3648 | PayloadSize: 19961856 | PixelType: 17301514
2026-02-02 09:29:26,077 INFO [HikHardware] Frame Captured: 5472x3648 | PayloadSize: 19961856 | PixelType: 17301514
2026-02-02 09:29:26,555 INFO [HikHardware] Frame Captured: 5472x3648 | PayloadSize: 19961856 | PixelType: 17301514
2026-02-02 09:29:27,058 INFO [HikHardware] Frame Captured: 5472x3648 | PayloadSize: 19961856 | PixelType: 17301514
2026-02-02 09:29:27,551 INFO [HikHardware] Frame Captured: 5472x3648 | PayloadSize: 19961856 | PixelType: 17301514
2026-02-02 09:29:28,043 INFO [HikHardware] Frame Captured: 5472x3648 | PayloadSize: 19961856 | PixelType: 17301514
2026-02-02 09:29:28,562 INFO [HikHardware] Frame Captured: 5472x3648 | PayloadSize: 19961856 | PixelType: 17301514
2026-02-02 09:29:29,104 INFO [HikHardware] Frame Captured: 5472x3648 | PayloadSize: 19961856 | PixelType: 17301514
2026-02-02 09:29:29,639 INFO [HikHardware] Frame Captured: 5472x3648 | PayloadSize: 19961856 | PixelType: 17301514
2026-02-02 09:29:30,134 INFO [HikHardware] Frame Captured: 5472x3648 | PayloadSize: 19961856 | PixelType: 17301514
2026-02-02 09:29:30,631 INFO [HikHardware] Frame Captured: 5472x3648 | PayloadSize: 19961856 | PixelType: 17301514
2026-02-02 09:29:31,154 INFO [HikHardware] Frame Captured: 5472x3648 | PayloadSize: 19961856 | PixelType: 17301514
2026-02-02 09:29:31,666 INFO [HikHardware] Frame Captured: 5472x3648 | PayloadSize: 19961856 | PixelType: 17301514
2026-02-02 09:29:32,115 INFO [HikHardware] Frame Captured: 5472x3648 | PayloadSize: 19961856 | PixelType: 17301514
2026-02-02 09:29:32,577 INFO [HikHardware] Frame Captured: 5472x3648 | PayloadSize: 19961856 | PixelType: 17301514
2026-02-02 09:29:33,062 INFO [HikHardware] Frame Captured: 5472x3648 | PayloadSize: 19961856 | PixelType: 17301514
2026-02-02 09:29:33,578 INFO [HikHardware] Frame Captured: 5472x3648 | PayloadSize: 19961856 | PixelType: 17301514
2026-02-02 09:29:34,097 INFO [HikHardware] Frame Captured: 5472x3648 | PayloadSize: 19961856 | PixelType: 17301514
2026-02-02 09:29:34,615 INFO [HikHardware] Frame Captured: 5472x3648 | PayloadSize: 19961856 | PixelType: 17301514
2026-02-02 09:29:35,107 INFO [HikHardware] Frame Captured: 5472x3648 | PayloadSize: 19961856 | PixelType: 17301514
2026-02-02 09:29:35,644 INFO [HikHardware] Frame Captured: 5472x3648 | PayloadSize: 19961856 | PixelType: 17301514
2026-02-02 09:29:36,146 INFO [HikHardware] Frame Captured: 5472x3648 | PayloadSize: 19961856 | PixelType: 17301514
2026-02-02 09:29:36,673 INFO [HikHardware] Frame Captured: 5472x3648 | PayloadSize: 19961856 | PixelType: 17301514
2026-02-02 09:29:37,189 INFO [HikHardware] Frame Captured: 5472x3648 | PayloadSize: 19961856 | PixelType: 17301514
2026-02-02 09:29:37,723 INFO [HikHardware] Frame Captured: 5472x3648 | PayloadSize: 19961856 | PixelType: 17301514
2026-02-02 09:29:38,452 INFO [HikHardware] Frame Captured: 5472x3648 | PayloadSize: 19961856 | PixelType: 17301514
2026-02-02 09:29:38,983 INFO [HikHardware] Frame Captured: 5472x3648 | PayloadSize: 19961856 | PixelType: 17301514
2026-02-02 09:29:39,501 INFO [HikHardware] Frame Captured: 5472x3648 | PayloadSize: 19961856 | PixelType: 17301514
2026-02-02 09:29:40,013 INFO [HikHardware] Frame Captured: 5472x3648 | PayloadSize: 19961856 | PixelType: 17301514
2026-02-02 09:29:40,650 INFO [HikHardware] Frame Captured: 5472x3648 | PayloadSize: 19961856 | PixelType: 17301514
2026-02-02 09:29:41,186 INFO [HikHardware] Frame Captured: 5472x3648 | PayloadSize: 19961856 | PixelType: 17301514
2026-02-02 09:29:41,752 INFO [HikHardware] Frame Captured: 5472x3648 | PayloadSize: 19961856 | PixelType: 17301514
2026-02-02 09:29:42,265 INFO [HikHardware] Frame Captured: 5472x3648 | PayloadSize: 19961856 | PixelType: 17301514
2026-02-02 09:29:42,771 INFO [HikHardware] Frame Captured: 5472x3648 | PayloadSize: 19961856 | PixelType: 17301514
2026-02-02 09:29:43,260 INFO [HikHardware] Frame Captured: 5472x3648 | PayloadSize: 19961856 | PixelType: 17301514
2026-02-02 09:29:43,768 INFO [HikHardware] Frame Captured: 5472x3648 | PayloadSize: 19961856 | PixelType: 17301514
2026-02-02 09:29:44,284 INFO [HikHardware] Frame Captured: 5472x3648 | PayloadSize: 19961856 | PixelType: 17301514
2026-02-02 09:29:44,804 INFO [HikHardware] Frame Captured: 5472x3648 | PayloadSize: 19961856 | PixelType: 17301514
2026-02-02 09:29:45,386 INFO [HikHardware] Frame Captured: 5472x3648 | PayloadSize: 19961856 | PixelType: 17301514
2026-02-02 09:29:45,947 INFO [HikHardware] Frame Captured: 5472x3648 | PayloadSize: 19961856 | PixelType: 17301514
2026-02-02 09:29:46,542 INFO [HikHardware] Frame Captured: 5472x3648 | PayloadSize: 19961856 | PixelType: 17301514
2026-02-02 09:29:47,065 INFO [HikHardware] Frame Captured: 5472x3648 | PayloadSize: 19961856 | PixelType: 17301514
2026-02-02 09:29:47,558 INFO [HikHardware] Frame Captured: 5472x3648 | PayloadSize: 19961856 | PixelType: 17301514
2026-02-02 09:29:48,042 INFO [HikHardware] Frame Captured: 5472x3648 | PayloadSize: 19961856 | PixelType: 17301514
2026-02-02 09:29:48,541 INFO [HikHardware] Frame Captured: 5472x3648 | PayloadSize: 19961856 | PixelType: 17301514
2026-02-02 09:29:49,071 INFO [HikHardware] Frame Captured: 5472x3648 | PayloadSize: 19961856 | PixelType: 17301514
2026-02-02 09:29:49,596 INFO [HikHardware] Frame Captured: 5472x3648 | PayloadSize: 19961856 | PixelType: 17301514
2026-02-02 09:29:50,236 INFO [HikHardware] Frame Captured: 5472x3648 | PayloadSize: 19961856 | PixelType: 17301514
2026-02-02 09:29:50,776 INFO [HikHardware] Frame Captured: 5472x3648 | PayloadSize: 19961856 | PixelType: 17301514
2026-02-02 09:29:51,298 INFO [HikHardware] Frame Captured: 5472x3648 | PayloadSize: 19961856 | PixelType: 17301514
2026-02-02 09:29:51,833 INFO [HikHardware] Frame Captured: 5472x3648 | PayloadSize: 19961856 | PixelType: 17301514
2026-02-02 09:29:52,315 INFO [HikHardware] Frame Captured: 5472x3648 | PayloadSize: 19961856 | PixelType: 17301514
2026-02-02 09:29:52,792 INFO [HikHardware] Frame Captured: 5472x3648 | PayloadSize: 19961856 | PixelType: 17301514
2026-02-02 09:29:53,296 INFO [HikHardware] Frame Captured: 5472x3648 | PayloadSize: 19961856 | PixelType: 17301514
2026-02-02 09:29:53,770 INFO [HikHardware] Frame Captured: 5472x3648 | PayloadSize: 19961856 | PixelType: 17301514
2026-02-02 09:29:54,234 INFO [HikHardware] Frame Captured: 5472x3648 | PayloadSize: 19961856 | PixelType: 17301514
2026-02-02 09:29:54,696 INFO [HikHardware] Frame Captured: 5472x3648 | PayloadSize: 19961856 | PixelType: 17301514
2026-02-02 09:29:55,184 INFO [HikHardware] Frame Captured: 5472x3648 | PayloadSize: 19961856 | PixelType: 17301514
2026-02-02 09:29:55,648 INFO [HikHardware] Frame Captured: 5472x3648 | PayloadSize: 19961856 | PixelType: 17301514
2026-02-02 09:29:56,147 INFO [HikHardware] Frame Captured: 5472x3648 | PayloadSize: 19961856 | PixelType: 17301514
2026-02-02 09:29:56,647 INFO [HikHardware] Frame Captured: 5472x3648 | PayloadSize: 19961856 | PixelType: 17301514
2026-02-02 09:29:57,191 INFO [HikHardware] Frame Captured: 5472x3648 | PayloadSize: 19961856 | PixelType: 17301514
2026-02-02 09:29:57,695 INFO [HikHardware] Frame Captured: 5472x3648 | PayloadSize: 19961856 | PixelType: 17301514
2026-02-02 09:29:58,192 INFO [HikHardware] Frame Captured: 5472x3648 | PayloadSize: 19961856 | PixelType: 17301514
2026-02-02 09:29:58,696 INFO [HikHardware] Frame Captured: 5472x3648 | PayloadSize: 19961856 | PixelType: 17301514
2026-02-02 09:29:59,196 INFO [HikHardware] Frame Captured: 5472x3648 | PayloadSize: 19961856 | PixelType: 17301514
2026-02-02 09:29:59,750 INFO [HikHardware] Frame Captured: 5472x3648 | PayloadSize: 19961856 | PixelType: 17301514
2026-02-02 09:30:00,365 INFO [HikHardware] Frame Captured: 5472x3648 | PayloadSize: 19961856 | PixelType: 17301514
2026-02-02 09:30:00,911 INFO [HikHardware] Frame Captured: 5472x3648 | PayloadSize: 19961856 | PixelType: 17301514
2026-02-02 09:30:01,507 INFO [HikHardware] Frame Captured: 5472x3648 | PayloadSize: 19961856 | PixelType: 17301514
2026-02-02 09:30:02,026 INFO [HikHardware] Frame Captured: 5472x3648 | PayloadSize: 19961856 | PixelType: 17301514
2026-02-02 09:30:02,519 INFO [HikHardware] Frame Captured: 5472x3648 | PayloadSize: 19961856 | PixelType: 17301514
2026-02-02 09:30:02,980 INFO [HikHardware] Frame Captured: 5472x3648 | PayloadSize: 19961856 | PixelType: 17301514
2026-02-02 09:30:03,437 INFO [HikHardware] Frame Captured: 5472x3648 | PayloadSize: 19961856 | PixelType: 17301514
2026-02-02 09:30:03,921 INFO [HikHardware] Frame Captured: 5472x3648 | PayloadSize: 19961856 | PixelType: 17301514
2026-02-02 09:30:04,405 INFO [HikHardware] Frame Captured: 5472x3648 | PayloadSize: 19961856 | PixelType: 17301514
2026-02-02 09:30:04,893 INFO [HikHardware] Frame Captured: 5472x3648 | PayloadSize: 19961856 | PixelType: 17301514
2026-02-02 09:30:05,408 INFO [HikHardware] Frame Captured: 5472x3648 | PayloadSize: 19961856 | PixelType: 17301514
2026-02-02 09:30:05,914 INFO [HikHardware] Frame Captured: 5472x3648 | PayloadSize: 19961856 | PixelType: 17301514
2026-02-02 09:30:06,394 INFO [HikHardware] Frame Captured: 5472x3648 | PayloadSize: 19961856 | PixelType: 17301514
2026-02-02 09:30:06,867 INFO [HikHardware] Frame Captured: 5472x3648 | PayloadSize: 19961856 | PixelType: 17301514
2026-02-02 09:30:07,350 INFO [HikHardware] Frame Captured: 5472x3648 | PayloadSize: 19961856 | PixelType: 17301514
2026-02-02 09:30:07,841 INFO [HikHardware] Frame Captured: 5472x3648 | PayloadSize: 19961856 | PixelType: 17301514
2026-02-02 09:30:08,332 INFO [HikHardware] Frame Captured: 5472x3648 | PayloadSize: 19961856 | PixelType: 17301514
2026-02-02 09:30:08,833 INFO [HikHardware] Frame Captured: 5472x3648 | PayloadSize: 19961856 | PixelType: 17301514
2026-02-02 09:30:09,342 INFO [HikHardware] Frame Captured: 5472x3648 | PayloadSize: 19961856 | PixelType: 17301514
2026-02-02 09:30:09,855 INFO [HikHardware] Frame Captured: 5472x3648 | PayloadSize: 19961856 | PixelType: 17301514
2026-02-02 09:30:10,371 INFO [HikHardware] Frame Captured: 5472x3648 | PayloadSize: 19961856 | PixelType: 17301514
2026-02-02 09:30:10,882 INFO [HikHardware] Frame Captured: 5472x3648 | PayloadSize: 19961856 | PixelType: 17301514
2026-02-02 09:30:11,397 INFO [HikHardware] Frame Captured: 5472x3648 | PayloadSize: 19961856 | PixelType: 17301514
2026-02-02 09:30:11,894 INFO [HikHardware] Frame Captured: 5472x3648 | PayloadSize: 19961856 | PixelType: 17301514
2026-02-02 09:30:12,412 INFO [HikHardware] Frame Captured: 5472x3648 | PayloadSize: 19961856 | PixelType: 17301514
2026-02-02 09:30:12,886 INFO [HikHardware] Frame Captured: 5472x3648 | PayloadSize: 19961856 | PixelType: 17301514
2026-02-02 09:30:13,378 INFO [HikHardware] Frame Captured: 5472x3648 | PayloadSize: 19961856 | PixelType: 17301514
2026-02-02 09:30:13,905 INFO [HikHardware] Frame Captured: 5472x3648 | PayloadSize: 19961856 | PixelType: 17301514
2026-02-02 09:30:14,415 INFO [HikHardware] Frame Captured: 5472x3648 | PayloadSize: 19961856 | PixelType: 17301514
2026-02-02 09:30:14,912 INFO [HikHardware] Frame Captured: 5472x3648 | PayloadSize: 19961856 | PixelType: 17301514
2026-02-02 09:30:15,429 INFO [HikHardware] Frame Captured: 5472x3648 | PayloadSize: 19961856 | PixelType: 17301514
2026-02-02 09:30:15,942 INFO [HikHardware] Frame Captured: 5472x3648 | PayloadSize: 19961856 | PixelType: 17301514
2026-02-02 09:30:16,475 INFO [HikHardware] Frame Captured: 5472x3648 | PayloadSize: 19961856 | PixelType: 17301514
2026-02-02 09:30:16,969 INFO [HikHardware] Frame Captured: 5472x3648 | PayloadSize: 19961856 | PixelType: 17301514
2026-02-02 09:30:17,475 INFO [HikHardware] Frame Captured: 5472x3648 | PayloadSize: 19961856 | PixelType: 17301514
2026-02-02 09:30:18,026 INFO [HikHardware] Frame Captured: 5472x3648 | PayloadSize: 19961856 | PixelType: 17301514
2026-02-02 09:30:18,601 INFO [HikHardware] Frame Captured: 5472x3648 | PayloadSize: 19961856 | PixelType: 17301514
2026-02-02 09:30:19,110 INFO [HikHardware] Frame Captured: 5472x3648 | PayloadSize: 19961856 | PixelType: 17301514
2026-02-02 09:30:19,648 INFO [HikHardware] Frame Captured: 5472x3648 | PayloadSize: 19961856 | PixelType: 17301514
2026-02-02 09:30:20,151 INFO [HikHardware] Frame Captured: 5472x3648 | PayloadSize: 19961856 | PixelType: 17301514
2026-02-02 09:30:20,651 INFO [HikHardware] Frame Captured: 5472x3648 | PayloadSize: 19961856 | PixelType: 17301514
2026-02-02 09:30:21,169 INFO [HikHardware] Frame Captured: 5472x3648 | PayloadSize: 19961856 | PixelType: 17301514
2026-02-02 09:30:21,660 INFO [HikHardware] Frame Captured: 5472x3648 | PayloadSize: 19961856 | PixelType: 17301514
2026-02-02 09:30:22,140 INFO [HikHardware] Frame Captured: 5472x3648 | PayloadSize: 19961856 | PixelType: 17301514
2026-02-02 09:30:22,674 INFO [HikHardware] Frame Captured: 5472x3648 | PayloadSize: 19961856 | PixelType: 17301514
2026-02-02 09:30:23,150 INFO [HikHardware] Frame Captured: 5472x3648 | PayloadSize: 19961856 | PixelType: 17301514
2026-02-02 09:30:23,613 INFO [HikHardware] Frame Captured: 5472x3648 | PayloadSize: 19961856 | PixelType: 17301514
2026-02-02 09:30:24,116 INFO [HikHardware] Frame Captured: 5472x3648 | PayloadSize: 19961856 | PixelType: 17301514
2026-02-02 09:30:24,615 INFO [HikHardware] Frame Captured: 5472x3648 | PayloadSize: 19961856 | PixelType: 17301514
2026-02-02 09:30:25,137 INFO [HikHardware] Frame Captured: 5472x3648 | PayloadSize: 19961856 | PixelType: 17301514
2026-02-02 09:30:25,729 INFO [HikHardware] Frame Captured: 5472x3648 | PayloadSize: 19961856 | PixelType: 17301514
2026-02-02 09:30:26,238 INFO [HikHardware] Frame Captured: 5472x3648 | PayloadSize: 19961856 | PixelType: 17301514
2026-02-02 09:30:26,727 INFO [HikHardware] Frame Captured: 5472x3648 | PayloadSize: 19961856 | PixelType: 17301514
2026-02-02 09:30:27,204 INFO [HikHardware] Frame Captured: 5472x3648 | PayloadSize: 19961856 | PixelType: 17301514
2026-02-02 09:30:27,671 INFO [HikHardware] Frame Captured: 5472x3648 | PayloadSize: 19961856 | PixelType: 17301514
2026-02-02 09:30:28,142 INFO [HikHardware] Frame Captured: 5472x3648 | PayloadSize: 19961856 | PixelType: 17301514
2026-02-02 09:30:28,653 INFO [HikHardware] Frame Captured: 5472x3648 | PayloadSize: 19961856 | PixelType: 17301514
2026-02-02 09:30:29,142 INFO [HikHardware] Frame Captured: 5472x3648 | PayloadSize: 19961856 | PixelType: 17301514
2026-02-02 09:30:29,629 INFO [HikHardware] Frame Captured: 5472x3648 | PayloadSize: 19961856 | PixelType: 17301514
2026-02-02 09:30:30,119 INFO [HikHardware] Frame Captured: 5472x3648 | PayloadSize: 19961856 | PixelType: 17301514
2026-02-02 09:30:30,620 INFO [HikHardware] Frame Captured: 5472x3648 | PayloadSize: 19961856 | PixelType: 17301514
2026-02-02 09:30:31,134 INFO [HikHardware] Frame Captured: 5472x3648 | PayloadSize: 19961856 | PixelType: 17301514
2026-02-02 09:30:31,631 INFO [HikHardware] Frame Captured: 5472x3648 | PayloadSize: 19961856 | PixelType: 17301514
2026-02-02 09:30:32,127 INFO [HikHardware] Frame Captured: 5472x3648 | PayloadSize: 19961856 | PixelType: 17301514
2026-02-02 09:30:32,669 INFO [HikHardware] Frame Captured: 5472x3648 | PayloadSize: 19961856 | PixelType: 17301514
2026-02-02 09:30:33,172 INFO [HikHardware] Frame Captured: 5472x3648 | PayloadSize: 19961856 | PixelType: 17301514
2026-02-02 09:30:33,638 INFO [HikHardware] Frame Captured: 5472x3648 | PayloadSize: 19961856 | PixelType: 17301514
2026-02-02 09:30:34,139 INFO [HikHardware] Frame Captured: 5472x3648 | PayloadSize: 19961856 | PixelType: 17301514
2026-02-02 09:30:34,670 INFO [HikHardware] Frame Captured: 5472x3648 | PayloadSize: 19961856 | PixelType: 17301514
2026-02-02 09:30:35,243 INFO [HikHardware] Frame Captured: 5472x3648 | PayloadSize: 19961856 | PixelType: 17301514
2026-02-02 09:30:35,772 INFO [HikHardware] Frame Captured: 5472x3648 | PayloadSize: 19961856 | PixelType: 17301514
2026-02-02 09:30:36,271 INFO [HikHardware] Frame Captured: 5472x3648 | PayloadSize: 19961856 | PixelType: 17301514
2026-02-02 09:30:36,777 INFO [HikHardware] Frame Captured: 5472x3648 | PayloadSize: 19961856 | PixelType: 17301514
2026-02-02 09:30:37,280 INFO [HikHardware] Frame Captured: 5472x3648 | PayloadSize: 19961856 | PixelType: 17301514
2026-02-02 09:30:37,781 INFO [HikHardware] Frame Captured: 5472x3648 | PayloadSize: 19961856 | PixelType: 17301514
2026-02-02 09:30:38,254 INFO [HikHardware] Frame Captured: 5472x3648 | PayloadSize: 19961856 | PixelType: 17301514
2026-02-02 09:30:38,748 INFO [HikHardware] Frame Captured: 5472x3648 | PayloadSize: 19961856 | PixelType: 17301514
2026-02-02 09:30:39,241 INFO [HikHardware] Frame Captured: 5472x3648 | PayloadSize: 19961856 | PixelType: 17301514
2026-02-02 09:30:39,744 INFO [HikHardware] Frame Captured: 5472x3648 | PayloadSize: 19961856 | PixelType: 17301514
2026-02-02 09:30:40,241 INFO [HikHardware] Frame Captured: 5472x3648 | PayloadSize: 19961856 | PixelType: 17301514
2026-02-02 09:30:40,759 INFO [HikHardware] Frame Captured: 5472x3648 | PayloadSize: 19961856 | PixelType: 17301514
2026-02-02 09:30:41,264 INFO [HikHardware] Frame Captured: 5472x3648 | PayloadSize: 19961856 | PixelType: 17301514
2026-02-02 09:30:41,742 INFO [HikHardware] Frame Captured: 5472x3648 | PayloadSize: 19961856 | PixelType: 17301514
2026-02-02 09:30:42,244 INFO [HikHardware] Frame Captured: 5472x3648 | PayloadSize: 19961856 | PixelType: 17301514
2026-02-02 09:30:42,755 INFO [HikHardware] Frame Captured: 5472x3648 | PayloadSize: 19961856 | PixelType: 17301514
2026-02-02 09:30:43,241 INFO [HikHardware] Frame Captured: 5472x3648 | PayloadSize: 19961856 | PixelType: 17301514
2026-02-02 09:30:43,709 INFO [HikHardware] Frame Captured: 5472x3648 | PayloadSize: 19961856 | PixelType: 17301514
2026-02-02 09:30:44,190 INFO [HikHardware] Frame Captured: 5472x3648 | PayloadSize: 19961856 | PixelType: 17301514
2026-02-02 09:30:44,708 INFO [HikHardware] Frame Captured: 5472x3648 | PayloadSize: 19961856 | PixelType: 17301514
2026-02-02 09:30:45,220 INFO [HikHardware] Frame Captured: 5472x3648 | PayloadSize: 19961856 | PixelType: 17301514
2026-02-02 09:30:45,751 INFO [HikHardware] Frame Captured: 5472x3648 | PayloadSize: 19961856 | PixelType: 17301514
2026-02-02 09:30:46,235 INFO [HikHardware] Frame Captured: 5472x3648 | PayloadSize: 19961856 | PixelType: 17301514
2026-02-02 09:30:46,726 INFO [HikHardware] Frame Captured: 5472x3648 | PayloadSize: 19961856 | PixelType: 17301514
2026-02-02 09:30:47,189 INFO [HikHardware] Frame Captured: 5472x3648 | PayloadSize: 19961856 | PixelType: 17301514
2026-02-02 09:30:47,707 INFO [HikHardware] Frame Captured: 5472x3648 | PayloadSize: 19961856 | PixelType: 17301514
2026-02-02 09:30:48,231 INFO [HikHardware] Frame Captured: 5472x3648 | PayloadSize: 19961856 | PixelType: 17301514
2026-02-02 09:30:48,728 INFO [HikHardware] Frame Captured: 5472x3648 | PayloadSize: 19961856 | PixelType: 17301514
2026-02-02 09:30:49,199 INFO [HikHardware] Frame Captured: 5472x3648 | PayloadSize: 19961856 | PixelType: 17301514
2026-02-02 09:30:49,691 INFO [HikHardware] Frame Captured: 5472x3648 | PayloadSize: 19961856 | PixelType: 17301514
2026-02-02 09:30:50,214 INFO [HikHardware] Frame Captured: 5472x3648 | PayloadSize: 19961856 | PixelType: 17301514
2026-02-02 09:30:50,789 INFO [HikHardware] Frame Captured: 5472x3648 | PayloadSize: 19961856 | PixelType: 17301514
2026-02-02 09:30:51,305 INFO [HikHardware] Frame Captured: 5472x3648 | PayloadSize: 19961856 | PixelType: 17301514
2026-02-02 09:30:51,813 INFO [HikHardware] Frame Captured: 5472x3648 | PayloadSize: 19961856 | PixelType: 17301514
2026-02-02 09:30:52,316 INFO [HikHardware] Frame Captured: 5472x3648 | PayloadSize: 19961856 | PixelType: 17301514
2026-02-02 09:30:52,839 INFO [HikHardware] Frame Captured: 5472x3648 | PayloadSize: 19961856 | PixelType: 17301514
2026-02-02 09:30:53,399 INFO [HikHardware] Frame Captured: 5472x3648 | PayloadSize: 19961856 | PixelType: 17301514
2026-02-02 09:30:53,866 INFO [HikHardware] Frame Captured: 5472x3648 | PayloadSize: 19961856 | PixelType: 17301514
2026-02-02 09:30:54,304 INFO [HikHardware] Frame Captured: 5472x3648 | PayloadSize: 19961856 | PixelType: 17301514
2026-02-02 09:30:54,772 INFO [HikHardware] Frame Captured: 5472x3648 | PayloadSize: 19961856 | PixelType: 17301514
2026-02-02 09:30:55,246 INFO [HikHardware] Frame Captured: 5472x3648 | PayloadSize: 19961856 | PixelType: 17301514
2026-02-02 09:30:55,751 INFO [HikHardware] Frame Captured: 5472x3648 | PayloadSize: 19961856 | PixelType: 17301514
2026-02-02 09:30:56,263 INFO [HikHardware] Frame Captured: 5472x3648 | PayloadSize: 19961856 | PixelType: 17301514
2026-02-02 09:30:56,797 INFO [HikHardware] Frame Captured: 5472x3648 | PayloadSize: 19961856 | PixelType: 17301514
2026-02-02 09:30:57,318 INFO [HikHardware] Frame Captured: 5472x3648 | PayloadSize: 19961856 | PixelType: 17301514
2026-02-02 09:30:57,831 INFO [HikHardware] Frame Captured: 5472x3648 | PayloadSize: 19961856 | PixelType: 17301514
2026-02-02 09:30:58,331 INFO [HikHardware] Frame Captured: 5472x3648 | PayloadSize: 19961856 | PixelType: 17301514
2026-02-02 09:30:58,813 INFO [HikHardware] Frame Captured: 5472x3648 | PayloadSize: 19961856 | PixelType: 17301514
2026-02-02 09:30:59,297 INFO [HikHardware] Frame Captured: 5472x3648 | PayloadSize: 19961856 | PixelType: 17301514
2026-02-02 09:30:59,814 INFO [HikHardware] Frame Captured: 5472x3648 | PayloadSize: 19961856 | PixelType: 17301514
2026-02-02 09:31:00,376 INFO [HikHardware] Frame Captured: 5472x3648 | PayloadSize: 19961856 | PixelType: 17301514
2026-02-02 09:31:00,950 INFO [HikHardware] Frame Captured: 5472x3648 | PayloadSize: 19961856 | PixelType: 17301514
2026-02-02 09:31:01,494 INFO [HikHardware] Frame Captured: 5472x3648 | PayloadSize: 19961856 | PixelType: 17301514
2026-02-02 09:31:02,024 INFO [HikHardware] Frame Captured: 5472x3648 | PayloadSize: 19961856 | PixelType: 17301514
2026-02-02 09:31:02,598 INFO [HikHardware] Frame Captured: 5472x3648 | PayloadSize: 19961856 | PixelType: 17301514
2026-02-02 09:31:03,173 INFO [HikHardware] Frame Captured: 5472x3648 | PayloadSize: 19961856 | PixelType: 17301514
2026-02-02 09:31:03,710 INFO [HikHardware] Frame Captured: 5472x3648 | PayloadSize: 19961856 | PixelType: 17301514
2026-02-02 09:31:04,212 INFO [HikHardware] Frame Captured: 5472x3648 | PayloadSize: 19961856 | PixelType: 17301514
2026-02-02 09:31:04,717 INFO [HikHardware] Frame Captured: 5472x3648 | PayloadSize: 19961856 | PixelType: 17301514
2026-02-02 09:31:05,213 INFO [HikHardware] Frame Captured: 5472x3648 | PayloadSize: 19961856 | PixelType: 17301514
2026-02-02 09:31:05,687 INFO [HikHardware] Frame Captured: 5472x3648 | PayloadSize: 19961856 | PixelType: 17301514
2026-02-02 09:31:06,151 INFO [HikHardware] Frame Captured: 5472x3648 | PayloadSize: 19961856 | PixelType: 17301514
2026-02-02 09:31:06,629 INFO [HikHardware] Frame Captured: 5472x3648 | PayloadSize: 19961856 | PixelType: 17301514
2026-02-02 09:31:07,107 INFO [HikHardware] Frame Captured: 5472x3648 | PayloadSize: 19961856 | PixelType: 17301514
2026-02-02 09:31:07,592 INFO [HikHardware] Frame Captured: 5472x3648 | PayloadSize: 19961856 | PixelType: 17301514
2026-02-02 09:31:08,077 INFO [HikHardware] Frame Captured: 5472x3648 | PayloadSize: 19961856 | PixelType: 17301514
2026-02-02 09:31:08,565 INFO [HikHardware] Frame Captured: 5472x3648 | PayloadSize: 19961856 | PixelType: 17301514
2026-02-02 09:31:09,032 INFO [HikHardware] Frame Captured: 5472x3648 | PayloadSize: 19961856 | PixelType: 17301514
2026-02-02 09:31:09,526 INFO [HikHardware] Frame Captured: 5472x3648 | PayloadSize: 19961856 | PixelType: 17301514
2026-02-02 09:31:10,011 INFO [HikHardware] Frame Captured: 5472x3648 | PayloadSize: 19961856 | PixelType: 17301514
2026-02-02 09:31:11,310 INFO [HikHardware] Frame Captured: 5472x3648 | PayloadSize: 19961856 | PixelType: 17301514
2026-02-02 09:31:11,897 INFO [HikHardware] Frame Captured: 5472x3648 | PayloadSize: 19961856 | PixelType: 17301514
2026-02-02 09:31:12,417 INFO [HikHardware] Frame Captured: 5472x3648 | PayloadSize: 19961856 | PixelType: 17301514
2026-02-02 09:31:12,891 INFO [HikHardware] Frame Captured: 5472x3648 | PayloadSize: 19961856 | PixelType: 17301514
2026-02-02 09:31:13,366 INFO [HikHardware] Frame Captured: 5472x3648 | PayloadSize: 19961856 | PixelType: 17301514
2026-02-02 09:31:13,831 INFO [HikHardware] Frame Captured: 5472x3648 | PayloadSize: 19961856 | PixelType: 17301514
2026-02-02 09:31:14,283 INFO [HikHardware] Frame Captured: 5472x3648 | PayloadSize: 19961856 | PixelType: 17301514
2026-02-02 09:31:14,748 INFO [HikHardware] Frame Captured: 5472x3648 | PayloadSize: 19961856 | PixelType: 17301514
2026-02-02 09:31:15,204 INFO [HikHardware] Frame Captured: 5472x3648 | PayloadSize: 19961856 | PixelType: 17301514
2026-02-02 09:31:15,674 INFO [HikHardware] Frame Captured: 5472x3648 | PayloadSize: 19961856 | PixelType: 17301514
2026-02-02 09:31:16,134 INFO [HikHardware] Frame Captured: 5472x3648 | PayloadSize: 19961856 | PixelType: 17301514
2026-02-02 09:31:16,594 INFO [HikHardware] Frame Captured: 5472x3648 | PayloadSize: 19961856 | PixelType: 17301514
2026-02-02 09:31:17,061 INFO [HikHardware] Frame Captured: 5472x3648 | PayloadSize: 19961856 | PixelType: 17301514
2026-02-02 09:31:17,532 INFO [HikHardware] Frame Captured: 5472x3648 | PayloadSize: 19961856 | PixelType: 17301514
2026-02-02 09:31:18,010 INFO [HikHardware] Frame Captured: 5472x3648 | PayloadSize: 19961856 | PixelType: 17301514
2026-02-02 09:31:18,471 INFO [HikHardware] Frame Captured: 5472x3648 | PayloadSize: 19961856 | PixelType: 17301514
2026-02-02 09:31:18,939 INFO [HikHardware] Frame Captured: 5472x3648 | PayloadSize: 19961856 | PixelType: 17301514
2026-02-02 09:31:19,413 INFO [HikHardware] Frame Captured: 5472x3648 | PayloadSize: 19961856 | PixelType: 17301514
2026-02-02 09:31:19,892 INFO [HikHardware] Frame Captured: 5472x3648 | PayloadSize: 19961856 | PixelType: 17301514
2026-02-02 09:31:20,366 INFO [HikHardware] Frame Captured: 5472x3648 | PayloadSize: 19961856 | PixelType: 17301514
2026-02-02 09:31:20,858 INFO [HikHardware] Frame Captured: 5472x3648 | PayloadSize: 19961856 | PixelType: 17301514
2026-02-02 09:31:21,351 INFO [HikHardware] Frame Captured: 5472x3648 | PayloadSize: 19961856 | PixelType: 17301514
2026-02-02 09:31:21,814 INFO [HikHardware] Frame Captured: 5472x3648 | PayloadSize: 19961856 | PixelType: 17301514
2026-02-02 09:31:22,283 INFO [HikHardware] Frame Captured: 5472x3648 | PayloadSize: 19961856 | PixelType: 17301514
2026-02-02 09:31:22,773 INFO [HikHardware] Frame Captured: 5472x3648 | PayloadSize: 19961856 | PixelType: 17301514
2026-02-02 09:31:23,260 INFO [HikHardware] Frame Captured: 5472x3648 | PayloadSize: 19961856 | PixelType: 17301514
2026-02-02 09:31:23,725 INFO [HikHardware] Frame Captured: 5472x3648 | PayloadSize: 19961856 | PixelType: 17301514
2026-02-02 09:31:24,200 INFO [HikHardware] Frame Captured: 5472x3648 | PayloadSize: 19961856 | PixelType: 17301514
2026-02-02 09:31:24,653 INFO [HikHardware] Frame Captured: 5472x3648 | PayloadSize: 19961856 | PixelType: 17301514
2026-02-02 09:31:25,117 INFO [HikHardware] Frame Captured: 5472x3648 | PayloadSize: 19961856 | PixelType: 17301514
2026-02-02 09:31:25,582 INFO [HikHardware] Frame Captured: 5472x3648 | PayloadSize: 19961856 | PixelType: 17301514
2026-02-02 09:31:26,040 INFO [HikHardware] Frame Captured: 5472x3648 | PayloadSize: 19961856 | PixelType: 17301514
2026-02-02 09:31:26,493 INFO [HikHardware] Frame Captured: 5472x3648 | PayloadSize: 19961856 | PixelType: 17301514
2026-02-02 09:31:26,955 INFO [HikHardware] Frame Captured: 5472x3648 | PayloadSize: 19961856 | PixelType: 17301514
2026-02-02 09:31:27,411 INFO [HikHardware] Frame Captured: 5472x3648 | PayloadSize: 19961856 | PixelType: 17301514
2026-02-02 09:31:27,875 INFO [HikHardware] Frame Captured: 5472x3648 | PayloadSize: 19961856 | PixelType: 17301514
2026-02-02 09:31:28,338 INFO [HikHardware] Frame Captured: 5472x3648 | PayloadSize: 19961856 | PixelType: 17301514
2026-02-02 09:31:28,802 INFO [HikHardware] Frame Captured: 5472x3648 | PayloadSize: 19961856 | PixelType: 17301514
2026-02-02 09:31:29,282 INFO [HikHardware] Frame Captured: 5472x3648 | PayloadSize: 19961856 | PixelType: 17301514
2026-02-02 09:31:29,762 INFO [HikHardware] Frame Captured: 5472x3648 | PayloadSize: 19961856 | PixelType: 17301514
2026-02-02 09:31:30,236 INFO [HikHardware] Frame Captured: 5472x3648 | PayloadSize: 19961856 | PixelType: 17301514
2026-02-02 09:31:30,727 INFO [HikHardware] Frame Captured: 5472x3648 | PayloadSize: 19961856 | PixelType: 17301514
2026-02-02 09:31:31,212 INFO [HikHardware] Frame Captured: 5472x3648 | PayloadSize: 19961856 | PixelType: 17301514
2026-02-02 09:31:31,682 INFO [HikHardware] Frame Captured: 5472x3648 | PayloadSize: 19961856 | PixelType: 17301514
2026-02-02 09:31:32,181 INFO [HikHardware] Frame Captured: 5472x3648 | PayloadSize: 19961856 | PixelType: 17301514
2026-02-02 09:31:32,698 INFO [HikHardware] Frame Captured: 5472x3648 | PayloadSize: 19961856 | PixelType: 17301514
2026-02-02 09:31:33,180 INFO [HikHardware] Frame Captured: 5472x3648 | PayloadSize: 19961856 | PixelType: 17301514
2026-02-02 09:31:33,629 INFO [HikHardware] Frame Captured: 5472x3648 | PayloadSize: 19961856 | PixelType: 17301514
2026-02-02 09:31:34,082 INFO [HikHardware] Frame Captured: 5472x3648 | PayloadSize: 19961856 | PixelType: 17301514
2026-02-02 09:31:34,581 INFO [HikHardware] Frame Captured: 5472x3648 | PayloadSize: 19961856 | PixelType: 17301514
2026-02-02 09:31:35,038 INFO [HikHardware] Frame Captured: 5472x3648 | PayloadSize: 19961856 | PixelType: 17301514
2026-02-02 09:31:35,499 INFO [HikHardware] Frame Captured: 5472x3648 | PayloadSize: 19961856 | PixelType: 17301514
2026-02-02 09:31:35,969 INFO [HikHardware] Frame Captured: 5472x3648 | PayloadSize: 19961856 | PixelType: 17301514
2026-02-02 09:31:36,439 INFO [HikHardware] Frame Captured: 5472x3648 | PayloadSize: 19961856 | PixelType: 17301514
2026-02-02 09:31:36,926 INFO [HikHardware] Frame Captured: 5472x3648 | PayloadSize: 19961856 | PixelType: 17301514
2026-02-02 09:31:37,405 INFO [HikHardware] Frame Captured: 5472x3648 | PayloadSize: 19961856 | PixelType: 17301514
2026-02-02 09:31:37,878 INFO [HikHardware] Frame Captured: 5472x3648 | PayloadSize: 19961856 | PixelType: 17301514
2026-02-02 09:31:38,390 INFO [HikHardware] Frame Captured: 5472x3648 | PayloadSize: 19961856 | PixelType: 17301514
2026-02-02 09:31:38,883 INFO [HikHardware] Frame Captured: 5472x3648 | PayloadSize: 19961856 | PixelType: 17301514
2026-02-02 09:31:39,380 INFO [HikHardware] Frame Captured: 5472x3648 | PayloadSize: 19961856 | PixelType: 17301514
2026-02-02 09:31:39,868 INFO [HikHardware] Frame Captured: 5472x3648 | PayloadSize: 19961856 | PixelType: 17301514
2026-02-02 09:31:40,377 INFO [HikHardware] Frame Captured: 5472x3648 | PayloadSize: 19961856 | PixelType: 17301514
2026-02-02 09:31:40,874 INFO [HikHardware] Frame Captured: 5472x3648 | PayloadSize: 19961856 | PixelType: 17301514
2026-02-02 09:31:41,417 INFO [HikHardware] Frame Captured: 5472x3648 | PayloadSize: 19961856 | PixelType: 17301514
2026-02-02 09:31:41,929 INFO [HikHardware] Frame Captured: 5472x3648 | PayloadSize: 19961856 | PixelType: 17301514
2026-02-02 09:31:42,454 INFO [HikHardware] Frame Captured: 5472x3648 | PayloadSize: 19961856 | PixelType: 17301514
2026-02-02 09:31:42,995 INFO [HikHardware] Frame Captured: 5472x3648 | PayloadSize: 19961856 | PixelType: 17301514
2026-02-02 09:31:43,531 INFO [HikHardware] Frame Captured: 5472x3648 | PayloadSize: 19961856 | PixelType: 17301514
2026-02-02 09:31:44,050 INFO [HikHardware] Frame Captured: 5472x3648 | PayloadSize: 19961856 | PixelType: 17301514
2026-02-02 09:31:44,529 INFO [HikHardware] Frame Captured: 5472x3648 | PayloadSize: 19961856 | PixelType: 17301514
2026-02-02 09:31:45,034 INFO [HikHardware] Frame Captured: 5472x3648 | PayloadSize: 19961856 | PixelType: 17301514
2026-02-02 09:31:45,551 INFO [HikHardware] Frame Captured: 5472x3648 | PayloadSize: 19961856 | PixelType: 17301514
2026-02-02 09:31:46,071 INFO [HikHardware] Frame Captured: 5472x3648 | PayloadSize: 19961856 | PixelType: 17301514
2026-02-02 09:31:46,667 INFO [HikHardware] Frame Captured: 5472x3648 | PayloadSize: 19961856 | PixelType: 17301514
2026-02-02 09:31:47,251 INFO [HikHardware] Frame Captured: 5472x3648 | PayloadSize: 19961856 | PixelType: 17301514
2026-02-02 09:31:47,807 INFO [HikHardware] Frame Captured: 5472x3648 | PayloadSize: 19961856 | PixelType: 17301514
2026-02-02 09:31:48,374 INFO [HikHardware] Frame Captured: 5472x3648 | PayloadSize: 19961856 | PixelType: 17301514
2026-02-02 09:31:48,912 INFO [HikHardware] Frame Captured: 5472x3648 | PayloadSize: 19961856 | PixelType: 17301514
2026-02-02 09:31:49,457 INFO [HikHardware] Frame Captured: 5472x3648 | PayloadSize: 19961856 | PixelType: 17301514
2026-02-02 09:31:49,987 INFO [HikHardware] Frame Captured: 5472x3648 | PayloadSize: 19961856 | PixelType: 17301514
2026-02-02 09:31:50,507 INFO [HikHardware] Frame Captured: 5472x3648 | PayloadSize: 19961856 | PixelType: 17301514
2026-02-02 09:31:51,012 INFO [HikHardware] Frame Captured: 5472x3648 | PayloadSize: 19961856 | PixelType: 17301514
2026-02-02 09:31:51,530 INFO [HikHardware] Frame Captured: 5472x3648 | PayloadSize: 19961856 | PixelType: 17301514
2026-02-02 09:31:52,020 INFO [HikHardware] Frame Captured: 5472x3648 | PayloadSize: 19961856 | PixelType: 17301514
2026-02-02 09:31:52,522 INFO [HikHardware] Frame Captured: 5472x3648 | PayloadSize: 19961856 | PixelType: 17301514
2026-02-02 09:31:53,006 INFO [HikHardware] Frame Captured: 5472x3648 | PayloadSize: 19961856 | PixelType: 17301514
2026-02-02 09:31:53,628 INFO [HikHardware] Frame Captured: 5472x3648 | PayloadSize: 19961856 | PixelType: 17301514
2026-02-02 09:31:54,182 INFO [HikHardware] Frame Captured: 5472x3648 | PayloadSize: 19961856 | PixelType: 17301514
2026-02-02 09:31:54,665 INFO [HikHardware] Frame Captured: 5472x3648 | PayloadSize: 19961856 | PixelType: 17301514
2026-02-02 09:31:55,182 INFO [HikHardware] Frame Captured: 5472x3648 | PayloadSize: 19961856 | PixelType: 17301514
2026-02-02 09:31:55,732 INFO [HikHardware] Frame Captured: 5472x3648 | PayloadSize: 19961856 | PixelType: 17301514
2026-02-02 09:31:56,217 INFO [HikHardware] Frame Captured: 5472x3648 | PayloadSize: 19961856 | PixelType: 17301514
2026-02-02 09:31:56,711 INFO [HikHardware] Frame Captured: 5472x3648 | PayloadSize: 19961856 | PixelType: 17301514
2026-02-02 09:31:57,179 INFO [HikHardware] Frame Captured: 5472x3648 | PayloadSize: 19961856 | PixelType: 17301514
2026-02-02 09:31:57,715 INFO [HikHardware] Frame Captured: 5472x3648 | PayloadSize: 19961856 | PixelType: 17301514
2026-02-02 09:31:58,199 INFO [HikHardware] Frame Captured: 5472x3648 | PayloadSize: 19961856 | PixelType: 17301514
2026-02-02 09:31:58,657 INFO [HikHardware] Frame Captured: 5472x3648 | PayloadSize: 19961856 | PixelType: 17301514
2026-02-02 09:31:59,135 INFO [HikHardware] Frame Captured: 5472x3648 | PayloadSize: 19961856 | PixelType: 17301514
2026-02-02 09:31:59,640 INFO [HikHardware] Frame Captured: 5472x3648 | PayloadSize: 19961856 | PixelType: 17301514
2026-02-02 09:32:00,123 INFO [HikHardware] Frame Captured: 5472x3648 | PayloadSize: 19961856 | PixelType: 17301514
2026-02-02 09:32:00,613 INFO [HikHardware] Frame Captured: 5472x3648 | PayloadSize: 19961856 | PixelType: 17301514
2026-02-02 09:32:01,123 INFO [HikHardware] Frame Captured: 5472x3648 | PayloadSize: 19961856 | PixelType: 17301514
2026-02-02 09:32:01,659 INFO [HikHardware] Frame Captured: 5472x3648 | PayloadSize: 19961856 | PixelType: 17301514
2026-02-02 09:32:02,170 INFO [HikHardware] Frame Captured: 5472x3648 | PayloadSize: 19961856 | PixelType: 17301514
2026-02-02 09:32:02,666 INFO [HikHardware] Frame Captured: 5472x3648 | PayloadSize: 19961856 | PixelType: 17301514
2026-02-02 09:32:03,196 INFO [HikHardware] Frame Captured: 5472x3648 | PayloadSize: 19961856 | PixelType: 17301514
2026-02-02 09:32:03,790 INFO [HikHardware] Frame Captured: 5472x3648 | PayloadSize: 19961856 | PixelType: 17301514
2026-02-02 09:32:04,315 INFO [HikHardware] Frame Captured: 5472x3648 | PayloadSize: 19961856 | PixelType: 17301514
2026-02-02 09:32:04,856 INFO [HikHardware] Frame Captured: 5472x3648 | PayloadSize: 19961856 | PixelType: 17301514
2026-02-02 09:32:05,408 INFO [HikHardware] Frame Captured: 5472x3648 | PayloadSize: 19961856 | PixelType: 17301514
2026-02-02 09:32:05,942 INFO [HikHardware] Frame Captured: 5472x3648 | PayloadSize: 19961856 | PixelType: 17301514
2026-02-02 09:32:06,476 INFO [HikHardware] Frame Captured: 5472x3648 | PayloadSize: 19961856 | PixelType: 17301514
2026-02-02 09:32:06,989 INFO [HikHardware] Frame Captured: 5472x3648 | PayloadSize: 19961856 | PixelType: 17301514
2026-02-02 09:32:07,455 INFO [HikHardware] Frame Captured: 5472x3648 | PayloadSize: 19961856 | PixelType: 17301514
2026-02-02 09:32:07,941 INFO [HikHardware] Frame Captured: 5472x3648 | PayloadSize: 19961856 | PixelType: 17301514
2026-02-02 09:32:08,416 INFO [HikHardware] Frame Captured: 5472x3648 | PayloadSize: 19961856 | PixelType: 17301514
2026-02-02 09:32:08,889 INFO [HikHardware] Frame Captured: 5472x3648 | PayloadSize: 19961856 | PixelType: 17301514
2026-02-02 09:32:09,391 INFO [HikHardware] Frame Captured: 5472x3648 | PayloadSize: 19961856 | PixelType: 17301514
2026-02-02 09:32:09,923 INFO [HikHardware] Frame Captured: 5472x3648 | PayloadSize: 19961856 | PixelType: 17301514
2026-02-02 09:32:10,421 INFO [HikHardware] Frame Captured: 5472x3648 | PayloadSize: 19961856 | PixelType: 17301514
2026-02-02 09:32:10,915 INFO [HikHardware] Frame Captured: 5472x3648 | PayloadSize: 19961856 | PixelType: 17301514
2026-02-02 09:32:11,452 INFO [HikHardware] Frame Captured: 5472x3648 | PayloadSize: 19961856 | PixelType: 17301514
2026-02-02 09:32:11,942 INFO [HikHardware] Frame Captured: 5472x3648 | PayloadSize: 19961856 | PixelType: 17301514
2026-02-02 09:32:12,547 INFO [HikHardware] Frame Captured: 5472x3648 | PayloadSize: 19961856 | PixelType: 17301514
2026-02-02 09:32:13,139 INFO [HikHardware] Frame Captured: 5472x3648 | PayloadSize: 19961856 | PixelType: 17301514
2026-02-02 09:32:13,680 INFO [HikHardware] Frame Captured: 5472x3648 | PayloadSize: 19961856 | PixelType: 17301514
2026-02-02 09:32:14,248 INFO [HikHardware] Frame Captured: 5472x3648 | PayloadSize: 19961856 | PixelType: 17301514
2026-02-02 09:32:14,790 INFO [HikHardware] Frame Captured: 5472x3648 | PayloadSize: 19961856 | PixelType: 17301514
2026-02-02 09:32:15,307 INFO [HikHardware] Frame Captured: 5472x3648 | PayloadSize: 19961856 | PixelType: 17301514
2026-02-02 09:32:15,826 INFO [HikHardware] Frame Captured: 5472x3648 | PayloadSize: 19961856 | PixelType: 17301514
2026-02-02 09:32:16,333 INFO [HikHardware] Frame Captured: 5472x3648 | PayloadSize: 19961856 | PixelType: 17301514
2026-02-02 09:32:16,855 INFO [HikHardware] Frame Captured: 5472x3648 | PayloadSize: 19961856 | PixelType: 17301514
2026-02-02 09:32:17,385 INFO [HikHardware] Frame Captured: 5472x3648 | PayloadSize: 19961856 | PixelType: 17301514
2026-02-02 09:32:17,867 INFO [CaptureService] Stopping live preview...
2026-02-02 09:32:17,869 INFO [HikHardware] Camera 1 stopping preview stream...
2026-02-02 09:32:17,902 INFO [HikHardware] Frame Captured: 5472x3648 | PayloadSize: 19961856 | PixelType: 17301514
2026-02-04 15:31:33,440 INFO [Main] System Starting...
2026-02-04 15:31:33,441 INFO [Main] Config: Local Buffer = C:/Users/W00273/Downloads
2026-02-04 15:31:33,441 INFO [Main] Config: Remote Storage = D:\AutoPhote-main\Server_Storage
2026-02-04 15:31:34,454 INFO [CaptureService] Initializing 5 cameras... (Real Hardware: True)
2026-02-04 15:31:34,455 INFO [HikHardware] Connecting to Camera 1 (192.168.1.101)...
2026-02-04 15:31:35,928 ERROR [HikHardware] Camera 1 not found in device list.
2026-02-04 15:31:35,928 ERROR [CaptureService] Failed to connect to Camera 1
2026-02-04 15:31:35,929 INFO [HikHardware] Connecting to Camera 2 (192.168.1.102)...
2026-02-04 15:31:36,151 ERROR [HikHardware] Camera 2 not found in device list.
2026-02-04 15:31:36,151 ERROR [CaptureService] Failed to connect to Camera 2
2026-02-04 15:31:36,151 INFO [HikHardware] Connecting to Camera 3 (192.168.1.103)...
2026-02-04 15:31:36,371 ERROR [HikHardware] Camera 3 not found in device list.
2026-02-04 15:31:36,371 ERROR [CaptureService] Failed to connect to Camera 3
2026-02-04 15:31:36,371 INFO [HikHardware] Connecting to Camera 4 (192.168.1.104)...
2026-02-04 15:31:36,593 ERROR [HikHardware] Camera 4 not found in device list.
2026-02-04 15:31:36,593 ERROR [CaptureService] Failed to connect to Camera 4
2026-02-04 15:31:36,594 INFO [HikHardware] Connecting to Camera 5 (192.168.1.105)...
2026-02-04 15:31:36,813 ERROR [HikHardware] Camera 5 not found in device list.
2026-02-04 15:31:36,815 ERROR [CaptureService] Failed to connect to Camera 5
2026-02-04 15:31:36,815 INFO [CaptureService] All cameras initialized.
2026-02-04 15:31:36,815 INFO [CaptureService] Starting live preview for all cameras...
2026-02-04 15:31:36,818 INFO [UploadService] Upload Manager started.
2026-02-04 15:31:36,818 INFO [Main] UI Ready. Entering Main Loop.
2026-02-04 15:31:41,643 INFO [CaptureService] Stopping live preview...
